filepath,category
/content/stylemind-colab-prep/data/processed_dataset/Blazer/blazer001.jpg,Blazer
/content/stylemind-colab-prep/data/processed_dataset/Blazer/blazer002.jpg,Blazer
/content/stylemind-colab-prep/data/processed_dataset/Blazer/blazer003.jpg,Blazer
/content/stylemind-colab-prep/data/processed_dataset/Blazer/blazer004.jpg,Blazer
/content/stylemind-colab-prep/data/processed_dataset/Blazer/blazer005.jpg,Blazer
/content/stylemind-colab-prep/data/processed_dataset/Blazer/blazer006.jpg,Blazer
/content/stylemind-colab-prep/data/processed_dataset/Blazer/blazer007.jpg,Blazer
/content/stylemind-colab-prep/data/processed_dataset/Blazer/blazer008.jpg,Blazer
/content/stylemind-colab-prep/data/processed_dataset/Blazer/blazer009.jpg,Blazer
/content/stylemind-colab-prep/data/processed_dataset/Blazer/blazer010.jpg,Blazer
/content/stylemind-colab-prep/data/processed_dataset/Blazer/blazer011.jpg,Blazer
/content/stylemind-colab-prep/data/processed_dataset/Blazer/blazer012.jpg,Blazer
/content/stylemind-colab-prep/data/processed_dataset/Blazer/blazer013.jpg,Blazer
/content/stylemind-colab-prep/data/processed_dataset/Blazer/blazer014.jpg,Blazer
/content/stylemind-colab-prep/data/processed_dataset/Blazer/blazer015.jpg,Blazer
/content/stylemind-colab-prep/data/processed_dataset/Blazer/blazer016.jpg,Blazer
/content/stylemind-colab-prep/data/processed_dataset/Blazer/blazer017.jpg,Blazer
/content/stylemind-colab-prep/data/processed_dataset/Blazer/blazer018.jpg,Blazer
/content/stylemind-colab-prep/data/processed_dataset/Blazer/blazer019.jpg,Blazer
/content/stylemind-colab-prep/data/processed_dataset/Blazer/blazer020.jpg,Blazer
/content/stylemind-colab-prep/data/processed_dataset/Blazer/blazer021.jpg,Blazer
/content/stylemind-colab-prep/data/processed_dataset/Blazer/blazer022.jpg,Blazer
/content/stylemind-colab-prep/data/processed_dataset/Blazer/blazer023.jpg,Blazer
/content/stylemind-colab-prep/data/processed_dataset/Blazer/blazer024.jpg,Blazer
/content/stylemind-colab-prep/data/processed_dataset/Blazer/blazer025.jpg,Blazer
/content/stylemind-colab-prep/data/processed_dataset/Blazer/blazer026.jpg,Blazer
/content/stylemind-colab-prep/data/processed_dataset/Blazer/blazer027.jpg,Blazer
/content/stylemind-colab-prep/data/processed_dataset/Blazer/blazer028.jpg,Blazer
/content/stylemind-colab-prep/data/processed_dataset/Blazer/blazer029.jpg,Blazer
/content/stylemind-colab-prep/data/processed_dataset/Blazer/blazer030.jpg,Blazer
/content/stylemind-colab-prep/data/processed_dataset/Blazer/blazer031.jpg,Blazer
/content/stylemind-colab-prep/data/processed_dataset/Blazer/blazer032.jpg,Blazer
/content/stylemind-colab-prep/data/processed_dataset/Blazer/blazer033.jpg,Blazer
/content/stylemind-colab-prep/data/processed_dataset/Blazer/blazer034.jpg,Blazer
/content/stylemind-colab-prep/data/processed_dataset/Blazer/blazer035.jpg,Blazer
/content/stylemind-colab-prep/data/processed_dataset/Blazer/blazer036.jpg,Blazer
/content/stylemind-colab-prep/data/processed_dataset/Blazer/blazer037.jpg,Blazer
/content/stylemind-colab-prep/data/processed_dataset/Blazer/blazer038.jpg,Blazer
/content/stylemind-colab-prep/data/processed_dataset/Blazer/blazer039.jpg,Blazer
/content/stylemind-colab-prep/data/processed_dataset/Blazer/blazer040.jpg,Blazer
/content/stylemind-colab-prep/data/processed_dataset/Blazer/blazer041.jpg,Blazer
/content/stylemind-colab-prep/data/processed_dataset/Blazer/blazer042.jpg,Blazer
/content/stylemind-colab-prep/data/processed_dataset/Blazer/blazer043.jpg,Blazer
/content/stylemind-colab-prep/data/processed_dataset/Blazer/blazer044.jpg,Blazer
/content/stylemind-colab-prep/data/processed_dataset/Blazer/blazer045.jpg,Blazer
/content/stylemind-colab-prep/data/processed_dataset/Blazer/blazer046.jpg,Blazer
/content/stylemind-colab-prep/data/processed_dataset/Blazer/blazer047.jpg,Blazer
/content/stylemind-colab-prep/data/processed_dataset/Blazer/blazer048.jpg,Blazer
/content/stylemind-colab-prep/data/processed_dataset/Blazer/blazer049.jpg,Blazer
/content/stylemind-colab-prep/data/processed_dataset/Blazer/blazer050.jpg,Blazer
/content/stylemind-colab-prep/data/processed_dataset/Blazer/blazer051.jpg,Blazer
/content/stylemind-colab-prep/data/processed_dataset/Blazer/blazer052.jpg,Blazer
/content/stylemind-colab-prep/data/processed_dataset/Blazer/blazer053.jpg,Blazer
/content/stylemind-colab-prep/data/processed_dataset/Blazer/blazer054.jpg,Blazer
/content/stylemind-colab-prep/data/processed_dataset/Blazer/blazer055.jpg,Blazer
/content/stylemind-colab-prep/data/processed_dataset/Blazer/blazer056.jpg,Blazer
/content/stylemind-colab-prep/data/processed_dataset/Blazer/blazer057.jpg,Blazer
/content/stylemind-colab-prep/data/processed_dataset/Blazer/blazer058.jpg,Blazer
/content/stylemind-colab-prep/data/processed_dataset/Blazer/blazer059.jpg,Blazer
/content/stylemind-colab-prep/data/processed_dataset/Blazer/blazer060.jpg,Blazer
/content/stylemind-colab-prep/data/processed_dataset/Blazer/blazer061.jpg,Blazer
/content/stylemind-colab-prep/data/processed_dataset/Blazer/blazer062.jpg,Blazer
/content/stylemind-colab-prep/data/processed_dataset/Blazer/blazer063.jpg,Blazer
/content/stylemind-colab-prep/data/processed_dataset/Blazer/blazer064.jpg,Blazer
/content/stylemind-colab-prep/data/processed_dataset/Blazer/blazer065.jpg,Blazer
/content/stylemind-colab-prep/data/processed_dataset/Blazer/blazer066.jpg,Blazer
/content/stylemind-colab-prep/data/processed_dataset/Blazer/blazer067.jpg,Blazer
/content/stylemind-colab-prep/data/processed_dataset/Blazer/blazer068.jpg,Blazer
/content/stylemind-colab-prep/data/processed_dataset/Blazer/blazer069.jpg,Blazer
/content/stylemind-colab-prep/data/processed_dataset/Blazer/blazer070.jpg,Blazer
/content/stylemind-colab-prep/data/processed_dataset/Blazer/blazer071.jpg,Blazer
/content/stylemind-colab-prep/data/processed_dataset/Blazer/blazer072.jpg,Blazer
/content/stylemind-colab-prep/data/processed_dataset/Blazer/blazer073.jpg,Blazer
/content/stylemind-colab-prep/data/processed_dataset/Blazer/blazer074.jpg,Blazer
/content/stylemind-colab-prep/data/processed_dataset/Blazer/blazer075.jpg,Blazer
/content/stylemind-colab-prep/data/processed_dataset/Blazer/blazer076.jpg,Blazer
/content/stylemind-colab-prep/data/processed_dataset/Blazer/blazer077.jpg,Blazer
/content/stylemind-colab-prep/data/processed_dataset/Blazer/blazer078.jpg,Blazer
/content/stylemind-colab-prep/data/processed_dataset/Blazer/blazer079.jpg,Blazer
/content/stylemind-colab-prep/data/processed_dataset/Blazer/blazer080.jpg,Blazer
/content/stylemind-colab-prep/data/processed_dataset/Blazer/blazer081.jpg,Blazer
/content/stylemind-colab-prep/data/processed_dataset/Blazer/blazer082.jpg,Blazer
/content/stylemind-colab-prep/data/processed_dataset/Blazer/blazer083.jpg,Blazer
/content/stylemind-colab-prep/data/processed_dataset/Blazer/blazer084.jpg,Blazer
/content/stylemind-colab-prep/data/processed_dataset/Blazer/blazer085.jpg,Blazer
/content/stylemind-colab-prep/data/processed_dataset/Blazer/blazer086.jpg,Blazer
/content/stylemind-colab-prep/data/processed_dataset/Blazer/blazer087.jpg,Blazer
/content/stylemind-colab-prep/data/processed_dataset/Blazer/blazer088.jpg,Blazer
/content/stylemind-colab-prep/data/processed_dataset/Blazer/blazer089.jpg,Blazer
/content/stylemind-colab-prep/data/processed_dataset/Blazer/blazer090.jpg,Blazer
/content/stylemind-colab-prep/data/processed_dataset/Blazer/blazer091.jpg,Blazer
/content/stylemind-colab-prep/data/processed_dataset/Blazer/blazer092.jpg,Blazer
/content/stylemind-colab-prep/data/processed_dataset/Blazer/blazer093.jpg,Blazer
/content/stylemind-colab-prep/data/processed_dataset/Blazer/blazer094.jpg,Blazer
/content/stylemind-colab-prep/data/processed_dataset/Blazer/blazer095.jpg,Blazer
/content/stylemind-colab-prep/data/processed_dataset/Blazer/blazer096.jpg,Blazer
/content/stylemind-colab-prep/data/processed_dataset/Blazer/blazer097.jpg,Blazer
/content/stylemind-colab-prep/data/processed_dataset/Blazer/blazer098.jpg,Blazer
/content/stylemind-colab-prep/data/processed_dataset/Blazer/blazer099.jpg,Blazer
/content/stylemind-colab-prep/data/processed_dataset/Blazer/blazer100.jpg,Blazer
/content/stylemind-colab-prep/data/processed_dataset/Blazer/blazer101.jpg,Blazer
/content/stylemind-colab-prep/data/processed_dataset/Blazer/blazer102.jpg,Blazer
/content/stylemind-colab-prep/data/processed_dataset/Blazer/blazer103.jpg,Blazer
/content/stylemind-colab-prep/data/processed_dataset/Blazer/blazer104.jpg,Blazer
/content/stylemind-colab-prep/data/processed_dataset/Blazer/blazer105.jpg,Blazer
/content/stylemind-colab-prep/data/processed_dataset/Blazer/blazer106.jpg,Blazer
/content/stylemind-colab-prep/data/processed_dataset/Blazer/blazer107.jpg,Blazer
/content/stylemind-colab-prep/data/processed_dataset/Blazer/blazer108.jpg,Blazer
/content/stylemind-colab-prep/data/processed_dataset/Blazer/blazer109.jpg,Blazer
/content/stylemind-colab-prep/data/processed_dataset/Blazer/blazer110.jpg,Blazer
/content/stylemind-colab-prep/data/processed_dataset/Blazer/blazer111.jpg,Blazer
/content/stylemind-colab-prep/data/processed_dataset/Blazer/blazer112.jpg,Blazer
/content/stylemind-colab-prep/data/processed_dataset/Blazer/blazer113.jpg,Blazer
/content/stylemind-colab-prep/data/processed_dataset/Blazer/blazer114.jpg,Blazer
/content/stylemind-colab-prep/data/processed_dataset/Blazer/blazer115.jpg,Blazer
/content/stylemind-colab-prep/data/processed_dataset/Blazer/blazer116.jpg,Blazer
/content/stylemind-colab-prep/data/processed_dataset/Blazer/blazer117.jpg,Blazer
/content/stylemind-colab-prep/data/processed_dataset/Blazer/blazer118.jpg,Blazer
/content/stylemind-colab-prep/data/processed_dataset/Blazer/blazer119.jpg,Blazer
/content/stylemind-colab-prep/data/processed_dataset/Blazer/blazer120.jpg,Blazer
/content/stylemind-colab-prep/data/processed_dataset/Blazer/blazer121.jpg,Blazer
/content/stylemind-colab-prep/data/processed_dataset/Blazer/blazer122.jpg,Blazer
/content/stylemind-colab-prep/data/processed_dataset/Blazer/blazer123.jpg,Blazer
/content/stylemind-colab-prep/data/processed_dataset/Blazer/blazer124.jpg,Blazer
/content/stylemind-colab-prep/data/processed_dataset/Blazer/blazer125.jpg,Blazer
/content/stylemind-colab-prep/data/processed_dataset/Blazer/blazer126.jpg,Blazer
/content/stylemind-colab-prep/data/processed_dataset/Blazer/blazer127.jpg,Blazer
/content/stylemind-colab-prep/data/processed_dataset/Blazer/blazer128.jpg,Blazer
/content/stylemind-colab-prep/data/processed_dataset/Blazer/blazer129.jpg,Blazer
/content/stylemind-colab-prep/data/processed_dataset/Blazer/blazer130.jpg,Blazer
/content/stylemind-colab-prep/data/processed_dataset/Blazer/blazer131.jpg,Blazer
/content/stylemind-colab-prep/data/processed_dataset/Blazer/blazer132.jpg,Blazer
/content/stylemind-colab-prep/data/processed_dataset/Blazer/blazer133.jpg,Blazer
/content/stylemind-colab-prep/data/processed_dataset/Blazer/blazer134.jpg,Blazer
/content/stylemind-colab-prep/data/processed_dataset/Blazer/blazer135.jpg,Blazer
/content/stylemind-colab-prep/data/processed_dataset/Blazer/blazer136.jpg,Blazer
/content/stylemind-colab-prep/data/processed_dataset/Blazer/blazer137.jpg,Blazer
/content/stylemind-colab-prep/data/processed_dataset/Blazer/blazer138.jpg,Blazer
/content/stylemind-colab-prep/data/processed_dataset/Blazer/blazer139.jpg,Blazer
/content/stylemind-colab-prep/data/processed_dataset/Blazer/blazer140.jpg,Blazer
/content/stylemind-colab-prep/data/processed_dataset/Blazer/blazer141.jpg,Blazer
/content/stylemind-colab-prep/data/processed_dataset/Blazer/blazer142.jpg,Blazer
/content/stylemind-colab-prep/data/processed_dataset/Blazer/blazer143.jpg,Blazer
/content/stylemind-colab-prep/data/processed_dataset/Blazer/blazer144.jpg,Blazer
/content/stylemind-colab-prep/data/processed_dataset/Blazer/blazer145.jpg,Blazer
/content/stylemind-colab-prep/data/processed_dataset/Blazer/blazer146.jpg,Blazer
/content/stylemind-colab-prep/data/processed_dataset/Blazer/blazer147.jpg,Blazer
/content/stylemind-colab-prep/data/processed_dataset/Blazer/blazer148.jpg,Blazer
/content/stylemind-colab-prep/data/processed_dataset/Blazer/blazer149.jpg,Blazer
/content/stylemind-colab-prep/data/processed_dataset/Blazer/blazer150.jpg,Blazer
/content/stylemind-colab-prep/data/processed_dataset/Blazer/blazer151.jpg,Blazer
/content/stylemind-colab-prep/data/processed_dataset/Blazer/blazer152.jpg,Blazer
/content/stylemind-colab-prep/data/processed_dataset/Blazer/blazer153.jpg,Blazer
/content/stylemind-colab-prep/data/processed_dataset/Blazer/blazer154.jpg,Blazer
/content/stylemind-colab-prep/data/processed_dataset/Blazer/blazer155.jpg,Blazer
/content/stylemind-colab-prep/data/processed_dataset/Blazer/blazer156.jpg,Blazer
/content/stylemind-colab-prep/data/processed_dataset/Blazer/blazer157.jpg,Blazer
/content/stylemind-colab-prep/data/processed_dataset/Blazer/blazer158.jpg,Blazer
/content/stylemind-colab-prep/data/processed_dataset/Blazer/blazer159.jpg,Blazer
/content/stylemind-colab-prep/data/processed_dataset/Blazer/blazer160.jpg,Blazer
/content/stylemind-colab-prep/data/processed_dataset/Blazer/blazer161.jpg,Blazer
/content/stylemind-colab-prep/data/processed_dataset/Blazer/blazer162.jpg,Blazer
/content/stylemind-colab-prep/data/processed_dataset/Blazer/blazer163.jpg,Blazer
/content/stylemind-colab-prep/data/processed_dataset/Blazer/blazer164.jpg,Blazer
/content/stylemind-colab-prep/data/processed_dataset/Blazer/blazer165.jpg,Blazer
/content/stylemind-colab-prep/data/processed_dataset/Blazer/blazer166.jpg,Blazer
/content/stylemind-colab-prep/data/processed_dataset/Blazer/blazer167.jpg,Blazer
/content/stylemind-colab-prep/data/processed_dataset/Blazer/blazer168.jpg,Blazer
/content/stylemind-colab-prep/data/processed_dataset/Blazer/blazer169.jpg,Blazer
/content/stylemind-colab-prep/data/processed_dataset/Blazer/blazer170.jpg,Blazer
/content/stylemind-colab-prep/data/processed_dataset/Blazer/blazer171.jpg,Blazer
/content/stylemind-colab-prep/data/processed_dataset/Blazer/blazer172.jpg,Blazer
/content/stylemind-colab-prep/data/processed_dataset/Blazer/blazer173.jpg,Blazer
/content/stylemind-colab-prep/data/processed_dataset/Blazer/blazer174.jpg,Blazer
/content/stylemind-colab-prep/data/processed_dataset/Blazer/blazer175.jpg,Blazer
/content/stylemind-colab-prep/data/processed_dataset/Blazer/blazer176.jpg,Blazer
/content/stylemind-colab-prep/data/processed_dataset/Blazer/blazer177.jpg,Blazer
/content/stylemind-colab-prep/data/processed_dataset/Blazer/blazer178.jpg,Blazer
/content/stylemind-colab-prep/data/processed_dataset/Blazer/blazer179.jpg,Blazer
/content/stylemind-colab-prep/data/processed_dataset/Blazer/blazer180.jpg,Blazer
/content/stylemind-colab-prep/data/processed_dataset/Blazer/blazer181.jpg,Blazer
/content/stylemind-colab-prep/data/processed_dataset/Blazer/blazer182.jpg,Blazer
/content/stylemind-colab-prep/data/processed_dataset/Blazer/blazer183.jpg,Blazer
/content/stylemind-colab-prep/data/processed_dataset/Blazer/blazer184.jpg,Blazer
/content/stylemind-colab-prep/data/processed_dataset/Blazer/blazer185.jpg,Blazer
/content/stylemind-colab-prep/data/processed_dataset/Blazer/blazer186.jpg,Blazer
/content/stylemind-colab-prep/data/processed_dataset/Blazer/blazer187.jpg,Blazer
/content/stylemind-colab-prep/data/processed_dataset/Blazer/blazer188.jpg,Blazer
/content/stylemind-colab-prep/data/processed_dataset/Blazer/blazer189.jpg,Blazer
/content/stylemind-colab-prep/data/processed_dataset/Blazer/blazer190.jpg,Blazer
/content/stylemind-colab-prep/data/processed_dataset/Blazer/blazer191.jpg,Blazer
/content/stylemind-colab-prep/data/processed_dataset/Blazer/blazer192.jpg,Blazer
/content/stylemind-colab-prep/data/processed_dataset/Blazer/blazer193.jpg,Blazer
/content/stylemind-colab-prep/data/processed_dataset/Blazer/blazer194.jpg,Blazer
/content/stylemind-colab-prep/data/processed_dataset/Blazer/blazer195.jpg,Blazer
/content/stylemind-colab-prep/data/processed_dataset/Blazer/blazer196.jpg,Blazer
/content/stylemind-colab-prep/data/processed_dataset/Blazer/blazer197.jpg,Blazer
/content/stylemind-colab-prep/data/processed_dataset/Blazer/blazer198.jpg,Blazer
/content/stylemind-colab-prep/data/processed_dataset/Blazer/blazer199.jpg,Blazer
/content/stylemind-colab-prep/data/processed_dataset/Blazer/blazer200.jpg,Blazer
/content/stylemind-colab-prep/data/processed_dataset/Blazer/blazer201.jpg,Blazer
/content/stylemind-colab-prep/data/processed_dataset/Blazer/blazer202.jpg,Blazer
/content/stylemind-colab-prep/data/processed_dataset/Blazer/blazer203.jpg,Blazer
/content/stylemind-colab-prep/data/processed_dataset/Blazer/blazer204.jpg,Blazer
/content/stylemind-colab-prep/data/processed_dataset/Blazer/blazer205.jpg,Blazer
/content/stylemind-colab-prep/data/processed_dataset/Blazer/blazer206.jpg,Blazer
/content/stylemind-colab-prep/data/processed_dataset/Blazer/blazer207.jpg,Blazer
/content/stylemind-colab-prep/data/processed_dataset/Blazer/blazer208.jpg,Blazer
/content/stylemind-colab-prep/data/processed_dataset/Blazer/blazer209.jpg,Blazer
/content/stylemind-colab-prep/data/processed_dataset/Blazer/blazer210.jpg,Blazer
/content/stylemind-colab-prep/data/processed_dataset/Blazer/blazer211.jpg,Blazer
/content/stylemind-colab-prep/data/processed_dataset/Blazer/blazer212.jpg,Blazer
/content/stylemind-colab-prep/data/processed_dataset/Blazer/blazer213.jpg,Blazer
/content/stylemind-colab-prep/data/processed_dataset/Blazer/blazer214.jpg,Blazer
/content/stylemind-colab-prep/data/processed_dataset/Blazer/blazer215.jpg,Blazer
/content/stylemind-colab-prep/data/processed_dataset/Blazer/blazer216.jpg,Blazer
/content/stylemind-colab-prep/data/processed_dataset/Blazer/blazer217.jpg,Blazer
/content/stylemind-colab-prep/data/processed_dataset/Blazer/blazer218.jpg,Blazer
/content/stylemind-colab-prep/data/processed_dataset/Blazer/blazer219.jpg,Blazer
/content/stylemind-colab-prep/data/processed_dataset/Blazer/blazer220.jpg,Blazer
/content/stylemind-colab-prep/data/processed_dataset/Blazer/blazer221.jpg,Blazer
/content/stylemind-colab-prep/data/processed_dataset/Blazer/blazer222.jpg,Blazer
/content/stylemind-colab-prep/data/processed_dataset/Blazer/blazer223.jpg,Blazer
/content/stylemind-colab-prep/data/processed_dataset/Blazer/blazer224.jpg,Blazer
/content/stylemind-colab-prep/data/processed_dataset/Blazer/blazer225.jpg,Blazer
/content/stylemind-colab-prep/data/processed_dataset/Blazer/blazer226.jpg,Blazer
/content/stylemind-colab-prep/data/processed_dataset/Blazer/blazer227.jpg,Blazer
/content/stylemind-colab-prep/data/processed_dataset/Blazer/blazer228.jpg,Blazer
/content/stylemind-colab-prep/data/processed_dataset/Blazer/blazer229.jpg,Blazer
/content/stylemind-colab-prep/data/processed_dataset/Blazer/blazer230.jpg,Blazer
/content/stylemind-colab-prep/data/processed_dataset/Blazer/blazer231.jpg,Blazer
/content/stylemind-colab-prep/data/processed_dataset/Blazer/blazer232.jpg,Blazer
/content/stylemind-colab-prep/data/processed_dataset/Blazer/blazer233.jpg,Blazer
/content/stylemind-colab-prep/data/processed_dataset/Blazer/blazer234.jpg,Blazer
/content/stylemind-colab-prep/data/processed_dataset/Blazer/blazer235.jpg,Blazer
/content/stylemind-colab-prep/data/processed_dataset/Blazer/blazer236.jpg,Blazer
/content/stylemind-colab-prep/data/processed_dataset/Blazer/blazer237.jpg,Blazer
/content/stylemind-colab-prep/data/processed_dataset/Blazer/blazer238.jpg,Blazer
/content/stylemind-colab-prep/data/processed_dataset/Blazer/blazer239.jpg,Blazer
/content/stylemind-colab-prep/data/processed_dataset/Blazer/blazer240.jpg,Blazer
/content/stylemind-colab-prep/data/processed_dataset/Blazer/blazer241.jpg,Blazer
/content/stylemind-colab-prep/data/processed_dataset/Blazer/blazer242.jpg,Blazer
/content/stylemind-colab-prep/data/processed_dataset/Blazer/blazer243.jpg,Blazer
/content/stylemind-colab-prep/data/processed_dataset/Blazer/blazer244.jpg,Blazer
/content/stylemind-colab-prep/data/processed_dataset/Blazer/blazer245.jpg,Blazer
/content/stylemind-colab-prep/data/processed_dataset/Blazer/blazer246.jpg,Blazer
/content/stylemind-colab-prep/data/processed_dataset/Blazer/blazer247.jpg,Blazer
/content/stylemind-colab-prep/data/processed_dataset/Blazer/blazer248.jpg,Blazer
/content/stylemind-colab-prep/data/processed_dataset/Blazer/blazer249.jpg,Blazer
/content/stylemind-colab-prep/data/processed_dataset/Blazer/blazer250.jpg,Blazer
/content/stylemind-colab-prep/data/processed_dataset/Blazer/blazer251.jpg,Blazer
/content/stylemind-colab-prep/data/processed_dataset/Blazer/blazer252.jpg,Blazer
/content/stylemind-colab-prep/data/processed_dataset/Blazer/blazer253.jpg,Blazer
/content/stylemind-colab-prep/data/processed_dataset/Blazer/blazer254.jpg,Blazer
/content/stylemind-colab-prep/data/processed_dataset/Blazer/blazer255.jpg,Blazer
/content/stylemind-colab-prep/data/processed_dataset/Blazer/blazer256.jpg,Blazer
/content/stylemind-colab-prep/data/processed_dataset/Blazer/blazer257.jpg,Blazer
/content/stylemind-colab-prep/data/processed_dataset/Blazer/blazer258.jpg,Blazer
/content/stylemind-colab-prep/data/processed_dataset/Blazer/blazer259.jpg,Blazer
/content/stylemind-colab-prep/data/processed_dataset/Blazer/blazer260.jpg,Blazer
/content/stylemind-colab-prep/data/processed_dataset/Blazer/blazer261.jpg,Blazer
/content/stylemind-colab-prep/data/processed_dataset/Blazer/blazer262.jpg,Blazer
/content/stylemind-colab-prep/data/processed_dataset/Blazer/blazer263.jpg,Blazer
/content/stylemind-colab-prep/data/processed_dataset/Blazer/blazer264.jpg,Blazer
/content/stylemind-colab-prep/data/processed_dataset/Blazer/blazer265.jpg,Blazer
/content/stylemind-colab-prep/data/processed_dataset/Blazer/blazer266.jpg,Blazer
/content/stylemind-colab-prep/data/processed_dataset/Blazer/blazer267.jpg,Blazer
/content/stylemind-colab-prep/data/processed_dataset/Blazer/blazer268.jpg,Blazer
/content/stylemind-colab-prep/data/processed_dataset/Blazer/blazer269.jpg,Blazer
/content/stylemind-colab-prep/data/processed_dataset/Blazer/blazer270.jpg,Blazer
/content/stylemind-colab-prep/data/processed_dataset/Blazer/blazer271.jpg,Blazer
/content/stylemind-colab-prep/data/processed_dataset/Blazer/blazer272.jpg,Blazer
/content/stylemind-colab-prep/data/processed_dataset/Blazer/blazer273.jpg,Blazer
/content/stylemind-colab-prep/data/processed_dataset/Blazer/blazer274.jpg,Blazer
/content/stylemind-colab-prep/data/processed_dataset/Blazer/blazer275.jpg,Blazer
/content/stylemind-colab-prep/data/processed_dataset/Blazer/blazer276.jpg,Blazer
/content/stylemind-colab-prep/data/processed_dataset/Blazer/blazer277.jpg,Blazer
/content/stylemind-colab-prep/data/processed_dataset/Blazer/blazer278.jpg,Blazer
/content/stylemind-colab-prep/data/processed_dataset/Blazer/blazer279.jpg,Blazer
/content/stylemind-colab-prep/data/processed_dataset/Blazer/blazer280.jpg,Blazer
/content/stylemind-colab-prep/data/processed_dataset/Blazer/blazer281.jpg,Blazer
/content/stylemind-colab-prep/data/processed_dataset/Blazer/blazer282.jpg,Blazer
/content/stylemind-colab-prep/data/processed_dataset/Blazer/blazer283.jpg,Blazer
/content/stylemind-colab-prep/data/processed_dataset/Blazer/blazer284.jpg,Blazer
/content/stylemind-colab-prep/data/processed_dataset/Blazer/blazer285.jpg,Blazer
/content/stylemind-colab-prep/data/processed_dataset/Blazer/blazer286.jpg,Blazer
/content/stylemind-colab-prep/data/processed_dataset/Blazer/blazer287.jpg,Blazer
/content/stylemind-colab-prep/data/processed_dataset/Blazer/blazer288.jpg,Blazer
/content/stylemind-colab-prep/data/processed_dataset/Blazer/blazer289.jpg,Blazer
/content/stylemind-colab-prep/data/processed_dataset/Blazer/blazer290.jpg,Blazer
/content/stylemind-colab-prep/data/processed_dataset/Blazer/blazer291.jpg,Blazer
/content/stylemind-colab-prep/data/processed_dataset/Blazer/blazer292.jpg,Blazer
/content/stylemind-colab-prep/data/processed_dataset/Blazer/blazer293.jpg,Blazer
/content/stylemind-colab-prep/data/processed_dataset/Blazer/blazer294.jpg,Blazer
/content/stylemind-colab-prep/data/processed_dataset/Blazer/blazer295.jpg,Blazer
/content/stylemind-colab-prep/data/processed_dataset/Blazer/blazer296.jpg,Blazer
/content/stylemind-colab-prep/data/processed_dataset/Blazer/blazer297.jpg,Blazer
/content/stylemind-colab-prep/data/processed_dataset/Blazer/blazer298.jpg,Blazer
/content/stylemind-colab-prep/data/processed_dataset/Blazer/blazer299.jpg,Blazer
/content/stylemind-colab-prep/data/processed_dataset/Blazer/blazer300.jpg,Blazer
/content/stylemind-colab-prep/data/processed_dataset/Blazer/blazer301.jpg,Blazer
/content/stylemind-colab-prep/data/processed_dataset/Blazer/blazer302.jpg,Blazer
/content/stylemind-colab-prep/data/processed_dataset/Blazer/blazer303.jpg,Blazer
/content/stylemind-colab-prep/data/processed_dataset/Blazer/blazer304.jpg,Blazer
/content/stylemind-colab-prep/data/processed_dataset/Blazer/blazer305.jpg,Blazer
/content/stylemind-colab-prep/data/processed_dataset/Blazer/blazer306.jpg,Blazer
/content/stylemind-colab-prep/data/processed_dataset/Blazer/blazer307.jpg,Blazer
/content/stylemind-colab-prep/data/processed_dataset/Blazer/blazer308.jpg,Blazer
/content/stylemind-colab-prep/data/processed_dataset/Blazer/blazer309.jpg,Blazer
/content/stylemind-colab-prep/data/processed_dataset/Blazer/blazer310.jpg,Blazer
/content/stylemind-colab-prep/data/processed_dataset/Blazer/blazer311.jpg,Blazer
/content/stylemind-colab-prep/data/processed_dataset/Blazer/blazer312.jpg,Blazer
/content/stylemind-colab-prep/data/processed_dataset/Blazer/blazer313.jpg,Blazer
/content/stylemind-colab-prep/data/processed_dataset/Blazer/blazer314.jpg,Blazer
/content/stylemind-colab-prep/data/processed_dataset/Blazer/blazer315.jpg,Blazer
/content/stylemind-colab-prep/data/processed_dataset/Blazer/blazer316.jpg,Blazer
/content/stylemind-colab-prep/data/processed_dataset/Blazer/blazer317.jpg,Blazer
/content/stylemind-colab-prep/data/processed_dataset/Blazer/blazer318.jpg,Blazer
/content/stylemind-colab-prep/data/processed_dataset/Blazer/blazer319.jpg,Blazer
/content/stylemind-colab-prep/data/processed_dataset/Blazer/blazer320.jpg,Blazer
/content/stylemind-colab-prep/data/processed_dataset/Blazer/blazer321.jpg,Blazer
/content/stylemind-colab-prep/data/processed_dataset/Blazer/blazer322.jpg,Blazer
/content/stylemind-colab-prep/data/processed_dataset/Blazer/blazer323.jpg,Blazer
/content/stylemind-colab-prep/data/processed_dataset/Blazer/blazer324.jpg,Blazer
/content/stylemind-colab-prep/data/processed_dataset/Blazer/blazer325.jpg,Blazer
/content/stylemind-colab-prep/data/processed_dataset/Blazer/blazer326.jpg,Blazer
/content/stylemind-colab-prep/data/processed_dataset/Blazer/blazer327.jpg,Blazer
/content/stylemind-colab-prep/data/processed_dataset/Blazer/blazer328.jpg,Blazer
/content/stylemind-colab-prep/data/processed_dataset/Blazer/blazer329.jpg,Blazer
/content/stylemind-colab-prep/data/processed_dataset/Blazer/blazer330.jpg,Blazer
/content/stylemind-colab-prep/data/processed_dataset/Blazer/blazer331.jpg,Blazer
/content/stylemind-colab-prep/data/processed_dataset/Blazer/blazer332.jpg,Blazer
/content/stylemind-colab-prep/data/processed_dataset/Blazer/blazer333.jpg,Blazer
/content/stylemind-colab-prep/data/processed_dataset/Blazer/blazer334.jpg,Blazer
/content/stylemind-colab-prep/data/processed_dataset/Blazer/blazer335.jpg,Blazer
/content/stylemind-colab-prep/data/processed_dataset/Blazer/blazer336.jpg,Blazer
/content/stylemind-colab-prep/data/processed_dataset/Blazer/blazer337.jpg,Blazer
/content/stylemind-colab-prep/data/processed_dataset/Blazer/blazer338.jpg,Blazer
/content/stylemind-colab-prep/data/processed_dataset/Blazer/blazer339.jpg,Blazer
/content/stylemind-colab-prep/data/processed_dataset/Blazer/blazer340.jpg,Blazer
/content/stylemind-colab-prep/data/processed_dataset/Blazer/blazer341.jpg,Blazer
/content/stylemind-colab-prep/data/processed_dataset/Blazer/blazer342.jpg,Blazer
/content/stylemind-colab-prep/data/processed_dataset/Blazer/blazer343.jpg,Blazer
/content/stylemind-colab-prep/data/processed_dataset/Blazer/blazer344.jpg,Blazer
/content/stylemind-colab-prep/data/processed_dataset/Blazer/blazer345.jpg,Blazer
/content/stylemind-colab-prep/data/processed_dataset/Blazer/blazer346.jpg,Blazer
/content/stylemind-colab-prep/data/processed_dataset/Blazer/blazer347.jpg,Blazer
/content/stylemind-colab-prep/data/processed_dataset/Blazer/blazer348.jpg,Blazer
/content/stylemind-colab-prep/data/processed_dataset/Blazer/blazer349.jpg,Blazer
/content/stylemind-colab-prep/data/processed_dataset/Blazer/blazer350.jpg,Blazer
/content/stylemind-colab-prep/data/processed_dataset/Blazer/blazer351.jpg,Blazer
/content/stylemind-colab-prep/data/processed_dataset/Blazer/blazer352.jpg,Blazer
/content/stylemind-colab-prep/data/processed_dataset/Blazer/blazer353.jpg,Blazer
/content/stylemind-colab-prep/data/processed_dataset/Blazer/blazer354.jpg,Blazer
/content/stylemind-colab-prep/data/processed_dataset/Blazer/blazer355.jpg,Blazer
/content/stylemind-colab-prep/data/processed_dataset/Blazer/blazer356.jpg,Blazer
/content/stylemind-colab-prep/data/processed_dataset/Blazer/blazer357.jpg,Blazer
/content/stylemind-colab-prep/data/processed_dataset/Blazer/blazer358.jpg,Blazer
/content/stylemind-colab-prep/data/processed_dataset/Blazer/blazer359.jpg,Blazer
/content/stylemind-colab-prep/data/processed_dataset/Blazer/blazer360.jpg,Blazer
/content/stylemind-colab-prep/data/processed_dataset/Blazer/blazer361.jpg,Blazer
/content/stylemind-colab-prep/data/processed_dataset/Blazer/blazer362.jpg,Blazer
/content/stylemind-colab-prep/data/processed_dataset/Blazer/blazer363.jpg,Blazer
/content/stylemind-colab-prep/data/processed_dataset/Blazer/blazer364.jpg,Blazer
/content/stylemind-colab-prep/data/processed_dataset/Blazer/blazer365.jpg,Blazer
/content/stylemind-colab-prep/data/processed_dataset/Blazer/blazer366.jpg,Blazer
/content/stylemind-colab-prep/data/processed_dataset/Blazer/blazer367.jpg,Blazer
/content/stylemind-colab-prep/data/processed_dataset/Blazer/blazer368.jpg,Blazer
/content/stylemind-colab-prep/data/processed_dataset/Blazer/blazer369.jpg,Blazer
/content/stylemind-colab-prep/data/processed_dataset/Blazer/blazer370.jpg,Blazer
/content/stylemind-colab-prep/data/processed_dataset/Blazer/blazer371.jpg,Blazer
/content/stylemind-colab-prep/data/processed_dataset/Blazer/blazer372.jpg,Blazer
/content/stylemind-colab-prep/data/processed_dataset/Blazer/blazer373.jpg,Blazer
/content/stylemind-colab-prep/data/processed_dataset/Blazer/blazer374.jpg,Blazer
/content/stylemind-colab-prep/data/processed_dataset/Blazer/blazer375.jpg,Blazer
/content/stylemind-colab-prep/data/processed_dataset/Blazer/blazer376.jpg,Blazer
/content/stylemind-colab-prep/data/processed_dataset/Blazer/blazer377.jpg,Blazer
/content/stylemind-colab-prep/data/processed_dataset/Blazer/blazer378.jpg,Blazer
/content/stylemind-colab-prep/data/processed_dataset/Blazer/blazer379.jpg,Blazer
/content/stylemind-colab-prep/data/processed_dataset/Blazer/blazer380.jpg,Blazer
/content/stylemind-colab-prep/data/processed_dataset/Blazer/blazer381.jpg,Blazer
/content/stylemind-colab-prep/data/processed_dataset/Blazer/blazer382.jpg,Blazer
/content/stylemind-colab-prep/data/processed_dataset/Blazer/blazer383.jpg,Blazer
/content/stylemind-colab-prep/data/processed_dataset/Blazer/blazer384.jpg,Blazer
/content/stylemind-colab-prep/data/processed_dataset/Blazer/blazer385.jpg,Blazer
/content/stylemind-colab-prep/data/processed_dataset/Blazer/blazer386.jpg,Blazer
/content/stylemind-colab-prep/data/processed_dataset/Blazer/blazer387.jpg,Blazer
/content/stylemind-colab-prep/data/processed_dataset/Blazer/blazer388.jpg,Blazer
/content/stylemind-colab-prep/data/processed_dataset/Blazer/blazer389.jpg,Blazer
/content/stylemind-colab-prep/data/processed_dataset/Blazer/blazer390.jpg,Blazer
/content/stylemind-colab-prep/data/processed_dataset/Blazer/blazer391.jpg,Blazer
/content/stylemind-colab-prep/data/processed_dataset/Blazer/blazer392.jpg,Blazer
/content/stylemind-colab-prep/data/processed_dataset/Blazer/blazer393.jpg,Blazer
/content/stylemind-colab-prep/data/processed_dataset/Blazer/blazer394.jpg,Blazer
/content/stylemind-colab-prep/data/processed_dataset/Blazer/blazer395.jpg,Blazer
/content/stylemind-colab-prep/data/processed_dataset/Blazer/blazer396.jpg,Blazer
/content/stylemind-colab-prep/data/processed_dataset/Blazer/blazer397.jpg,Blazer
/content/stylemind-colab-prep/data/processed_dataset/Blazer/blazer398.jpg,Blazer
/content/stylemind-colab-prep/data/processed_dataset/Blazer/blazer399.jpg,Blazer
/content/stylemind-colab-prep/data/processed_dataset/Blazer/blazer400.jpg,Blazer
/content/stylemind-colab-prep/data/processed_dataset/Blazer/blazer401.jpg,Blazer
/content/stylemind-colab-prep/data/processed_dataset/Blazer/blazer402.jpg,Blazer
/content/stylemind-colab-prep/data/processed_dataset/Blazer/blazer403.jpg,Blazer
/content/stylemind-colab-prep/data/processed_dataset/Blazer/blazer404.jpg,Blazer
/content/stylemind-colab-prep/data/processed_dataset/Blazer/blazer405.jpg,Blazer
/content/stylemind-colab-prep/data/processed_dataset/Blazer/blazer406.jpg,Blazer
/content/stylemind-colab-prep/data/processed_dataset/Blazer/blazer407.jpg,Blazer
/content/stylemind-colab-prep/data/processed_dataset/Blazer/blazer408.jpg,Blazer
/content/stylemind-colab-prep/data/processed_dataset/Blazer/blazer409.jpg,Blazer
/content/stylemind-colab-prep/data/processed_dataset/Blazer/blazer410.jpg,Blazer
/content/stylemind-colab-prep/data/processed_dataset/Blazer/blazer411.jpg,Blazer
/content/stylemind-colab-prep/data/processed_dataset/Blazer/blazer412.jpg,Blazer
/content/stylemind-colab-prep/data/processed_dataset/Blazer/blazer413.jpg,Blazer
/content/stylemind-colab-prep/data/processed_dataset/Blazer/blazer414.jpg,Blazer
/content/stylemind-colab-prep/data/processed_dataset/Blazer/blazer415.jpg,Blazer
/content/stylemind-colab-prep/data/processed_dataset/Blazer/blazer416.jpg,Blazer
/content/stylemind-colab-prep/data/processed_dataset/Blazer/blazer417.jpg,Blazer
/content/stylemind-colab-prep/data/processed_dataset/Blazer/blazer418.jpg,Blazer
/content/stylemind-colab-prep/data/processed_dataset/Blazer/blazer419.jpg,Blazer
/content/stylemind-colab-prep/data/processed_dataset/Blazer/blazer420.jpg,Blazer
/content/stylemind-colab-prep/data/processed_dataset/Blazer/blazer421.jpg,Blazer
/content/stylemind-colab-prep/data/processed_dataset/Blazer/blazer422.jpg,Blazer
/content/stylemind-colab-prep/data/processed_dataset/Blazer/blazer423.jpg,Blazer
/content/stylemind-colab-prep/data/processed_dataset/Blazer/blazer424.jpg,Blazer
/content/stylemind-colab-prep/data/processed_dataset/Blazer/blazer425.jpg,Blazer
/content/stylemind-colab-prep/data/processed_dataset/Blazer/blazer426.jpg,Blazer
/content/stylemind-colab-prep/data/processed_dataset/Blazer/blazer427.jpg,Blazer
/content/stylemind-colab-prep/data/processed_dataset/Blazer/blazer428.jpg,Blazer
/content/stylemind-colab-prep/data/processed_dataset/Blazer/blazer429.jpg,Blazer
/content/stylemind-colab-prep/data/processed_dataset/Blazer/blazer430.jpg,Blazer
/content/stylemind-colab-prep/data/processed_dataset/Blazer/blazer431.jpg,Blazer
/content/stylemind-colab-prep/data/processed_dataset/Blazer/blazer432.jpg,Blazer
/content/stylemind-colab-prep/data/processed_dataset/Blazer/blazer433.jpg,Blazer
/content/stylemind-colab-prep/data/processed_dataset/Blazer/blazer434.jpg,Blazer
/content/stylemind-colab-prep/data/processed_dataset/Blazer/blazer435.jpg,Blazer
/content/stylemind-colab-prep/data/processed_dataset/Blazer/blazer436.jpg,Blazer
/content/stylemind-colab-prep/data/processed_dataset/Blazer/blazer437.jpg,Blazer
/content/stylemind-colab-prep/data/processed_dataset/Blazer/blazer438.jpg,Blazer
/content/stylemind-colab-prep/data/processed_dataset/Blazer/blazer439.jpg,Blazer
/content/stylemind-colab-prep/data/processed_dataset/Blazer/blazer440.jpg,Blazer
/content/stylemind-colab-prep/data/processed_dataset/Blazer/blazer441.jpg,Blazer
/content/stylemind-colab-prep/data/processed_dataset/Blazer/blazer442.jpg,Blazer
/content/stylemind-colab-prep/data/processed_dataset/Blazer/blazer443.jpg,Blazer
/content/stylemind-colab-prep/data/processed_dataset/Blazer/blazer444.jpg,Blazer
/content/stylemind-colab-prep/data/processed_dataset/Blazer/blazer445.jpg,Blazer
/content/stylemind-colab-prep/data/processed_dataset/Blazer/blazer446.jpg,Blazer
/content/stylemind-colab-prep/data/processed_dataset/Blazer/blazer447.jpg,Blazer
/content/stylemind-colab-prep/data/processed_dataset/Blazer/blazer448.jpg,Blazer
/content/stylemind-colab-prep/data/processed_dataset/Blazer/blazer449.jpg,Blazer
/content/stylemind-colab-prep/data/processed_dataset/Blazer/blazer450.jpg,Blazer
/content/stylemind-colab-prep/data/processed_dataset/Dress/dress001.jpg,Dress
/content/stylemind-colab-prep/data/processed_dataset/Dress/dress002.jpg,Dress
/content/stylemind-colab-prep/data/processed_dataset/Dress/dress003.jpg,Dress
/content/stylemind-colab-prep/data/processed_dataset/Dress/dress004.jpg,Dress
/content/stylemind-colab-prep/data/processed_dataset/Dress/dress005.jpg,Dress
/content/stylemind-colab-prep/data/processed_dataset/Dress/dress006.jpg,Dress
/content/stylemind-colab-prep/data/processed_dataset/Dress/dress007.jpg,Dress
/content/stylemind-colab-prep/data/processed_dataset/Dress/dress008.jpg,Dress
/content/stylemind-colab-prep/data/processed_dataset/Dress/dress009.jpg,Dress
/content/stylemind-colab-prep/data/processed_dataset/Dress/dress010.jpg,Dress
/content/stylemind-colab-prep/data/processed_dataset/Dress/dress011.jpg,Dress
/content/stylemind-colab-prep/data/processed_dataset/Dress/dress012.jpg,Dress
/content/stylemind-colab-prep/data/processed_dataset/Dress/dress013.jpg,Dress
/content/stylemind-colab-prep/data/processed_dataset/Dress/dress014.jpg,Dress
/content/stylemind-colab-prep/data/processed_dataset/Dress/dress015.jpg,Dress
/content/stylemind-colab-prep/data/processed_dataset/Dress/dress016.jpg,Dress
/content/stylemind-colab-prep/data/processed_dataset/Dress/dress017.jpg,Dress
/content/stylemind-colab-prep/data/processed_dataset/Dress/dress018.jpg,Dress
/content/stylemind-colab-prep/data/processed_dataset/Dress/dress019.jpg,Dress
/content/stylemind-colab-prep/data/processed_dataset/Dress/dress020.jpg,Dress
/content/stylemind-colab-prep/data/processed_dataset/Dress/dress021.jpg,Dress
/content/stylemind-colab-prep/data/processed_dataset/Dress/dress022.jpg,Dress
/content/stylemind-colab-prep/data/processed_dataset/Dress/dress023.jpg,Dress
/content/stylemind-colab-prep/data/processed_dataset/Dress/dress024.jpg,Dress
/content/stylemind-colab-prep/data/processed_dataset/Dress/dress025.jpg,Dress
/content/stylemind-colab-prep/data/processed_dataset/Dress/dress026.jpg,Dress
/content/stylemind-colab-prep/data/processed_dataset/Dress/dress027.jpg,Dress
/content/stylemind-colab-prep/data/processed_dataset/Dress/dress028.jpg,Dress
/content/stylemind-colab-prep/data/processed_dataset/Dress/dress029.jpg,Dress
/content/stylemind-colab-prep/data/processed_dataset/Dress/dress030.jpg,Dress
/content/stylemind-colab-prep/data/processed_dataset/Dress/dress031.jpg,Dress
/content/stylemind-colab-prep/data/processed_dataset/Dress/dress032.jpg,Dress
/content/stylemind-colab-prep/data/processed_dataset/Dress/dress033.jpg,Dress
/content/stylemind-colab-prep/data/processed_dataset/Dress/dress034.jpg,Dress
/content/stylemind-colab-prep/data/processed_dataset/Dress/dress035.jpg,Dress
/content/stylemind-colab-prep/data/processed_dataset/Dress/dress036.jpg,Dress
/content/stylemind-colab-prep/data/processed_dataset/Dress/dress037.jpg,Dress
/content/stylemind-colab-prep/data/processed_dataset/Dress/dress038.jpg,Dress
/content/stylemind-colab-prep/data/processed_dataset/Dress/dress039.jpg,Dress
/content/stylemind-colab-prep/data/processed_dataset/Dress/dress040.jpg,Dress
/content/stylemind-colab-prep/data/processed_dataset/Dress/dress041.jpg,Dress
/content/stylemind-colab-prep/data/processed_dataset/Dress/dress042.jpg,Dress
/content/stylemind-colab-prep/data/processed_dataset/Dress/dress043.jpg,Dress
/content/stylemind-colab-prep/data/processed_dataset/Dress/dress044.jpg,Dress
/content/stylemind-colab-prep/data/processed_dataset/Dress/dress045.jpg,Dress
/content/stylemind-colab-prep/data/processed_dataset/Dress/dress046.jpg,Dress
/content/stylemind-colab-prep/data/processed_dataset/Dress/dress047.jpg,Dress
/content/stylemind-colab-prep/data/processed_dataset/Dress/dress048.jpg,Dress
/content/stylemind-colab-prep/data/processed_dataset/Dress/dress049.jpg,Dress
/content/stylemind-colab-prep/data/processed_dataset/Dress/dress050.jpg,Dress
/content/stylemind-colab-prep/data/processed_dataset/Dress/dress051.jpg,Dress
/content/stylemind-colab-prep/data/processed_dataset/Dress/dress052.jpg,Dress
/content/stylemind-colab-prep/data/processed_dataset/Dress/dress053.jpg,Dress
/content/stylemind-colab-prep/data/processed_dataset/Dress/dress054.jpg,Dress
/content/stylemind-colab-prep/data/processed_dataset/Dress/dress055.jpg,Dress
/content/stylemind-colab-prep/data/processed_dataset/Dress/dress056.jpg,Dress
/content/stylemind-colab-prep/data/processed_dataset/Dress/dress057.jpg,Dress
/content/stylemind-colab-prep/data/processed_dataset/Dress/dress058.jpg,Dress
/content/stylemind-colab-prep/data/processed_dataset/Dress/dress059.jpg,Dress
/content/stylemind-colab-prep/data/processed_dataset/Dress/dress060.jpg,Dress
/content/stylemind-colab-prep/data/processed_dataset/Dress/dress061.jpg,Dress
/content/stylemind-colab-prep/data/processed_dataset/Dress/dress062.jpg,Dress
/content/stylemind-colab-prep/data/processed_dataset/Dress/dress063.jpg,Dress
/content/stylemind-colab-prep/data/processed_dataset/Dress/dress064.jpg,Dress
/content/stylemind-colab-prep/data/processed_dataset/Dress/dress065.jpg,Dress
/content/stylemind-colab-prep/data/processed_dataset/Dress/dress066.jpg,Dress
/content/stylemind-colab-prep/data/processed_dataset/Dress/dress067.jpg,Dress
/content/stylemind-colab-prep/data/processed_dataset/Dress/dress068.jpg,Dress
/content/stylemind-colab-prep/data/processed_dataset/Dress/dress069.jpg,Dress
/content/stylemind-colab-prep/data/processed_dataset/Dress/dress070.jpg,Dress
/content/stylemind-colab-prep/data/processed_dataset/Dress/dress071.jpg,Dress
/content/stylemind-colab-prep/data/processed_dataset/Dress/dress072.jpg,Dress
/content/stylemind-colab-prep/data/processed_dataset/Dress/dress073.jpg,Dress
/content/stylemind-colab-prep/data/processed_dataset/Dress/dress074.jpg,Dress
/content/stylemind-colab-prep/data/processed_dataset/Dress/dress075.jpg,Dress
/content/stylemind-colab-prep/data/processed_dataset/Dress/dress076.jpg,Dress
/content/stylemind-colab-prep/data/processed_dataset/Dress/dress077.jpg,Dress
/content/stylemind-colab-prep/data/processed_dataset/Dress/dress078.jpg,Dress
/content/stylemind-colab-prep/data/processed_dataset/Dress/dress079.jpg,Dress
/content/stylemind-colab-prep/data/processed_dataset/Dress/dress080.jpg,Dress
/content/stylemind-colab-prep/data/processed_dataset/Dress/dress081.jpg,Dress
/content/stylemind-colab-prep/data/processed_dataset/Dress/dress082.jpg,Dress
/content/stylemind-colab-prep/data/processed_dataset/Dress/dress083.jpg,Dress
/content/stylemind-colab-prep/data/processed_dataset/Dress/dress084.jpg,Dress
/content/stylemind-colab-prep/data/processed_dataset/Dress/dress085.jpg,Dress
/content/stylemind-colab-prep/data/processed_dataset/Dress/dress086.jpg,Dress
/content/stylemind-colab-prep/data/processed_dataset/Dress/dress087.jpg,Dress
/content/stylemind-colab-prep/data/processed_dataset/Dress/dress088.jpg,Dress
/content/stylemind-colab-prep/data/processed_dataset/Dress/dress089.jpg,Dress
/content/stylemind-colab-prep/data/processed_dataset/Dress/dress090.jpg,Dress
/content/stylemind-colab-prep/data/processed_dataset/Dress/dress091.jpg,Dress
/content/stylemind-colab-prep/data/processed_dataset/Dress/dress092.jpg,Dress
/content/stylemind-colab-prep/data/processed_dataset/Dress/dress093.jpg,Dress
/content/stylemind-colab-prep/data/processed_dataset/Dress/dress094.jpg,Dress
/content/stylemind-colab-prep/data/processed_dataset/Dress/dress095.jpg,Dress
/content/stylemind-colab-prep/data/processed_dataset/Dress/dress096.jpg,Dress
/content/stylemind-colab-prep/data/processed_dataset/Dress/dress097.jpg,Dress
/content/stylemind-colab-prep/data/processed_dataset/Dress/dress098.jpg,Dress
/content/stylemind-colab-prep/data/processed_dataset/Dress/dress099.jpg,Dress
/content/stylemind-colab-prep/data/processed_dataset/Dress/dress100.jpg,Dress
/content/stylemind-colab-prep/data/processed_dataset/Dress/dress101.jpg,Dress
/content/stylemind-colab-prep/data/processed_dataset/Dress/dress102.jpg,Dress
/content/stylemind-colab-prep/data/processed_dataset/Dress/dress103.jpg,Dress
/content/stylemind-colab-prep/data/processed_dataset/Dress/dress104.jpg,Dress
/content/stylemind-colab-prep/data/processed_dataset/Dress/dress105.jpg,Dress
/content/stylemind-colab-prep/data/processed_dataset/Dress/dress106.jpg,Dress
/content/stylemind-colab-prep/data/processed_dataset/Dress/dress107.jpg,Dress
/content/stylemind-colab-prep/data/processed_dataset/Dress/dress108.jpg,Dress
/content/stylemind-colab-prep/data/processed_dataset/Dress/dress109.jpg,Dress
/content/stylemind-colab-prep/data/processed_dataset/Dress/dress110.jpg,Dress
/content/stylemind-colab-prep/data/processed_dataset/Dress/dress111.jpg,Dress
/content/stylemind-colab-prep/data/processed_dataset/Dress/dress112.jpg,Dress
/content/stylemind-colab-prep/data/processed_dataset/Dress/dress113.jpg,Dress
/content/stylemind-colab-prep/data/processed_dataset/Dress/dress114.jpg,Dress
/content/stylemind-colab-prep/data/processed_dataset/Dress/dress115.jpg,Dress
/content/stylemind-colab-prep/data/processed_dataset/Dress/dress116.jpg,Dress
/content/stylemind-colab-prep/data/processed_dataset/Dress/dress117.jpg,Dress
/content/stylemind-colab-prep/data/processed_dataset/Dress/dress118.jpg,Dress
/content/stylemind-colab-prep/data/processed_dataset/Dress/dress119.jpg,Dress
/content/stylemind-colab-prep/data/processed_dataset/Dress/dress120.jpg,Dress
/content/stylemind-colab-prep/data/processed_dataset/Dress/dress121.jpg,Dress
/content/stylemind-colab-prep/data/processed_dataset/Dress/dress122.jpg,Dress
/content/stylemind-colab-prep/data/processed_dataset/Dress/dress123.jpg,Dress
/content/stylemind-colab-prep/data/processed_dataset/Dress/dress124.jpg,Dress
/content/stylemind-colab-prep/data/processed_dataset/Dress/dress125.jpg,Dress
/content/stylemind-colab-prep/data/processed_dataset/Dress/dress126.jpg,Dress
/content/stylemind-colab-prep/data/processed_dataset/Dress/dress127.jpg,Dress
/content/stylemind-colab-prep/data/processed_dataset/Dress/dress128.jpg,Dress
/content/stylemind-colab-prep/data/processed_dataset/Dress/dress129.jpg,Dress
/content/stylemind-colab-prep/data/processed_dataset/Dress/dress130.jpg,Dress
/content/stylemind-colab-prep/data/processed_dataset/Dress/dress131.jpg,Dress
/content/stylemind-colab-prep/data/processed_dataset/Dress/dress132.jpg,Dress
/content/stylemind-colab-prep/data/processed_dataset/Dress/dress133.jpg,Dress
/content/stylemind-colab-prep/data/processed_dataset/Dress/dress134.jpg,Dress
/content/stylemind-colab-prep/data/processed_dataset/Dress/dress135.jpg,Dress
/content/stylemind-colab-prep/data/processed_dataset/Dress/dress136.jpg,Dress
/content/stylemind-colab-prep/data/processed_dataset/Dress/dress137.jpg,Dress
/content/stylemind-colab-prep/data/processed_dataset/Dress/dress138.jpg,Dress
/content/stylemind-colab-prep/data/processed_dataset/Dress/dress139.jpg,Dress
/content/stylemind-colab-prep/data/processed_dataset/Dress/dress140.jpg,Dress
/content/stylemind-colab-prep/data/processed_dataset/Dress/dress141.jpg,Dress
/content/stylemind-colab-prep/data/processed_dataset/Dress/dress142.jpg,Dress
/content/stylemind-colab-prep/data/processed_dataset/Dress/dress143.jpg,Dress
/content/stylemind-colab-prep/data/processed_dataset/Dress/dress144.jpg,Dress
/content/stylemind-colab-prep/data/processed_dataset/Dress/dress145.jpg,Dress
/content/stylemind-colab-prep/data/processed_dataset/Dress/dress146.jpg,Dress
/content/stylemind-colab-prep/data/processed_dataset/Dress/dress147.jpg,Dress
/content/stylemind-colab-prep/data/processed_dataset/Dress/dress148.jpg,Dress
/content/stylemind-colab-prep/data/processed_dataset/Dress/dress149.jpg,Dress
/content/stylemind-colab-prep/data/processed_dataset/Dress/dress150.jpg,Dress
/content/stylemind-colab-prep/data/processed_dataset/Dress/dress151.jpg,Dress
/content/stylemind-colab-prep/data/processed_dataset/Dress/dress152.jpg,Dress
/content/stylemind-colab-prep/data/processed_dataset/Dress/dress153.jpg,Dress
/content/stylemind-colab-prep/data/processed_dataset/Dress/dress154.jpg,Dress
/content/stylemind-colab-prep/data/processed_dataset/Dress/dress155.jpg,Dress
/content/stylemind-colab-prep/data/processed_dataset/Dress/dress156.jpg,Dress
/content/stylemind-colab-prep/data/processed_dataset/Dress/dress157.jpg,Dress
/content/stylemind-colab-prep/data/processed_dataset/Dress/dress158.jpg,Dress
/content/stylemind-colab-prep/data/processed_dataset/Dress/dress159.jpg,Dress
/content/stylemind-colab-prep/data/processed_dataset/Dress/dress160.jpg,Dress
/content/stylemind-colab-prep/data/processed_dataset/Dress/dress161.jpg,Dress
/content/stylemind-colab-prep/data/processed_dataset/Dress/dress162.jpg,Dress
/content/stylemind-colab-prep/data/processed_dataset/Dress/dress163.jpg,Dress
/content/stylemind-colab-prep/data/processed_dataset/Dress/dress164.jpg,Dress
/content/stylemind-colab-prep/data/processed_dataset/Dress/dress165.jpg,Dress
/content/stylemind-colab-prep/data/processed_dataset/Dress/dress166.jpg,Dress
/content/stylemind-colab-prep/data/processed_dataset/Dress/dress167.jpg,Dress
/content/stylemind-colab-prep/data/processed_dataset/Dress/dress168.jpg,Dress
/content/stylemind-colab-prep/data/processed_dataset/Dress/dress169.jpg,Dress
/content/stylemind-colab-prep/data/processed_dataset/Dress/dress170.jpg,Dress
/content/stylemind-colab-prep/data/processed_dataset/Dress/dress171.jpg,Dress
/content/stylemind-colab-prep/data/processed_dataset/Dress/dress172.jpg,Dress
/content/stylemind-colab-prep/data/processed_dataset/Dress/dress173.jpg,Dress
/content/stylemind-colab-prep/data/processed_dataset/Dress/dress174.jpg,Dress
/content/stylemind-colab-prep/data/processed_dataset/Dress/dress175.jpg,Dress
/content/stylemind-colab-prep/data/processed_dataset/Dress/dress176.jpg,Dress
/content/stylemind-colab-prep/data/processed_dataset/Dress/dress177.jpg,Dress
/content/stylemind-colab-prep/data/processed_dataset/Dress/dress178.jpg,Dress
/content/stylemind-colab-prep/data/processed_dataset/Dress/dress179.jpg,Dress
/content/stylemind-colab-prep/data/processed_dataset/Dress/dress180.jpg,Dress
/content/stylemind-colab-prep/data/processed_dataset/Dress/dress181.jpg,Dress
/content/stylemind-colab-prep/data/processed_dataset/Dress/dress182.jpg,Dress
/content/stylemind-colab-prep/data/processed_dataset/Dress/dress183.jpg,Dress
/content/stylemind-colab-prep/data/processed_dataset/Dress/dress184.jpg,Dress
/content/stylemind-colab-prep/data/processed_dataset/Dress/dress185.jpg,Dress
/content/stylemind-colab-prep/data/processed_dataset/Dress/dress186.jpg,Dress
/content/stylemind-colab-prep/data/processed_dataset/Dress/dress187.jpg,Dress
/content/stylemind-colab-prep/data/processed_dataset/Dress/dress188.jpg,Dress
/content/stylemind-colab-prep/data/processed_dataset/Dress/dress189.jpg,Dress
/content/stylemind-colab-prep/data/processed_dataset/Dress/dress190.jpg,Dress
/content/stylemind-colab-prep/data/processed_dataset/Dress/dress191.jpg,Dress
/content/stylemind-colab-prep/data/processed_dataset/Dress/dress192.jpg,Dress
/content/stylemind-colab-prep/data/processed_dataset/Dress/dress193.jpg,Dress
/content/stylemind-colab-prep/data/processed_dataset/Dress/dress194.jpg,Dress
/content/stylemind-colab-prep/data/processed_dataset/Dress/dress195.jpg,Dress
/content/stylemind-colab-prep/data/processed_dataset/Dress/dress196.jpg,Dress
/content/stylemind-colab-prep/data/processed_dataset/Dress/dress197.jpg,Dress
/content/stylemind-colab-prep/data/processed_dataset/Dress/dress198.jpg,Dress
/content/stylemind-colab-prep/data/processed_dataset/Dress/dress199.jpg,Dress
/content/stylemind-colab-prep/data/processed_dataset/Dress/dress200.jpg,Dress
/content/stylemind-colab-prep/data/processed_dataset/Dress/dress201.jpg,Dress
/content/stylemind-colab-prep/data/processed_dataset/Dress/dress202.jpg,Dress
/content/stylemind-colab-prep/data/processed_dataset/Dress/dress203.jpg,Dress
/content/stylemind-colab-prep/data/processed_dataset/Dress/dress204.jpg,Dress
/content/stylemind-colab-prep/data/processed_dataset/Dress/dress205.jpg,Dress
/content/stylemind-colab-prep/data/processed_dataset/Dress/dress206.jpg,Dress
/content/stylemind-colab-prep/data/processed_dataset/Dress/dress207.jpg,Dress
/content/stylemind-colab-prep/data/processed_dataset/Dress/dress208.jpg,Dress
/content/stylemind-colab-prep/data/processed_dataset/Dress/dress209.jpg,Dress
/content/stylemind-colab-prep/data/processed_dataset/Dress/dress210.jpg,Dress
/content/stylemind-colab-prep/data/processed_dataset/Dress/dress211.jpg,Dress
/content/stylemind-colab-prep/data/processed_dataset/Dress/dress212.jpg,Dress
/content/stylemind-colab-prep/data/processed_dataset/Dress/dress213.jpg,Dress
/content/stylemind-colab-prep/data/processed_dataset/Dress/dress214.jpg,Dress
/content/stylemind-colab-prep/data/processed_dataset/Dress/dress215.jpg,Dress
/content/stylemind-colab-prep/data/processed_dataset/Dress/dress216.jpg,Dress
/content/stylemind-colab-prep/data/processed_dataset/Dress/dress217.jpg,Dress
/content/stylemind-colab-prep/data/processed_dataset/Dress/dress218.jpg,Dress
/content/stylemind-colab-prep/data/processed_dataset/Dress/dress219.jpg,Dress
/content/stylemind-colab-prep/data/processed_dataset/Dress/dress220.jpg,Dress
/content/stylemind-colab-prep/data/processed_dataset/Dress/dress221.jpg,Dress
/content/stylemind-colab-prep/data/processed_dataset/Dress/dress222.jpg,Dress
/content/stylemind-colab-prep/data/processed_dataset/Dress/dress223.jpg,Dress
/content/stylemind-colab-prep/data/processed_dataset/Dress/dress224.jpg,Dress
/content/stylemind-colab-prep/data/processed_dataset/Dress/dress225.jpg,Dress
/content/stylemind-colab-prep/data/processed_dataset/Dress/dress226.jpg,Dress
/content/stylemind-colab-prep/data/processed_dataset/Dress/dress227.jpg,Dress
/content/stylemind-colab-prep/data/processed_dataset/Dress/dress228.jpg,Dress
/content/stylemind-colab-prep/data/processed_dataset/Dress/dress229.jpg,Dress
/content/stylemind-colab-prep/data/processed_dataset/Dress/dress230.jpg,Dress
/content/stylemind-colab-prep/data/processed_dataset/Dress/dress231.jpg,Dress
/content/stylemind-colab-prep/data/processed_dataset/Dress/dress232.jpg,Dress
/content/stylemind-colab-prep/data/processed_dataset/Dress/dress233.jpg,Dress
/content/stylemind-colab-prep/data/processed_dataset/Dress/dress234.jpg,Dress
/content/stylemind-colab-prep/data/processed_dataset/Dress/dress235.jpg,Dress
/content/stylemind-colab-prep/data/processed_dataset/Dress/dress236.jpg,Dress
/content/stylemind-colab-prep/data/processed_dataset/Dress/dress237.jpg,Dress
/content/stylemind-colab-prep/data/processed_dataset/Dress/dress238.jpg,Dress
/content/stylemind-colab-prep/data/processed_dataset/Dress/dress239.jpg,Dress
/content/stylemind-colab-prep/data/processed_dataset/Dress/dress240.jpg,Dress
/content/stylemind-colab-prep/data/processed_dataset/Dress/dress241.jpg,Dress
/content/stylemind-colab-prep/data/processed_dataset/Dress/dress242.jpg,Dress
/content/stylemind-colab-prep/data/processed_dataset/Dress/dress243.jpg,Dress
/content/stylemind-colab-prep/data/processed_dataset/Dress/dress244.jpg,Dress
/content/stylemind-colab-prep/data/processed_dataset/Dress/dress245.jpg,Dress
/content/stylemind-colab-prep/data/processed_dataset/Dress/dress246.jpg,Dress
/content/stylemind-colab-prep/data/processed_dataset/Dress/dress247.jpg,Dress
/content/stylemind-colab-prep/data/processed_dataset/Dress/dress248.jpg,Dress
/content/stylemind-colab-prep/data/processed_dataset/Dress/dress249.jpg,Dress
/content/stylemind-colab-prep/data/processed_dataset/Dress/dress250.jpg,Dress
/content/stylemind-colab-prep/data/processed_dataset/Dress/dress251.jpg,Dress
/content/stylemind-colab-prep/data/processed_dataset/Dress/dress252.jpg,Dress
/content/stylemind-colab-prep/data/processed_dataset/Dress/dress253.jpg,Dress
/content/stylemind-colab-prep/data/processed_dataset/Dress/dress254.jpg,Dress
/content/stylemind-colab-prep/data/processed_dataset/Dress/dress255.jpg,Dress
/content/stylemind-colab-prep/data/processed_dataset/Dress/dress256.jpg,Dress
/content/stylemind-colab-prep/data/processed_dataset/Dress/dress257.jpg,Dress
/content/stylemind-colab-prep/data/processed_dataset/Dress/dress258.jpg,Dress
/content/stylemind-colab-prep/data/processed_dataset/Dress/dress259.jpg,Dress
/content/stylemind-colab-prep/data/processed_dataset/Dress/dress260.jpg,Dress
/content/stylemind-colab-prep/data/processed_dataset/Dress/dress261.jpg,Dress
/content/stylemind-colab-prep/data/processed_dataset/Dress/dress262.jpg,Dress
/content/stylemind-colab-prep/data/processed_dataset/Dress/dress263.jpg,Dress
/content/stylemind-colab-prep/data/processed_dataset/Dress/dress264.jpg,Dress
/content/stylemind-colab-prep/data/processed_dataset/Dress/dress265.jpg,Dress
/content/stylemind-colab-prep/data/processed_dataset/Dress/dress266.jpg,Dress
/content/stylemind-colab-prep/data/processed_dataset/Dress/dress267.jpg,Dress
/content/stylemind-colab-prep/data/processed_dataset/Dress/dress268.jpg,Dress
/content/stylemind-colab-prep/data/processed_dataset/Dress/dress269.jpg,Dress
/content/stylemind-colab-prep/data/processed_dataset/Dress/dress270.jpg,Dress
/content/stylemind-colab-prep/data/processed_dataset/Dress/dress271.jpg,Dress
/content/stylemind-colab-prep/data/processed_dataset/Dress/dress272.jpg,Dress
/content/stylemind-colab-prep/data/processed_dataset/Dress/dress273.jpg,Dress
/content/stylemind-colab-prep/data/processed_dataset/Dress/dress274.jpg,Dress
/content/stylemind-colab-prep/data/processed_dataset/Dress/dress275.jpg,Dress
/content/stylemind-colab-prep/data/processed_dataset/Dress/dress276.jpg,Dress
/content/stylemind-colab-prep/data/processed_dataset/Dress/dress277.jpg,Dress
/content/stylemind-colab-prep/data/processed_dataset/Dress/dress278.jpg,Dress
/content/stylemind-colab-prep/data/processed_dataset/Dress/dress279.jpg,Dress
/content/stylemind-colab-prep/data/processed_dataset/Dress/dress280.jpg,Dress
/content/stylemind-colab-prep/data/processed_dataset/Dress/dress281.jpg,Dress
/content/stylemind-colab-prep/data/processed_dataset/Dress/dress282.jpg,Dress
/content/stylemind-colab-prep/data/processed_dataset/Dress/dress283.jpg,Dress
/content/stylemind-colab-prep/data/processed_dataset/Dress/dress284.jpg,Dress
/content/stylemind-colab-prep/data/processed_dataset/Dress/dress285.jpg,Dress
/content/stylemind-colab-prep/data/processed_dataset/Dress/dress286.jpg,Dress
/content/stylemind-colab-prep/data/processed_dataset/Dress/dress287.jpg,Dress
/content/stylemind-colab-prep/data/processed_dataset/Dress/dress288.jpg,Dress
/content/stylemind-colab-prep/data/processed_dataset/Dress/dress289.jpg,Dress
/content/stylemind-colab-prep/data/processed_dataset/Dress/dress290.jpg,Dress
/content/stylemind-colab-prep/data/processed_dataset/Dress/dress291.jpg,Dress
/content/stylemind-colab-prep/data/processed_dataset/Dress/dress292.jpg,Dress
/content/stylemind-colab-prep/data/processed_dataset/Dress/dress293.jpg,Dress
/content/stylemind-colab-prep/data/processed_dataset/Dress/dress294.jpg,Dress
/content/stylemind-colab-prep/data/processed_dataset/Dress/dress295.jpg,Dress
/content/stylemind-colab-prep/data/processed_dataset/Dress/dress296.jpg,Dress
/content/stylemind-colab-prep/data/processed_dataset/Dress/dress297.jpg,Dress
/content/stylemind-colab-prep/data/processed_dataset/Dress/dress298.jpg,Dress
/content/stylemind-colab-prep/data/processed_dataset/Dress/dress299.jpg,Dress
/content/stylemind-colab-prep/data/processed_dataset/Dress/dress300.jpg,Dress
/content/stylemind-colab-prep/data/processed_dataset/Dress/dress301.jpg,Dress
/content/stylemind-colab-prep/data/processed_dataset/Dress/dress302.jpg,Dress
/content/stylemind-colab-prep/data/processed_dataset/Dress/dress303.jpg,Dress
/content/stylemind-colab-prep/data/processed_dataset/Dress/dress304.jpg,Dress
/content/stylemind-colab-prep/data/processed_dataset/Dress/dress305.jpg,Dress
/content/stylemind-colab-prep/data/processed_dataset/Dress/dress306.jpg,Dress
/content/stylemind-colab-prep/data/processed_dataset/Dress/dress307.jpg,Dress
/content/stylemind-colab-prep/data/processed_dataset/Dress/dress308.jpg,Dress
/content/stylemind-colab-prep/data/processed_dataset/Dress/dress309.jpg,Dress
/content/stylemind-colab-prep/data/processed_dataset/Dress/dress310.jpg,Dress
/content/stylemind-colab-prep/data/processed_dataset/Dress/dress311.jpg,Dress
/content/stylemind-colab-prep/data/processed_dataset/Dress/dress312.jpg,Dress
/content/stylemind-colab-prep/data/processed_dataset/Dress/dress313.jpg,Dress
/content/stylemind-colab-prep/data/processed_dataset/Dress/dress314.jpg,Dress
/content/stylemind-colab-prep/data/processed_dataset/Dress/dress315.jpg,Dress
/content/stylemind-colab-prep/data/processed_dataset/Dress/dress316.jpg,Dress
/content/stylemind-colab-prep/data/processed_dataset/Dress/dress317.jpg,Dress
/content/stylemind-colab-prep/data/processed_dataset/Dress/dress318.jpg,Dress
/content/stylemind-colab-prep/data/processed_dataset/Dress/dress319.jpg,Dress
/content/stylemind-colab-prep/data/processed_dataset/Dress/dress320.jpg,Dress
/content/stylemind-colab-prep/data/processed_dataset/Dress/dress321.jpg,Dress
/content/stylemind-colab-prep/data/processed_dataset/Dress/dress322.jpg,Dress
/content/stylemind-colab-prep/data/processed_dataset/Dress/dress323.jpg,Dress
/content/stylemind-colab-prep/data/processed_dataset/Dress/dress324.jpg,Dress
/content/stylemind-colab-prep/data/processed_dataset/Dress/dress325.jpg,Dress
/content/stylemind-colab-prep/data/processed_dataset/Dress/dress326.jpg,Dress
/content/stylemind-colab-prep/data/processed_dataset/Dress/dress327.jpg,Dress
/content/stylemind-colab-prep/data/processed_dataset/Dress/dress328.jpg,Dress
/content/stylemind-colab-prep/data/processed_dataset/Dress/dress329.jpg,Dress
/content/stylemind-colab-prep/data/processed_dataset/Dress/dress330.jpg,Dress
/content/stylemind-colab-prep/data/processed_dataset/Dress/dress331.jpg,Dress
/content/stylemind-colab-prep/data/processed_dataset/Dress/dress332.jpg,Dress
/content/stylemind-colab-prep/data/processed_dataset/Dress/dress333.jpg,Dress
/content/stylemind-colab-prep/data/processed_dataset/Dress/dress334.jpg,Dress
/content/stylemind-colab-prep/data/processed_dataset/Dress/dress335.jpg,Dress
/content/stylemind-colab-prep/data/processed_dataset/Dress/dress336.jpg,Dress
/content/stylemind-colab-prep/data/processed_dataset/Dress/dress337.jpg,Dress
/content/stylemind-colab-prep/data/processed_dataset/Dress/dress338.jpg,Dress
/content/stylemind-colab-prep/data/processed_dataset/Dress/dress339.jpg,Dress
/content/stylemind-colab-prep/data/processed_dataset/Dress/dress340.jpg,Dress
/content/stylemind-colab-prep/data/processed_dataset/Dress/dress341.jpg,Dress
/content/stylemind-colab-prep/data/processed_dataset/Dress/dress342.jpg,Dress
/content/stylemind-colab-prep/data/processed_dataset/Dress/dress343.jpg,Dress
/content/stylemind-colab-prep/data/processed_dataset/Dress/dress344.jpg,Dress
/content/stylemind-colab-prep/data/processed_dataset/Dress/dress345.jpg,Dress
/content/stylemind-colab-prep/data/processed_dataset/Dress/dress346.jpg,Dress
/content/stylemind-colab-prep/data/processed_dataset/Dress/dress347.jpg,Dress
/content/stylemind-colab-prep/data/processed_dataset/Dress/dress348.jpg,Dress
/content/stylemind-colab-prep/data/processed_dataset/Dress/dress349.jpg,Dress
/content/stylemind-colab-prep/data/processed_dataset/Dress/dress350.jpg,Dress
/content/stylemind-colab-prep/data/processed_dataset/Dress/dress351.jpg,Dress
/content/stylemind-colab-prep/data/processed_dataset/Dress/dress352.jpg,Dress
/content/stylemind-colab-prep/data/processed_dataset/Dress/dress353.jpg,Dress
/content/stylemind-colab-prep/data/processed_dataset/Dress/dress354.jpg,Dress
/content/stylemind-colab-prep/data/processed_dataset/Dress/dress355.jpg,Dress
/content/stylemind-colab-prep/data/processed_dataset/Dress/dress356.jpg,Dress
/content/stylemind-colab-prep/data/processed_dataset/Dress/dress357.jpg,Dress
/content/stylemind-colab-prep/data/processed_dataset/Dress/dress358.jpg,Dress
/content/stylemind-colab-prep/data/processed_dataset/Dress/dress359.jpg,Dress
/content/stylemind-colab-prep/data/processed_dataset/Dress/dress360.jpg,Dress
/content/stylemind-colab-prep/data/processed_dataset/Dress/dress361.jpg,Dress
/content/stylemind-colab-prep/data/processed_dataset/Dress/dress362.jpg,Dress
/content/stylemind-colab-prep/data/processed_dataset/Dress/dress363.jpg,Dress
/content/stylemind-colab-prep/data/processed_dataset/Dress/dress364.jpg,Dress
/content/stylemind-colab-prep/data/processed_dataset/Dress/dress365.jpg,Dress
/content/stylemind-colab-prep/data/processed_dataset/Dress/dress366.jpg,Dress
/content/stylemind-colab-prep/data/processed_dataset/Dress/dress367.jpg,Dress
/content/stylemind-colab-prep/data/processed_dataset/Dress/dress368.jpg,Dress
/content/stylemind-colab-prep/data/processed_dataset/Dress/dress369.jpg,Dress
/content/stylemind-colab-prep/data/processed_dataset/Dress/dress370.jpg,Dress
/content/stylemind-colab-prep/data/processed_dataset/Dress/dress371.jpg,Dress
/content/stylemind-colab-prep/data/processed_dataset/Dress/dress372.jpg,Dress
/content/stylemind-colab-prep/data/processed_dataset/Dress/dress373.jpg,Dress
/content/stylemind-colab-prep/data/processed_dataset/Dress/dress374.jpg,Dress
/content/stylemind-colab-prep/data/processed_dataset/Dress/dress375.jpg,Dress
/content/stylemind-colab-prep/data/processed_dataset/Dress/dress376.jpg,Dress
/content/stylemind-colab-prep/data/processed_dataset/Dress/dress377.jpg,Dress
/content/stylemind-colab-prep/data/processed_dataset/Dress/dress378.jpg,Dress
/content/stylemind-colab-prep/data/processed_dataset/Dress/dress379.jpg,Dress
/content/stylemind-colab-prep/data/processed_dataset/Dress/dress380.jpg,Dress
/content/stylemind-colab-prep/data/processed_dataset/Dress/dress381.jpg,Dress
/content/stylemind-colab-prep/data/processed_dataset/Dress/dress382.jpg,Dress
/content/stylemind-colab-prep/data/processed_dataset/Dress/dress383.jpg,Dress
/content/stylemind-colab-prep/data/processed_dataset/Dress/dress384.jpg,Dress
/content/stylemind-colab-prep/data/processed_dataset/Dress/dress385.jpg,Dress
/content/stylemind-colab-prep/data/processed_dataset/Dress/dress386.jpg,Dress
/content/stylemind-colab-prep/data/processed_dataset/Dress/dress387.jpg,Dress
/content/stylemind-colab-prep/data/processed_dataset/Dress/dress388.jpg,Dress
/content/stylemind-colab-prep/data/processed_dataset/Dress/dress389.jpg,Dress
/content/stylemind-colab-prep/data/processed_dataset/Dress/dress390.jpg,Dress
/content/stylemind-colab-prep/data/processed_dataset/Dress/dress391.jpg,Dress
/content/stylemind-colab-prep/data/processed_dataset/Dress/dress392.jpg,Dress
/content/stylemind-colab-prep/data/processed_dataset/Dress/dress393.jpg,Dress
/content/stylemind-colab-prep/data/processed_dataset/Dress/dress394.jpg,Dress
/content/stylemind-colab-prep/data/processed_dataset/Dress/dress395.jpg,Dress
/content/stylemind-colab-prep/data/processed_dataset/Dress/dress396.jpg,Dress
/content/stylemind-colab-prep/data/processed_dataset/Dress/dress397.jpg,Dress
/content/stylemind-colab-prep/data/processed_dataset/Dress/dress398.jpg,Dress
/content/stylemind-colab-prep/data/processed_dataset/Dress/dress399.jpg,Dress
/content/stylemind-colab-prep/data/processed_dataset/Dress/dress400.jpg,Dress
/content/stylemind-colab-prep/data/processed_dataset/Formal_Pant/formal_pant001.jpg,Formal_Pant
/content/stylemind-colab-prep/data/processed_dataset/Formal_Pant/formal_pant002.jpg,Formal_Pant
/content/stylemind-colab-prep/data/processed_dataset/Formal_Pant/formal_pant003.jpg,Formal_Pant
/content/stylemind-colab-prep/data/processed_dataset/Formal_Pant/formal_pant004.jpg,Formal_Pant
/content/stylemind-colab-prep/data/processed_dataset/Formal_Pant/formal_pant005.jpg,Formal_Pant
/content/stylemind-colab-prep/data/processed_dataset/Formal_Pant/formal_pant006.jpg,Formal_Pant
/content/stylemind-colab-prep/data/processed_dataset/Formal_Pant/formal_pant007.jpg,Formal_Pant
/content/stylemind-colab-prep/data/processed_dataset/Formal_Pant/formal_pant008.jpg,Formal_Pant
/content/stylemind-colab-prep/data/processed_dataset/Formal_Pant/formal_pant009.jpg,Formal_Pant
/content/stylemind-colab-prep/data/processed_dataset/Formal_Pant/formal_pant010.jpg,Formal_Pant
/content/stylemind-colab-prep/data/processed_dataset/Formal_Pant/formal_pant011.jpg,Formal_Pant
/content/stylemind-colab-prep/data/processed_dataset/Formal_Pant/formal_pant012.jpg,Formal_Pant
/content/stylemind-colab-prep/data/processed_dataset/Formal_Pant/formal_pant013.jpg,Formal_Pant
/content/stylemind-colab-prep/data/processed_dataset/Formal_Pant/formal_pant014.jpg,Formal_Pant
/content/stylemind-colab-prep/data/processed_dataset/Formal_Pant/formal_pant015.jpg,Formal_Pant
/content/stylemind-colab-prep/data/processed_dataset/Formal_Pant/formal_pant016.jpg,Formal_Pant
/content/stylemind-colab-prep/data/processed_dataset/Formal_Pant/formal_pant017.jpg,Formal_Pant
/content/stylemind-colab-prep/data/processed_dataset/Formal_Pant/formal_pant018.jpg,Formal_Pant
/content/stylemind-colab-prep/data/processed_dataset/Formal_Pant/formal_pant019.jpg,Formal_Pant
/content/stylemind-colab-prep/data/processed_dataset/Formal_Pant/formal_pant020.jpg,Formal_Pant
/content/stylemind-colab-prep/data/processed_dataset/Formal_Pant/formal_pant021.jpg,Formal_Pant
/content/stylemind-colab-prep/data/processed_dataset/Formal_Pant/formal_pant022.jpg,Formal_Pant
/content/stylemind-colab-prep/data/processed_dataset/Formal_Pant/formal_pant023.jpg,Formal_Pant
/content/stylemind-colab-prep/data/processed_dataset/Formal_Pant/formal_pant024.jpg,Formal_Pant
/content/stylemind-colab-prep/data/processed_dataset/Formal_Pant/formal_pant025.jpg,Formal_Pant
/content/stylemind-colab-prep/data/processed_dataset/Formal_Pant/formal_pant026.jpg,Formal_Pant
/content/stylemind-colab-prep/data/processed_dataset/Formal_Pant/formal_pant027.jpg,Formal_Pant
/content/stylemind-colab-prep/data/processed_dataset/Formal_Pant/formal_pant028.jpg,Formal_Pant
/content/stylemind-colab-prep/data/processed_dataset/Formal_Pant/formal_pant029.jpg,Formal_Pant
/content/stylemind-colab-prep/data/processed_dataset/Formal_Pant/formal_pant030.jpg,Formal_Pant
/content/stylemind-colab-prep/data/processed_dataset/Formal_Pant/formal_pant031.jpg,Formal_Pant
/content/stylemind-colab-prep/data/processed_dataset/Formal_Pant/formal_pant032.jpg,Formal_Pant
/content/stylemind-colab-prep/data/processed_dataset/Formal_Pant/formal_pant033.jpg,Formal_Pant
/content/stylemind-colab-prep/data/processed_dataset/Formal_Pant/formal_pant034.jpg,Formal_Pant
/content/stylemind-colab-prep/data/processed_dataset/Formal_Pant/formal_pant035.jpg,Formal_Pant
/content/stylemind-colab-prep/data/processed_dataset/Formal_Pant/formal_pant036.jpg,Formal_Pant
/content/stylemind-colab-prep/data/processed_dataset/Formal_Pant/formal_pant037.jpg,Formal_Pant
/content/stylemind-colab-prep/data/processed_dataset/Formal_Pant/formal_pant038.jpg,Formal_Pant
/content/stylemind-colab-prep/data/processed_dataset/Formal_Pant/formal_pant039.jpg,Formal_Pant
/content/stylemind-colab-prep/data/processed_dataset/Formal_Pant/formal_pant040.jpg,Formal_Pant
/content/stylemind-colab-prep/data/processed_dataset/Formal_Pant/formal_pant041.jpg,Formal_Pant
/content/stylemind-colab-prep/data/processed_dataset/Formal_Pant/formal_pant042.jpg,Formal_Pant
/content/stylemind-colab-prep/data/processed_dataset/Formal_Pant/formal_pant043.jpg,Formal_Pant
/content/stylemind-colab-prep/data/processed_dataset/Formal_Pant/formal_pant044.jpg,Formal_Pant
/content/stylemind-colab-prep/data/processed_dataset/Formal_Pant/formal_pant045.jpg,Formal_Pant
/content/stylemind-colab-prep/data/processed_dataset/Formal_Pant/formal_pant046.jpg,Formal_Pant
/content/stylemind-colab-prep/data/processed_dataset/Formal_Pant/formal_pant047.jpg,Formal_Pant
/content/stylemind-colab-prep/data/processed_dataset/Formal_Pant/formal_pant048.jpg,Formal_Pant
/content/stylemind-colab-prep/data/processed_dataset/Formal_Pant/formal_pant049.jpg,Formal_Pant
/content/stylemind-colab-prep/data/processed_dataset/Formal_Pant/formal_pant050.jpg,Formal_Pant
/content/stylemind-colab-prep/data/processed_dataset/Formal_Pant/formal_pant051.jpg,Formal_Pant
/content/stylemind-colab-prep/data/processed_dataset/Formal_Pant/formal_pant052.jpg,Formal_Pant
/content/stylemind-colab-prep/data/processed_dataset/Formal_Pant/formal_pant053.jpg,Formal_Pant
/content/stylemind-colab-prep/data/processed_dataset/Formal_Pant/formal_pant054.jpg,Formal_Pant
/content/stylemind-colab-prep/data/processed_dataset/Formal_Pant/formal_pant055.jpg,Formal_Pant
/content/stylemind-colab-prep/data/processed_dataset/Formal_Pant/formal_pant056.jpg,Formal_Pant
/content/stylemind-colab-prep/data/processed_dataset/Formal_Pant/formal_pant057.jpg,Formal_Pant
/content/stylemind-colab-prep/data/processed_dataset/Formal_Pant/formal_pant058.jpg,Formal_Pant
/content/stylemind-colab-prep/data/processed_dataset/Formal_Pant/formal_pant059.jpg,Formal_Pant
/content/stylemind-colab-prep/data/processed_dataset/Formal_Pant/formal_pant060.jpg,Formal_Pant
/content/stylemind-colab-prep/data/processed_dataset/Formal_Pant/formal_pant061.jpg,Formal_Pant
/content/stylemind-colab-prep/data/processed_dataset/Formal_Pant/formal_pant062.jpg,Formal_Pant
/content/stylemind-colab-prep/data/processed_dataset/Formal_Pant/formal_pant063.jpg,Formal_Pant
/content/stylemind-colab-prep/data/processed_dataset/Formal_Pant/formal_pant064.jpg,Formal_Pant
/content/stylemind-colab-prep/data/processed_dataset/Formal_Pant/formal_pant065.jpg,Formal_Pant
/content/stylemind-colab-prep/data/processed_dataset/Formal_Pant/formal_pant066.jpg,Formal_Pant
/content/stylemind-colab-prep/data/processed_dataset/Formal_Pant/formal_pant067.jpg,Formal_Pant
/content/stylemind-colab-prep/data/processed_dataset/Formal_Pant/formal_pant068.jpg,Formal_Pant
/content/stylemind-colab-prep/data/processed_dataset/Formal_Pant/formal_pant069.jpg,Formal_Pant
/content/stylemind-colab-prep/data/processed_dataset/Formal_Pant/formal_pant070.jpg,Formal_Pant
/content/stylemind-colab-prep/data/processed_dataset/Formal_Pant/formal_pant071.jpg,Formal_Pant
/content/stylemind-colab-prep/data/processed_dataset/Formal_Pant/formal_pant072.jpg,Formal_Pant
/content/stylemind-colab-prep/data/processed_dataset/Formal_Pant/formal_pant073.jpg,Formal_Pant
/content/stylemind-colab-prep/data/processed_dataset/Formal_Pant/formal_pant074.jpg,Formal_Pant
/content/stylemind-colab-prep/data/processed_dataset/Formal_Pant/formal_pant075.jpg,Formal_Pant
/content/stylemind-colab-prep/data/processed_dataset/Formal_Pant/formal_pant076.jpg,Formal_Pant
/content/stylemind-colab-prep/data/processed_dataset/Formal_Pant/formal_pant077.jpg,Formal_Pant
/content/stylemind-colab-prep/data/processed_dataset/Formal_Pant/formal_pant078.jpg,Formal_Pant
/content/stylemind-colab-prep/data/processed_dataset/Formal_Pant/formal_pant079.jpg,Formal_Pant
/content/stylemind-colab-prep/data/processed_dataset/Formal_Pant/formal_pant080.jpg,Formal_Pant
/content/stylemind-colab-prep/data/processed_dataset/Formal_Pant/formal_pant081.jpg,Formal_Pant
/content/stylemind-colab-prep/data/processed_dataset/Formal_Pant/formal_pant082.jpg,Formal_Pant
/content/stylemind-colab-prep/data/processed_dataset/Formal_Pant/formal_pant083.jpg,Formal_Pant
/content/stylemind-colab-prep/data/processed_dataset/Formal_Pant/formal_pant084.jpg,Formal_Pant
/content/stylemind-colab-prep/data/processed_dataset/Formal_Pant/formal_pant085.jpg,Formal_Pant
/content/stylemind-colab-prep/data/processed_dataset/Formal_Pant/formal_pant086.jpg,Formal_Pant
/content/stylemind-colab-prep/data/processed_dataset/Formal_Pant/formal_pant087.jpg,Formal_Pant
/content/stylemind-colab-prep/data/processed_dataset/Formal_Pant/formal_pant088.jpg,Formal_Pant
/content/stylemind-colab-prep/data/processed_dataset/Formal_Pant/formal_pant089.jpg,Formal_Pant
/content/stylemind-colab-prep/data/processed_dataset/Formal_Pant/formal_pant090.jpg,Formal_Pant
/content/stylemind-colab-prep/data/processed_dataset/Formal_Pant/formal_pant091.jpg,Formal_Pant
/content/stylemind-colab-prep/data/processed_dataset/Formal_Pant/formal_pant092.jpg,Formal_Pant
/content/stylemind-colab-prep/data/processed_dataset/Formal_Pant/formal_pant093.jpg,Formal_Pant
/content/stylemind-colab-prep/data/processed_dataset/Formal_Pant/formal_pant094.jpg,Formal_Pant
/content/stylemind-colab-prep/data/processed_dataset/Formal_Pant/formal_pant095.jpg,Formal_Pant
/content/stylemind-colab-prep/data/processed_dataset/Formal_Pant/formal_pant096.jpg,Formal_Pant
/content/stylemind-colab-prep/data/processed_dataset/Formal_Pant/formal_pant097.jpg,Formal_Pant
/content/stylemind-colab-prep/data/processed_dataset/Formal_Pant/formal_pant098.jpg,Formal_Pant
/content/stylemind-colab-prep/data/processed_dataset/Formal_Pant/formal_pant099.jpg,Formal_Pant
/content/stylemind-colab-prep/data/processed_dataset/Formal_Pant/formal_pant100.jpg,Formal_Pant
/content/stylemind-colab-prep/data/processed_dataset/Formal_Pant/formal_pant101.jpg,Formal_Pant
/content/stylemind-colab-prep/data/processed_dataset/Formal_Pant/formal_pant102.jpg,Formal_Pant
/content/stylemind-colab-prep/data/processed_dataset/Formal_Pant/formal_pant103.jpg,Formal_Pant
/content/stylemind-colab-prep/data/processed_dataset/Formal_Pant/formal_pant104.jpg,Formal_Pant
/content/stylemind-colab-prep/data/processed_dataset/Formal_Pant/formal_pant105.jpg,Formal_Pant
/content/stylemind-colab-prep/data/processed_dataset/Formal_Pant/formal_pant106.jpg,Formal_Pant
/content/stylemind-colab-prep/data/processed_dataset/Formal_Pant/formal_pant107.jpg,Formal_Pant
/content/stylemind-colab-prep/data/processed_dataset/Formal_Pant/formal_pant108.jpg,Formal_Pant
/content/stylemind-colab-prep/data/processed_dataset/Formal_Pant/formal_pant109.jpg,Formal_Pant
/content/stylemind-colab-prep/data/processed_dataset/Formal_Pant/formal_pant110.jpg,Formal_Pant
/content/stylemind-colab-prep/data/processed_dataset/Formal_Pant/formal_pant111.jpg,Formal_Pant
/content/stylemind-colab-prep/data/processed_dataset/Formal_Pant/formal_pant112.jpg,Formal_Pant
/content/stylemind-colab-prep/data/processed_dataset/Formal_Pant/formal_pant113.jpg,Formal_Pant
/content/stylemind-colab-prep/data/processed_dataset/Formal_Pant/formal_pant114.jpg,Formal_Pant
/content/stylemind-colab-prep/data/processed_dataset/Formal_Pant/formal_pant115.jpg,Formal_Pant
/content/stylemind-colab-prep/data/processed_dataset/Formal_Pant/formal_pant116.jpg,Formal_Pant
/content/stylemind-colab-prep/data/processed_dataset/Formal_Pant/formal_pant117.jpg,Formal_Pant
/content/stylemind-colab-prep/data/processed_dataset/Formal_Pant/formal_pant118.jpg,Formal_Pant
/content/stylemind-colab-prep/data/processed_dataset/Formal_Pant/formal_pant119.jpg,Formal_Pant
/content/stylemind-colab-prep/data/processed_dataset/Formal_Pant/formal_pant120.jpg,Formal_Pant
/content/stylemind-colab-prep/data/processed_dataset/Formal_Pant/formal_pant121.jpg,Formal_Pant
/content/stylemind-colab-prep/data/processed_dataset/Formal_Pant/formal_pant122.jpg,Formal_Pant
/content/stylemind-colab-prep/data/processed_dataset/Formal_Pant/formal_pant123.jpg,Formal_Pant
/content/stylemind-colab-prep/data/processed_dataset/Formal_Pant/formal_pant124.jpg,Formal_Pant
/content/stylemind-colab-prep/data/processed_dataset/Formal_Pant/formal_pant125.jpg,Formal_Pant
/content/stylemind-colab-prep/data/processed_dataset/Formal_Pant/formal_pant126.jpg,Formal_Pant
/content/stylemind-colab-prep/data/processed_dataset/Formal_Pant/formal_pant127.jpg,Formal_Pant
/content/stylemind-colab-prep/data/processed_dataset/Formal_Pant/formal_pant128.jpg,Formal_Pant
/content/stylemind-colab-prep/data/processed_dataset/Formal_Pant/formal_pant129.jpg,Formal_Pant
/content/stylemind-colab-prep/data/processed_dataset/Formal_Pant/formal_pant130.jpg,Formal_Pant
/content/stylemind-colab-prep/data/processed_dataset/Formal_Pant/formal_pant131.jpg,Formal_Pant
/content/stylemind-colab-prep/data/processed_dataset/Formal_Pant/formal_pant132.jpg,Formal_Pant
/content/stylemind-colab-prep/data/processed_dataset/Formal_Pant/formal_pant133.jpg,Formal_Pant
/content/stylemind-colab-prep/data/processed_dataset/Formal_Pant/formal_pant134.jpg,Formal_Pant
/content/stylemind-colab-prep/data/processed_dataset/Formal_Pant/formal_pant135.jpg,Formal_Pant
/content/stylemind-colab-prep/data/processed_dataset/Formal_Pant/formal_pant136.jpg,Formal_Pant
/content/stylemind-colab-prep/data/processed_dataset/Formal_Pant/formal_pant137.jpg,Formal_Pant
/content/stylemind-colab-prep/data/processed_dataset/Formal_Pant/formal_pant138.jpg,Formal_Pant
/content/stylemind-colab-prep/data/processed_dataset/Formal_Pant/formal_pant139.jpg,Formal_Pant
/content/stylemind-colab-prep/data/processed_dataset/Formal_Pant/formal_pant140.jpg,Formal_Pant
/content/stylemind-colab-prep/data/processed_dataset/Formal_Pant/formal_pant141.jpg,Formal_Pant
/content/stylemind-colab-prep/data/processed_dataset/Formal_Pant/formal_pant142.jpg,Formal_Pant
/content/stylemind-colab-prep/data/processed_dataset/Formal_Pant/formal_pant143.jpg,Formal_Pant
/content/stylemind-colab-prep/data/processed_dataset/Formal_Pant/formal_pant144.jpg,Formal_Pant
/content/stylemind-colab-prep/data/processed_dataset/Formal_Pant/formal_pant145.jpg,Formal_Pant
/content/stylemind-colab-prep/data/processed_dataset/Formal_Pant/formal_pant146.jpg,Formal_Pant
/content/stylemind-colab-prep/data/processed_dataset/Formal_Pant/formal_pant147.jpg,Formal_Pant
/content/stylemind-colab-prep/data/processed_dataset/Formal_Pant/formal_pant148.jpg,Formal_Pant
/content/stylemind-colab-prep/data/processed_dataset/Formal_Pant/formal_pant149.jpg,Formal_Pant
/content/stylemind-colab-prep/data/processed_dataset/Formal_Pant/formal_pant150.jpg,Formal_Pant
/content/stylemind-colab-prep/data/processed_dataset/Formal_Pant/formal_pant151.jpg,Formal_Pant
/content/stylemind-colab-prep/data/processed_dataset/Formal_Pant/formal_pant152.jpg,Formal_Pant
/content/stylemind-colab-prep/data/processed_dataset/Formal_Pant/formal_pant153.jpg,Formal_Pant
/content/stylemind-colab-prep/data/processed_dataset/Formal_Pant/formal_pant154.jpg,Formal_Pant
/content/stylemind-colab-prep/data/processed_dataset/Formal_Pant/formal_pant155.jpg,Formal_Pant
/content/stylemind-colab-prep/data/processed_dataset/Formal_Pant/formal_pant156.jpg,Formal_Pant
/content/stylemind-colab-prep/data/processed_dataset/Formal_Pant/formal_pant157.jpg,Formal_Pant
/content/stylemind-colab-prep/data/processed_dataset/Formal_Pant/formal_pant158.jpg,Formal_Pant
/content/stylemind-colab-prep/data/processed_dataset/Formal_Pant/formal_pant159.jpg,Formal_Pant
/content/stylemind-colab-prep/data/processed_dataset/Formal_Pant/formal_pant160.jpg,Formal_Pant
/content/stylemind-colab-prep/data/processed_dataset/Formal_Pant/formal_pant161.jpg,Formal_Pant
/content/stylemind-colab-prep/data/processed_dataset/Formal_Pant/formal_pant162.jpg,Formal_Pant
/content/stylemind-colab-prep/data/processed_dataset/Formal_Pant/formal_pant163.jpg,Formal_Pant
/content/stylemind-colab-prep/data/processed_dataset/Formal_Pant/formal_pant164.jpg,Formal_Pant
/content/stylemind-colab-prep/data/processed_dataset/Formal_Pant/formal_pant165.jpg,Formal_Pant
/content/stylemind-colab-prep/data/processed_dataset/Formal_Pant/formal_pant166.jpg,Formal_Pant
/content/stylemind-colab-prep/data/processed_dataset/Formal_Pant/formal_pant167.jpg,Formal_Pant
/content/stylemind-colab-prep/data/processed_dataset/Formal_Pant/formal_pant168.jpg,Formal_Pant
/content/stylemind-colab-prep/data/processed_dataset/Formal_Pant/formal_pant169.jpg,Formal_Pant
/content/stylemind-colab-prep/data/processed_dataset/Formal_Pant/formal_pant170.jpg,Formal_Pant
/content/stylemind-colab-prep/data/processed_dataset/Formal_Pant/formal_pant171.jpg,Formal_Pant
/content/stylemind-colab-prep/data/processed_dataset/Formal_Pant/formal_pant172.jpg,Formal_Pant
/content/stylemind-colab-prep/data/processed_dataset/Formal_Pant/formal_pant173.jpg,Formal_Pant
/content/stylemind-colab-prep/data/processed_dataset/Formal_Pant/formal_pant174.jpg,Formal_Pant
/content/stylemind-colab-prep/data/processed_dataset/Formal_Pant/formal_pant175.jpg,Formal_Pant
/content/stylemind-colab-prep/data/processed_dataset/Formal_Pant/formal_pant176.jpg,Formal_Pant
/content/stylemind-colab-prep/data/processed_dataset/Formal_Pant/formal_pant177.jpg,Formal_Pant
/content/stylemind-colab-prep/data/processed_dataset/Formal_Pant/formal_pant178.jpg,Formal_Pant
/content/stylemind-colab-prep/data/processed_dataset/Formal_Pant/formal_pant179.jpg,Formal_Pant
/content/stylemind-colab-prep/data/processed_dataset/Formal_Pant/formal_pant180.jpg,Formal_Pant
/content/stylemind-colab-prep/data/processed_dataset/Formal_Pant/formal_pant181.jpg,Formal_Pant
/content/stylemind-colab-prep/data/processed_dataset/Formal_Pant/formal_pant182.jpg,Formal_Pant
/content/stylemind-colab-prep/data/processed_dataset/Formal_Pant/formal_pant183.jpg,Formal_Pant
/content/stylemind-colab-prep/data/processed_dataset/Formal_Pant/formal_pant184.jpg,Formal_Pant
/content/stylemind-colab-prep/data/processed_dataset/Formal_Pant/formal_pant185.jpg,Formal_Pant
/content/stylemind-colab-prep/data/processed_dataset/Formal_Pant/formal_pant186.jpg,Formal_Pant
/content/stylemind-colab-prep/data/processed_dataset/Formal_Pant/formal_pant187.jpg,Formal_Pant
/content/stylemind-colab-prep/data/processed_dataset/Formal_Pant/formal_pant188.jpg,Formal_Pant
/content/stylemind-colab-prep/data/processed_dataset/Formal_Pant/formal_pant189.jpg,Formal_Pant
/content/stylemind-colab-prep/data/processed_dataset/Formal_Pant/formal_pant190.jpg,Formal_Pant
/content/stylemind-colab-prep/data/processed_dataset/Formal_Pant/formal_pant191.jpg,Formal_Pant
/content/stylemind-colab-prep/data/processed_dataset/Formal_Pant/formal_pant192.jpg,Formal_Pant
/content/stylemind-colab-prep/data/processed_dataset/Formal_Pant/formal_pant193.jpg,Formal_Pant
/content/stylemind-colab-prep/data/processed_dataset/Formal_Pant/formal_pant194.jpg,Formal_Pant
/content/stylemind-colab-prep/data/processed_dataset/Formal_Pant/formal_pant195.jpg,Formal_Pant
/content/stylemind-colab-prep/data/processed_dataset/Formal_Pant/formal_pant196.jpg,Formal_Pant
/content/stylemind-colab-prep/data/processed_dataset/Formal_Pant/formal_pant197.jpg,Formal_Pant
/content/stylemind-colab-prep/data/processed_dataset/Formal_Pant/formal_pant198.jpg,Formal_Pant
/content/stylemind-colab-prep/data/processed_dataset/Formal_Pant/formal_pant199.jpg,Formal_Pant
/content/stylemind-colab-prep/data/processed_dataset/Formal_Pant/formal_pant200.jpg,Formal_Pant
/content/stylemind-colab-prep/data/processed_dataset/Formal_Pant/formal_pant201.jpg,Formal_Pant
/content/stylemind-colab-prep/data/processed_dataset/Formal_Pant/formal_pant202.jpg,Formal_Pant
/content/stylemind-colab-prep/data/processed_dataset/Formal_Pant/formal_pant203.jpg,Formal_Pant
/content/stylemind-colab-prep/data/processed_dataset/Formal_Pant/formal_pant204.jpg,Formal_Pant
/content/stylemind-colab-prep/data/processed_dataset/Formal_Pant/formal_pant205.jpg,Formal_Pant
/content/stylemind-colab-prep/data/processed_dataset/Formal_Pant/formal_pant206.jpg,Formal_Pant
/content/stylemind-colab-prep/data/processed_dataset/Formal_Pant/formal_pant207.jpg,Formal_Pant
/content/stylemind-colab-prep/data/processed_dataset/Formal_Pant/formal_pant208.jpg,Formal_Pant
/content/stylemind-colab-prep/data/processed_dataset/Formal_Pant/formal_pant209.jpg,Formal_Pant
/content/stylemind-colab-prep/data/processed_dataset/Formal_Pant/formal_pant210.jpg,Formal_Pant
/content/stylemind-colab-prep/data/processed_dataset/Formal_Pant/formal_pant211.jpg,Formal_Pant
/content/stylemind-colab-prep/data/processed_dataset/Formal_Pant/formal_pant212.jpg,Formal_Pant
/content/stylemind-colab-prep/data/processed_dataset/Formal_Pant/formal_pant213.jpg,Formal_Pant
/content/stylemind-colab-prep/data/processed_dataset/Formal_Pant/formal_pant214.jpg,Formal_Pant
/content/stylemind-colab-prep/data/processed_dataset/Formal_Pant/formal_pant215.jpg,Formal_Pant
/content/stylemind-colab-prep/data/processed_dataset/Formal_Pant/formal_pant216.jpg,Formal_Pant
/content/stylemind-colab-prep/data/processed_dataset/Formal_Pant/formal_pant217.jpg,Formal_Pant
/content/stylemind-colab-prep/data/processed_dataset/Formal_Pant/formal_pant218.jpg,Formal_Pant
/content/stylemind-colab-prep/data/processed_dataset/Formal_Pant/formal_pant219.jpg,Formal_Pant
/content/stylemind-colab-prep/data/processed_dataset/Formal_Pant/formal_pant220.jpg,Formal_Pant
/content/stylemind-colab-prep/data/processed_dataset/Formal_Pant/formal_pant221.jpg,Formal_Pant
/content/stylemind-colab-prep/data/processed_dataset/Formal_Pant/formal_pant222.jpg,Formal_Pant
/content/stylemind-colab-prep/data/processed_dataset/Formal_Pant/formal_pant223.jpg,Formal_Pant
/content/stylemind-colab-prep/data/processed_dataset/Formal_Pant/formal_pant224.jpg,Formal_Pant
/content/stylemind-colab-prep/data/processed_dataset/Formal_Pant/formal_pant225.jpg,Formal_Pant
/content/stylemind-colab-prep/data/processed_dataset/Formal_Pant/formal_pant226.jpg,Formal_Pant
/content/stylemind-colab-prep/data/processed_dataset/Formal_Pant/formal_pant227.jpg,Formal_Pant
/content/stylemind-colab-prep/data/processed_dataset/Formal_Pant/formal_pant228.jpg,Formal_Pant
/content/stylemind-colab-prep/data/processed_dataset/Formal_Pant/formal_pant229.jpg,Formal_Pant
/content/stylemind-colab-prep/data/processed_dataset/Formal_Pant/formal_pant230.jpg,Formal_Pant
/content/stylemind-colab-prep/data/processed_dataset/Formal_Pant/formal_pant231.jpg,Formal_Pant
/content/stylemind-colab-prep/data/processed_dataset/Formal_Pant/formal_pant232.jpg,Formal_Pant
/content/stylemind-colab-prep/data/processed_dataset/Formal_Pant/formal_pant233.jpg,Formal_Pant
/content/stylemind-colab-prep/data/processed_dataset/Formal_Pant/formal_pant234.jpg,Formal_Pant
/content/stylemind-colab-prep/data/processed_dataset/Formal_Pant/formal_pant235.jpg,Formal_Pant
/content/stylemind-colab-prep/data/processed_dataset/Formal_Pant/formal_pant236.jpg,Formal_Pant
/content/stylemind-colab-prep/data/processed_dataset/Formal_Pant/formal_pant237.jpg,Formal_Pant
/content/stylemind-colab-prep/data/processed_dataset/Formal_Pant/formal_pant238.jpg,Formal_Pant
/content/stylemind-colab-prep/data/processed_dataset/Formal_Pant/formal_pant239.jpg,Formal_Pant
/content/stylemind-colab-prep/data/processed_dataset/Formal_Pant/formal_pant240.jpg,Formal_Pant
/content/stylemind-colab-prep/data/processed_dataset/Formal_Pant/formal_pant241.jpg,Formal_Pant
/content/stylemind-colab-prep/data/processed_dataset/Formal_Pant/formal_pant242.jpg,Formal_Pant
/content/stylemind-colab-prep/data/processed_dataset/Formal_Pant/formal_pant243.jpg,Formal_Pant
/content/stylemind-colab-prep/data/processed_dataset/Formal_Pant/formal_pant244.jpg,Formal_Pant
/content/stylemind-colab-prep/data/processed_dataset/Formal_Pant/formal_pant245.jpg,Formal_Pant
/content/stylemind-colab-prep/data/processed_dataset/Formal_Pant/formal_pant246.jpg,Formal_Pant
/content/stylemind-colab-prep/data/processed_dataset/Formal_Pant/formal_pant247.jpg,Formal_Pant
/content/stylemind-colab-prep/data/processed_dataset/Formal_Pant/formal_pant248.jpg,Formal_Pant
/content/stylemind-colab-prep/data/processed_dataset/Formal_Pant/formal_pant249.jpg,Formal_Pant
/content/stylemind-colab-prep/data/processed_dataset/Formal_Pant/formal_pant250.jpg,Formal_Pant
/content/stylemind-colab-prep/data/processed_dataset/Formal_Pant/formal_pant251.jpg,Formal_Pant
/content/stylemind-colab-prep/data/processed_dataset/Formal_Pant/formal_pant252.jpg,Formal_Pant
/content/stylemind-colab-prep/data/processed_dataset/Formal_Pant/formal_pant253.jpg,Formal_Pant
/content/stylemind-colab-prep/data/processed_dataset/Formal_Pant/formal_pant254.jpg,Formal_Pant
/content/stylemind-colab-prep/data/processed_dataset/Formal_Pant/formal_pant255.jpg,Formal_Pant
/content/stylemind-colab-prep/data/processed_dataset/Formal_Pant/formal_pant256.jpg,Formal_Pant
/content/stylemind-colab-prep/data/processed_dataset/Formal_Pant/formal_pant257.jpg,Formal_Pant
/content/stylemind-colab-prep/data/processed_dataset/Formal_Pant/formal_pant258.jpg,Formal_Pant
/content/stylemind-colab-prep/data/processed_dataset/Formal_Pant/formal_pant259.jpg,Formal_Pant
/content/stylemind-colab-prep/data/processed_dataset/Formal_Pant/formal_pant260.jpg,Formal_Pant
/content/stylemind-colab-prep/data/processed_dataset/Formal_Pant/formal_pant261.jpg,Formal_Pant
/content/stylemind-colab-prep/data/processed_dataset/Formal_Pant/formal_pant262.jpg,Formal_Pant
/content/stylemind-colab-prep/data/processed_dataset/Formal_Pant/formal_pant263.jpg,Formal_Pant
/content/stylemind-colab-prep/data/processed_dataset/Formal_Pant/formal_pant264.jpg,Formal_Pant
/content/stylemind-colab-prep/data/processed_dataset/Formal_Pant/formal_pant265.jpg,Formal_Pant
/content/stylemind-colab-prep/data/processed_dataset/Formal_Pant/formal_pant266.jpg,Formal_Pant
/content/stylemind-colab-prep/data/processed_dataset/Formal_Pant/formal_pant267.jpg,Formal_Pant
/content/stylemind-colab-prep/data/processed_dataset/Formal_Pant/formal_pant268.jpg,Formal_Pant
/content/stylemind-colab-prep/data/processed_dataset/Formal_Pant/formal_pant269.jpg,Formal_Pant
/content/stylemind-colab-prep/data/processed_dataset/Formal_Pant/formal_pant270.jpg,Formal_Pant
/content/stylemind-colab-prep/data/processed_dataset/Formal_Pant/formal_pant271.jpg,Formal_Pant
/content/stylemind-colab-prep/data/processed_dataset/Formal_Pant/formal_pant272.jpg,Formal_Pant
/content/stylemind-colab-prep/data/processed_dataset/Formal_Pant/formal_pant273.jpg,Formal_Pant
/content/stylemind-colab-prep/data/processed_dataset/Formal_Pant/formal_pant274.jpg,Formal_Pant
/content/stylemind-colab-prep/data/processed_dataset/Formal_Pant/formal_pant275.jpg,Formal_Pant
/content/stylemind-colab-prep/data/processed_dataset/Formal_Pant/formal_pant276.jpg,Formal_Pant
/content/stylemind-colab-prep/data/processed_dataset/Formal_Pant/formal_pant277.jpg,Formal_Pant
/content/stylemind-colab-prep/data/processed_dataset/Formal_Pant/formal_pant278.jpg,Formal_Pant
/content/stylemind-colab-prep/data/processed_dataset/Formal_Pant/formal_pant279.jpg,Formal_Pant
/content/stylemind-colab-prep/data/processed_dataset/Formal_Pant/formal_pant280.jpg,Formal_Pant
/content/stylemind-colab-prep/data/processed_dataset/Formal_Pant/formal_pant281.jpg,Formal_Pant
/content/stylemind-colab-prep/data/processed_dataset/Formal_Pant/formal_pant282.jpg,Formal_Pant
/content/stylemind-colab-prep/data/processed_dataset/Formal_Pant/formal_pant283.jpg,Formal_Pant
/content/stylemind-colab-prep/data/processed_dataset/Formal_Pant/formal_pant284.jpg,Formal_Pant
/content/stylemind-colab-prep/data/processed_dataset/Formal_Pant/formal_pant285.jpg,Formal_Pant
/content/stylemind-colab-prep/data/processed_dataset/Formal_Pant/formal_pant286.jpg,Formal_Pant
/content/stylemind-colab-prep/data/processed_dataset/Formal_Pant/formal_pant287.jpg,Formal_Pant
/content/stylemind-colab-prep/data/processed_dataset/Formal_Pant/formal_pant288.jpg,Formal_Pant
/content/stylemind-colab-prep/data/processed_dataset/Formal_Pant/formal_pant289.jpg,Formal_Pant
/content/stylemind-colab-prep/data/processed_dataset/Formal_Pant/formal_pant290.jpg,Formal_Pant
/content/stylemind-colab-prep/data/processed_dataset/Formal_Pant/formal_pant291.jpg,Formal_Pant
/content/stylemind-colab-prep/data/processed_dataset/Formal_Pant/formal_pant292.jpg,Formal_Pant
/content/stylemind-colab-prep/data/processed_dataset/Formal_Pant/formal_pant293.jpg,Formal_Pant
/content/stylemind-colab-prep/data/processed_dataset/Formal_Pant/formal_pant294.jpg,Formal_Pant
/content/stylemind-colab-prep/data/processed_dataset/Formal_Pant/formal_pant295.jpg,Formal_Pant
/content/stylemind-colab-prep/data/processed_dataset/Formal_Pant/formal_pant296.jpg,Formal_Pant
/content/stylemind-colab-prep/data/processed_dataset/Formal_Pant/formal_pant297.jpg,Formal_Pant
/content/stylemind-colab-prep/data/processed_dataset/Formal_Pant/formal_pant298.jpg,Formal_Pant
/content/stylemind-colab-prep/data/processed_dataset/Formal_Pant/formal_pant299.jpg,Formal_Pant
/content/stylemind-colab-prep/data/processed_dataset/Formal_Pant/formal_pant300.jpg,Formal_Pant
/content/stylemind-colab-prep/data/processed_dataset/Formal_Pant/formal_pant301.jpg,Formal_Pant
/content/stylemind-colab-prep/data/processed_dataset/Formal_Pant/formal_pant302.jpg,Formal_Pant
/content/stylemind-colab-prep/data/processed_dataset/Formal_Pant/formal_pant303.jpg,Formal_Pant
/content/stylemind-colab-prep/data/processed_dataset/Formal_Pant/formal_pant304.jpg,Formal_Pant
/content/stylemind-colab-prep/data/processed_dataset/Formal_Pant/formal_pant305.jpg,Formal_Pant
/content/stylemind-colab-prep/data/processed_dataset/Formal_Pant/formal_pant306.jpg,Formal_Pant
/content/stylemind-colab-prep/data/processed_dataset/Formal_Pant/formal_pant307.jpg,Formal_Pant
/content/stylemind-colab-prep/data/processed_dataset/Formal_Pant/formal_pant308.jpg,Formal_Pant
/content/stylemind-colab-prep/data/processed_dataset/Formal_Pant/formal_pant309.jpg,Formal_Pant
/content/stylemind-colab-prep/data/processed_dataset/Formal_Pant/formal_pant310.jpg,Formal_Pant
/content/stylemind-colab-prep/data/processed_dataset/Formal_Pant/formal_pant311.jpg,Formal_Pant
/content/stylemind-colab-prep/data/processed_dataset/Formal_Pant/formal_pant312.jpg,Formal_Pant
/content/stylemind-colab-prep/data/processed_dataset/Formal_Pant/formal_pant313.jpg,Formal_Pant
/content/stylemind-colab-prep/data/processed_dataset/Formal_Pant/formal_pant314.jpg,Formal_Pant
/content/stylemind-colab-prep/data/processed_dataset/Formal_Pant/formal_pant315.jpg,Formal_Pant
/content/stylemind-colab-prep/data/processed_dataset/Formal_Pant/formal_pant316.jpg,Formal_Pant
/content/stylemind-colab-prep/data/processed_dataset/Formal_Pant/formal_pant317.jpg,Formal_Pant
/content/stylemind-colab-prep/data/processed_dataset/Formal_Pant/formal_pant318.jpg,Formal_Pant
/content/stylemind-colab-prep/data/processed_dataset/Formal_Pant/formal_pant319.jpg,Formal_Pant
/content/stylemind-colab-prep/data/processed_dataset/Formal_Pant/formal_pant320.jpg,Formal_Pant
/content/stylemind-colab-prep/data/processed_dataset/Formal_Pant/formal_pant321.jpg,Formal_Pant
/content/stylemind-colab-prep/data/processed_dataset/Formal_Pant/formal_pant322.jpg,Formal_Pant
/content/stylemind-colab-prep/data/processed_dataset/Formal_Pant/formal_pant323.jpg,Formal_Pant
/content/stylemind-colab-prep/data/processed_dataset/Formal_Pant/formal_pant324.jpg,Formal_Pant
/content/stylemind-colab-prep/data/processed_dataset/Formal_Pant/formal_pant325.jpg,Formal_Pant
/content/stylemind-colab-prep/data/processed_dataset/Formal_Pant/formal_pant326.jpg,Formal_Pant
/content/stylemind-colab-prep/data/processed_dataset/Formal_Pant/formal_pant327.jpg,Formal_Pant
/content/stylemind-colab-prep/data/processed_dataset/Formal_Pant/formal_pant328.jpg,Formal_Pant
/content/stylemind-colab-prep/data/processed_dataset/Formal_Pant/formal_pant329.jpg,Formal_Pant
/content/stylemind-colab-prep/data/processed_dataset/Formal_Pant/formal_pant330.jpg,Formal_Pant
/content/stylemind-colab-prep/data/processed_dataset/Formal_Pant/formal_pant331.jpg,Formal_Pant
/content/stylemind-colab-prep/data/processed_dataset/Formal_Pant/formal_pant332.jpg,Formal_Pant
/content/stylemind-colab-prep/data/processed_dataset/Formal_Pant/formal_pant333.jpg,Formal_Pant
/content/stylemind-colab-prep/data/processed_dataset/Formal_Pant/formal_pant334.jpg,Formal_Pant
/content/stylemind-colab-prep/data/processed_dataset/Formal_Pant/formal_pant335.jpg,Formal_Pant
/content/stylemind-colab-prep/data/processed_dataset/Formal_Pant/formal_pant336.jpg,Formal_Pant
/content/stylemind-colab-prep/data/processed_dataset/Formal_Pant/formal_pant337.jpg,Formal_Pant
/content/stylemind-colab-prep/data/processed_dataset/Formal_Pant/formal_pant338.jpg,Formal_Pant
/content/stylemind-colab-prep/data/processed_dataset/Formal_Pant/formal_pant339.jpg,Formal_Pant
/content/stylemind-colab-prep/data/processed_dataset/Formal_Pant/formal_pant340.jpg,Formal_Pant
/content/stylemind-colab-prep/data/processed_dataset/Formal_Pant/formal_pant341.jpg,Formal_Pant
/content/stylemind-colab-prep/data/processed_dataset/Formal_Pant/formal_pant342.jpg,Formal_Pant
/content/stylemind-colab-prep/data/processed_dataset/Formal_Pant/formal_pant343.jpg,Formal_Pant
/content/stylemind-colab-prep/data/processed_dataset/Formal_Pant/formal_pant344.jpg,Formal_Pant
/content/stylemind-colab-prep/data/processed_dataset/Formal_Pant/formal_pant345.jpg,Formal_Pant
/content/stylemind-colab-prep/data/processed_dataset/Formal_Pant/formal_pant346.jpg,Formal_Pant
/content/stylemind-colab-prep/data/processed_dataset/Formal_Pant/formal_pant347.jpg,Formal_Pant
/content/stylemind-colab-prep/data/processed_dataset/Formal_Pant/formal_pant348.jpg,Formal_Pant
/content/stylemind-colab-prep/data/processed_dataset/Formal_Pant/formal_pant349.jpg,Formal_Pant
/content/stylemind-colab-prep/data/processed_dataset/Formal_Pant/formal_pant350.jpg,Formal_Pant
/content/stylemind-colab-prep/data/processed_dataset/Formal_Pant/formal_pant351.jpg,Formal_Pant
/content/stylemind-colab-prep/data/processed_dataset/Formal_Pant/formal_pant352.jpg,Formal_Pant
/content/stylemind-colab-prep/data/processed_dataset/Formal_Pant/formal_pant353.jpg,Formal_Pant
/content/stylemind-colab-prep/data/processed_dataset/Formal_Pant/formal_pant354.jpg,Formal_Pant
/content/stylemind-colab-prep/data/processed_dataset/Formal_Pant/formal_pant355.jpg,Formal_Pant
/content/stylemind-colab-prep/data/processed_dataset/Formal_Pant/formal_pant356.jpg,Formal_Pant
/content/stylemind-colab-prep/data/processed_dataset/Formal_Pant/formal_pant357.jpg,Formal_Pant
/content/stylemind-colab-prep/data/processed_dataset/Formal_Pant/formal_pant358.jpg,Formal_Pant
/content/stylemind-colab-prep/data/processed_dataset/Formal_Pant/formal_pant359.jpg,Formal_Pant
/content/stylemind-colab-prep/data/processed_dataset/Formal_Pant/formal_pant360.jpg,Formal_Pant
/content/stylemind-colab-prep/data/processed_dataset/Formal_Pant/formal_pant361.jpg,Formal_Pant
/content/stylemind-colab-prep/data/processed_dataset/Formal_Pant/formal_pant362.jpg,Formal_Pant
/content/stylemind-colab-prep/data/processed_dataset/Formal_Pant/formal_pant363.jpg,Formal_Pant
/content/stylemind-colab-prep/data/processed_dataset/Formal_Pant/formal_pant364.jpg,Formal_Pant
/content/stylemind-colab-prep/data/processed_dataset/Formal_Pant/formal_pant365.jpg,Formal_Pant
/content/stylemind-colab-prep/data/processed_dataset/Formal_Pant/formal_pant366.jpg,Formal_Pant
/content/stylemind-colab-prep/data/processed_dataset/Formal_Pant/formal_pant367.jpg,Formal_Pant
/content/stylemind-colab-prep/data/processed_dataset/Formal_Pant/formal_pant368.jpg,Formal_Pant
/content/stylemind-colab-prep/data/processed_dataset/Formal_Pant/formal_pant369.jpg,Formal_Pant
/content/stylemind-colab-prep/data/processed_dataset/Formal_Pant/formal_pant370.jpg,Formal_Pant
/content/stylemind-colab-prep/data/processed_dataset/Formal_Pant/formal_pant371.jpg,Formal_Pant
/content/stylemind-colab-prep/data/processed_dataset/Formal_Pant/formal_pant372.jpg,Formal_Pant
/content/stylemind-colab-prep/data/processed_dataset/Formal_Pant/formal_pant373.jpg,Formal_Pant
/content/stylemind-colab-prep/data/processed_dataset/Formal_Pant/formal_pant374.jpg,Formal_Pant
/content/stylemind-colab-prep/data/processed_dataset/Formal_Pant/formal_pant375.jpg,Formal_Pant
/content/stylemind-colab-prep/data/processed_dataset/Formal_Pant/formal_pant376.jpg,Formal_Pant
/content/stylemind-colab-prep/data/processed_dataset/Formal_Pant/formal_pant377.jpg,Formal_Pant
/content/stylemind-colab-prep/data/processed_dataset/Formal_Pant/formal_pant378.jpg,Formal_Pant
/content/stylemind-colab-prep/data/processed_dataset/Formal_Pant/formal_pant379.jpg,Formal_Pant
/content/stylemind-colab-prep/data/processed_dataset/Formal_Pant/formal_pant380.jpg,Formal_Pant
/content/stylemind-colab-prep/data/processed_dataset/Formal_Pant/formal_pant381.jpg,Formal_Pant
/content/stylemind-colab-prep/data/processed_dataset/Formal_Pant/formal_pant382.jpg,Formal_Pant
/content/stylemind-colab-prep/data/processed_dataset/Formal_Pant/formal_pant383.jpg,Formal_Pant
/content/stylemind-colab-prep/data/processed_dataset/Formal_Pant/formal_pant384.jpg,Formal_Pant
/content/stylemind-colab-prep/data/processed_dataset/Formal_Pant/formal_pant385.jpg,Formal_Pant
/content/stylemind-colab-prep/data/processed_dataset/Formal_Pant/formal_pant386.jpg,Formal_Pant
/content/stylemind-colab-prep/data/processed_dataset/Formal_Pant/formal_pant387.jpg,Formal_Pant
/content/stylemind-colab-prep/data/processed_dataset/Formal_Pant/formal_pant388.jpg,Formal_Pant
/content/stylemind-colab-prep/data/processed_dataset/Formal_Pant/formal_pant389.jpg,Formal_Pant
/content/stylemind-colab-prep/data/processed_dataset/Formal_Pant/formal_pant390.jpg,Formal_Pant
/content/stylemind-colab-prep/data/processed_dataset/Formal_Pant/formal_pant391.jpg,Formal_Pant
/content/stylemind-colab-prep/data/processed_dataset/Formal_Pant/formal_pant392.jpg,Formal_Pant
/content/stylemind-colab-prep/data/processed_dataset/Formal_Pant/formal_pant393.jpg,Formal_Pant
/content/stylemind-colab-prep/data/processed_dataset/Formal_Pant/formal_pant394.jpg,Formal_Pant
/content/stylemind-colab-prep/data/processed_dataset/Formal_Pant/formal_pant395.jpg,Formal_Pant
/content/stylemind-colab-prep/data/processed_dataset/Formal_Pant/formal_pant396.jpg,Formal_Pant
/content/stylemind-colab-prep/data/processed_dataset/Formal_Pant/formal_pant397.jpg,Formal_Pant
/content/stylemind-colab-prep/data/processed_dataset/Formal_Pant/formal_pant398.jpg,Formal_Pant
/content/stylemind-colab-prep/data/processed_dataset/Formal_Pant/formal_pant399.jpg,Formal_Pant
/content/stylemind-colab-prep/data/processed_dataset/Formal_Pant/formal_pant400.jpg,Formal_Pant
/content/stylemind-colab-prep/data/processed_dataset/Jacket/jacket001.jpg,Jacket
/content/stylemind-colab-prep/data/processed_dataset/Jacket/jacket002.jpg,Jacket
/content/stylemind-colab-prep/data/processed_dataset/Jacket/jacket003.jpg,Jacket
/content/stylemind-colab-prep/data/processed_dataset/Jacket/jacket004.jpg,Jacket
/content/stylemind-colab-prep/data/processed_dataset/Jacket/jacket005.jpg,Jacket
/content/stylemind-colab-prep/data/processed_dataset/Jacket/jacket006.jpg,Jacket
/content/stylemind-colab-prep/data/processed_dataset/Jacket/jacket007.jpg,Jacket
/content/stylemind-colab-prep/data/processed_dataset/Jacket/jacket008.jpg,Jacket
/content/stylemind-colab-prep/data/processed_dataset/Jacket/jacket009.jpg,Jacket
/content/stylemind-colab-prep/data/processed_dataset/Jacket/jacket010.jpg,Jacket
/content/stylemind-colab-prep/data/processed_dataset/Jacket/jacket011.jpg,Jacket
/content/stylemind-colab-prep/data/processed_dataset/Jacket/jacket012.jpg,Jacket
/content/stylemind-colab-prep/data/processed_dataset/Jacket/jacket013.jpg,Jacket
/content/stylemind-colab-prep/data/processed_dataset/Jacket/jacket014.jpg,Jacket
/content/stylemind-colab-prep/data/processed_dataset/Jacket/jacket015.jpg,Jacket
/content/stylemind-colab-prep/data/processed_dataset/Jacket/jacket016.jpg,Jacket
/content/stylemind-colab-prep/data/processed_dataset/Jacket/jacket017.jpg,Jacket
/content/stylemind-colab-prep/data/processed_dataset/Jacket/jacket018.jpg,Jacket
/content/stylemind-colab-prep/data/processed_dataset/Jacket/jacket019.jpg,Jacket
/content/stylemind-colab-prep/data/processed_dataset/Jacket/jacket020.jpg,Jacket
/content/stylemind-colab-prep/data/processed_dataset/Jacket/jacket021.jpg,Jacket
/content/stylemind-colab-prep/data/processed_dataset/Jacket/jacket022.jpg,Jacket
/content/stylemind-colab-prep/data/processed_dataset/Jacket/jacket023.jpg,Jacket
/content/stylemind-colab-prep/data/processed_dataset/Jacket/jacket024.jpg,Jacket
/content/stylemind-colab-prep/data/processed_dataset/Jacket/jacket025.jpg,Jacket
/content/stylemind-colab-prep/data/processed_dataset/Jacket/jacket026.jpg,Jacket
/content/stylemind-colab-prep/data/processed_dataset/Jacket/jacket027.jpg,Jacket
/content/stylemind-colab-prep/data/processed_dataset/Jacket/jacket028.jpg,Jacket
/content/stylemind-colab-prep/data/processed_dataset/Jacket/jacket029.jpg,Jacket
/content/stylemind-colab-prep/data/processed_dataset/Jacket/jacket030.jpg,Jacket
/content/stylemind-colab-prep/data/processed_dataset/Jacket/jacket031.jpg,Jacket
/content/stylemind-colab-prep/data/processed_dataset/Jacket/jacket032.jpg,Jacket
/content/stylemind-colab-prep/data/processed_dataset/Jacket/jacket033.jpg,Jacket
/content/stylemind-colab-prep/data/processed_dataset/Jacket/jacket034.jpg,Jacket
/content/stylemind-colab-prep/data/processed_dataset/Jacket/jacket035.jpg,Jacket
/content/stylemind-colab-prep/data/processed_dataset/Jacket/jacket036.jpg,Jacket
/content/stylemind-colab-prep/data/processed_dataset/Jacket/jacket037.jpg,Jacket
/content/stylemind-colab-prep/data/processed_dataset/Jacket/jacket038.jpg,Jacket
/content/stylemind-colab-prep/data/processed_dataset/Jacket/jacket039.jpg,Jacket
/content/stylemind-colab-prep/data/processed_dataset/Jacket/jacket040.jpg,Jacket
/content/stylemind-colab-prep/data/processed_dataset/Jacket/jacket041.jpg,Jacket
/content/stylemind-colab-prep/data/processed_dataset/Jacket/jacket042.jpg,Jacket
/content/stylemind-colab-prep/data/processed_dataset/Jacket/jacket043.jpg,Jacket
/content/stylemind-colab-prep/data/processed_dataset/Jacket/jacket044.jpg,Jacket
/content/stylemind-colab-prep/data/processed_dataset/Jacket/jacket045.jpg,Jacket
/content/stylemind-colab-prep/data/processed_dataset/Jacket/jacket046.jpg,Jacket
/content/stylemind-colab-prep/data/processed_dataset/Jacket/jacket047.jpg,Jacket
/content/stylemind-colab-prep/data/processed_dataset/Jacket/jacket048.jpg,Jacket
/content/stylemind-colab-prep/data/processed_dataset/Jacket/jacket049.jpg,Jacket
/content/stylemind-colab-prep/data/processed_dataset/Jacket/jacket050.jpg,Jacket
/content/stylemind-colab-prep/data/processed_dataset/Jacket/jacket051.jpg,Jacket
/content/stylemind-colab-prep/data/processed_dataset/Jacket/jacket052.jpg,Jacket
/content/stylemind-colab-prep/data/processed_dataset/Jacket/jacket053.jpg,Jacket
/content/stylemind-colab-prep/data/processed_dataset/Jacket/jacket054.jpg,Jacket
/content/stylemind-colab-prep/data/processed_dataset/Jacket/jacket055.jpg,Jacket
/content/stylemind-colab-prep/data/processed_dataset/Jacket/jacket056.jpg,Jacket
/content/stylemind-colab-prep/data/processed_dataset/Jacket/jacket057.jpg,Jacket
/content/stylemind-colab-prep/data/processed_dataset/Jacket/jacket058.jpg,Jacket
/content/stylemind-colab-prep/data/processed_dataset/Jacket/jacket059.jpg,Jacket
/content/stylemind-colab-prep/data/processed_dataset/Jacket/jacket060.jpg,Jacket
/content/stylemind-colab-prep/data/processed_dataset/Jacket/jacket061.jpg,Jacket
/content/stylemind-colab-prep/data/processed_dataset/Jacket/jacket062.jpg,Jacket
/content/stylemind-colab-prep/data/processed_dataset/Jacket/jacket063.jpg,Jacket
/content/stylemind-colab-prep/data/processed_dataset/Jacket/jacket064.jpg,Jacket
/content/stylemind-colab-prep/data/processed_dataset/Jacket/jacket065.jpg,Jacket
/content/stylemind-colab-prep/data/processed_dataset/Jacket/jacket066.jpg,Jacket
/content/stylemind-colab-prep/data/processed_dataset/Jacket/jacket067.jpg,Jacket
/content/stylemind-colab-prep/data/processed_dataset/Jacket/jacket068.jpg,Jacket
/content/stylemind-colab-prep/data/processed_dataset/Jacket/jacket069.jpg,Jacket
/content/stylemind-colab-prep/data/processed_dataset/Jacket/jacket070.jpg,Jacket
/content/stylemind-colab-prep/data/processed_dataset/Jacket/jacket071.jpg,Jacket
/content/stylemind-colab-prep/data/processed_dataset/Jacket/jacket072.jpg,Jacket
/content/stylemind-colab-prep/data/processed_dataset/Jacket/jacket073.jpg,Jacket
/content/stylemind-colab-prep/data/processed_dataset/Jacket/jacket074.jpg,Jacket
/content/stylemind-colab-prep/data/processed_dataset/Jacket/jacket075.jpg,Jacket
/content/stylemind-colab-prep/data/processed_dataset/Jacket/jacket076.jpg,Jacket
/content/stylemind-colab-prep/data/processed_dataset/Jacket/jacket077.jpg,Jacket
/content/stylemind-colab-prep/data/processed_dataset/Jacket/jacket078.jpg,Jacket
/content/stylemind-colab-prep/data/processed_dataset/Jacket/jacket079.jpg,Jacket
/content/stylemind-colab-prep/data/processed_dataset/Jacket/jacket080.jpg,Jacket
/content/stylemind-colab-prep/data/processed_dataset/Jacket/jacket081.jpg,Jacket
/content/stylemind-colab-prep/data/processed_dataset/Jacket/jacket082.jpg,Jacket
/content/stylemind-colab-prep/data/processed_dataset/Jacket/jacket083.jpg,Jacket
/content/stylemind-colab-prep/data/processed_dataset/Jacket/jacket084.jpg,Jacket
/content/stylemind-colab-prep/data/processed_dataset/Jacket/jacket085.jpg,Jacket
/content/stylemind-colab-prep/data/processed_dataset/Jacket/jacket086.jpg,Jacket
/content/stylemind-colab-prep/data/processed_dataset/Jacket/jacket087.jpg,Jacket
/content/stylemind-colab-prep/data/processed_dataset/Jacket/jacket088.jpg,Jacket
/content/stylemind-colab-prep/data/processed_dataset/Jacket/jacket089.jpg,Jacket
/content/stylemind-colab-prep/data/processed_dataset/Jacket/jacket090.jpg,Jacket
/content/stylemind-colab-prep/data/processed_dataset/Jacket/jacket091.jpg,Jacket
/content/stylemind-colab-prep/data/processed_dataset/Jacket/jacket092.jpg,Jacket
/content/stylemind-colab-prep/data/processed_dataset/Jacket/jacket093.jpg,Jacket
/content/stylemind-colab-prep/data/processed_dataset/Jacket/jacket094.jpg,Jacket
/content/stylemind-colab-prep/data/processed_dataset/Jacket/jacket095.jpg,Jacket
/content/stylemind-colab-prep/data/processed_dataset/Jacket/jacket096.jpg,Jacket
/content/stylemind-colab-prep/data/processed_dataset/Jacket/jacket097.jpg,Jacket
/content/stylemind-colab-prep/data/processed_dataset/Jacket/jacket098.jpg,Jacket
/content/stylemind-colab-prep/data/processed_dataset/Jacket/jacket099.jpg,Jacket
/content/stylemind-colab-prep/data/processed_dataset/Jacket/jacket100.jpg,Jacket
/content/stylemind-colab-prep/data/processed_dataset/Jacket/jacket101.jpg,Jacket
/content/stylemind-colab-prep/data/processed_dataset/Jacket/jacket102.jpg,Jacket
/content/stylemind-colab-prep/data/processed_dataset/Jacket/jacket103.jpg,Jacket
/content/stylemind-colab-prep/data/processed_dataset/Jacket/jacket104.jpg,Jacket
/content/stylemind-colab-prep/data/processed_dataset/Jacket/jacket105.jpg,Jacket
/content/stylemind-colab-prep/data/processed_dataset/Jacket/jacket106.jpg,Jacket
/content/stylemind-colab-prep/data/processed_dataset/Jacket/jacket107.jpg,Jacket
/content/stylemind-colab-prep/data/processed_dataset/Jacket/jacket108.jpg,Jacket
/content/stylemind-colab-prep/data/processed_dataset/Jacket/jacket109.jpg,Jacket
/content/stylemind-colab-prep/data/processed_dataset/Jacket/jacket110.jpg,Jacket
/content/stylemind-colab-prep/data/processed_dataset/Jacket/jacket111.jpg,Jacket
/content/stylemind-colab-prep/data/processed_dataset/Jacket/jacket112.jpg,Jacket
/content/stylemind-colab-prep/data/processed_dataset/Jacket/jacket113.jpg,Jacket
/content/stylemind-colab-prep/data/processed_dataset/Jacket/jacket114.jpg,Jacket
/content/stylemind-colab-prep/data/processed_dataset/Jacket/jacket115.jpg,Jacket
/content/stylemind-colab-prep/data/processed_dataset/Jacket/jacket116.jpg,Jacket
/content/stylemind-colab-prep/data/processed_dataset/Jacket/jacket117.jpg,Jacket
/content/stylemind-colab-prep/data/processed_dataset/Jacket/jacket118.jpg,Jacket
/content/stylemind-colab-prep/data/processed_dataset/Jacket/jacket119.jpg,Jacket
/content/stylemind-colab-prep/data/processed_dataset/Jacket/jacket120.jpg,Jacket
/content/stylemind-colab-prep/data/processed_dataset/Jacket/jacket121.jpg,Jacket
/content/stylemind-colab-prep/data/processed_dataset/Jacket/jacket122.jpg,Jacket
/content/stylemind-colab-prep/data/processed_dataset/Jacket/jacket123.jpg,Jacket
/content/stylemind-colab-prep/data/processed_dataset/Jacket/jacket124.jpg,Jacket
/content/stylemind-colab-prep/data/processed_dataset/Jacket/jacket125.jpg,Jacket
/content/stylemind-colab-prep/data/processed_dataset/Jacket/jacket126.jpg,Jacket
/content/stylemind-colab-prep/data/processed_dataset/Jacket/jacket127.jpg,Jacket
/content/stylemind-colab-prep/data/processed_dataset/Jacket/jacket128.jpg,Jacket
/content/stylemind-colab-prep/data/processed_dataset/Jacket/jacket129.jpg,Jacket
/content/stylemind-colab-prep/data/processed_dataset/Jacket/jacket130.jpg,Jacket
/content/stylemind-colab-prep/data/processed_dataset/Jacket/jacket131.jpg,Jacket
/content/stylemind-colab-prep/data/processed_dataset/Jacket/jacket132.jpg,Jacket
/content/stylemind-colab-prep/data/processed_dataset/Jacket/jacket133.jpg,Jacket
/content/stylemind-colab-prep/data/processed_dataset/Jacket/jacket134.jpg,Jacket
/content/stylemind-colab-prep/data/processed_dataset/Jacket/jacket135.jpg,Jacket
/content/stylemind-colab-prep/data/processed_dataset/Jacket/jacket136.jpg,Jacket
/content/stylemind-colab-prep/data/processed_dataset/Jacket/jacket137.jpg,Jacket
/content/stylemind-colab-prep/data/processed_dataset/Jacket/jacket138.jpg,Jacket
/content/stylemind-colab-prep/data/processed_dataset/Jacket/jacket139.jpg,Jacket
/content/stylemind-colab-prep/data/processed_dataset/Jacket/jacket140.jpg,Jacket
/content/stylemind-colab-prep/data/processed_dataset/Jacket/jacket141.jpg,Jacket
/content/stylemind-colab-prep/data/processed_dataset/Jacket/jacket142.jpg,Jacket
/content/stylemind-colab-prep/data/processed_dataset/Jacket/jacket143.jpg,Jacket
/content/stylemind-colab-prep/data/processed_dataset/Jacket/jacket144.jpg,Jacket
/content/stylemind-colab-prep/data/processed_dataset/Jacket/jacket145.jpg,Jacket
/content/stylemind-colab-prep/data/processed_dataset/Jacket/jacket146.jpg,Jacket
/content/stylemind-colab-prep/data/processed_dataset/Jacket/jacket147.jpg,Jacket
/content/stylemind-colab-prep/data/processed_dataset/Jacket/jacket148.jpg,Jacket
/content/stylemind-colab-prep/data/processed_dataset/Jacket/jacket149.jpg,Jacket
/content/stylemind-colab-prep/data/processed_dataset/Jacket/jacket150.jpg,Jacket
/content/stylemind-colab-prep/data/processed_dataset/Jacket/jacket151.jpg,Jacket
/content/stylemind-colab-prep/data/processed_dataset/Jacket/jacket152.jpg,Jacket
/content/stylemind-colab-prep/data/processed_dataset/Jacket/jacket153.jpg,Jacket
/content/stylemind-colab-prep/data/processed_dataset/Jacket/jacket154.jpg,Jacket
/content/stylemind-colab-prep/data/processed_dataset/Jacket/jacket155.jpg,Jacket
/content/stylemind-colab-prep/data/processed_dataset/Jacket/jacket156.jpg,Jacket
/content/stylemind-colab-prep/data/processed_dataset/Jacket/jacket157.jpg,Jacket
/content/stylemind-colab-prep/data/processed_dataset/Jacket/jacket158.jpg,Jacket
/content/stylemind-colab-prep/data/processed_dataset/Jacket/jacket159.jpg,Jacket
/content/stylemind-colab-prep/data/processed_dataset/Jacket/jacket160.jpg,Jacket
/content/stylemind-colab-prep/data/processed_dataset/Jacket/jacket161.jpg,Jacket
/content/stylemind-colab-prep/data/processed_dataset/Jacket/jacket162.jpg,Jacket
/content/stylemind-colab-prep/data/processed_dataset/Jacket/jacket163.jpg,Jacket
/content/stylemind-colab-prep/data/processed_dataset/Jacket/jacket164.jpg,Jacket
/content/stylemind-colab-prep/data/processed_dataset/Jacket/jacket165.jpg,Jacket
/content/stylemind-colab-prep/data/processed_dataset/Jacket/jacket166.jpg,Jacket
/content/stylemind-colab-prep/data/processed_dataset/Jacket/jacket167.jpg,Jacket
/content/stylemind-colab-prep/data/processed_dataset/Jacket/jacket168.jpg,Jacket
/content/stylemind-colab-prep/data/processed_dataset/Jacket/jacket169.jpg,Jacket
/content/stylemind-colab-prep/data/processed_dataset/Jacket/jacket170.jpg,Jacket
/content/stylemind-colab-prep/data/processed_dataset/Jacket/jacket171.jpg,Jacket
/content/stylemind-colab-prep/data/processed_dataset/Jacket/jacket172.jpg,Jacket
/content/stylemind-colab-prep/data/processed_dataset/Jacket/jacket173.jpg,Jacket
/content/stylemind-colab-prep/data/processed_dataset/Jacket/jacket174.jpg,Jacket
/content/stylemind-colab-prep/data/processed_dataset/Jacket/jacket175.jpg,Jacket
/content/stylemind-colab-prep/data/processed_dataset/Jacket/jacket176.jpg,Jacket
/content/stylemind-colab-prep/data/processed_dataset/Jacket/jacket177.jpg,Jacket
/content/stylemind-colab-prep/data/processed_dataset/Jacket/jacket178.jpg,Jacket
/content/stylemind-colab-prep/data/processed_dataset/Jacket/jacket179.jpg,Jacket
/content/stylemind-colab-prep/data/processed_dataset/Jacket/jacket180.jpg,Jacket
/content/stylemind-colab-prep/data/processed_dataset/Jacket/jacket181.jpg,Jacket
/content/stylemind-colab-prep/data/processed_dataset/Jacket/jacket182.jpg,Jacket
/content/stylemind-colab-prep/data/processed_dataset/Jacket/jacket183.jpg,Jacket
/content/stylemind-colab-prep/data/processed_dataset/Jacket/jacket184.jpg,Jacket
/content/stylemind-colab-prep/data/processed_dataset/Jacket/jacket185.jpg,Jacket
/content/stylemind-colab-prep/data/processed_dataset/Jacket/jacket186.jpg,Jacket
/content/stylemind-colab-prep/data/processed_dataset/Jacket/jacket187.jpg,Jacket
/content/stylemind-colab-prep/data/processed_dataset/Jacket/jacket188.jpg,Jacket
/content/stylemind-colab-prep/data/processed_dataset/Jacket/jacket189.jpg,Jacket
/content/stylemind-colab-prep/data/processed_dataset/Jacket/jacket190.jpg,Jacket
/content/stylemind-colab-prep/data/processed_dataset/Jacket/jacket191.jpg,Jacket
/content/stylemind-colab-prep/data/processed_dataset/Jacket/jacket192.jpg,Jacket
/content/stylemind-colab-prep/data/processed_dataset/Jacket/jacket193.jpg,Jacket
/content/stylemind-colab-prep/data/processed_dataset/Jacket/jacket194.jpg,Jacket
/content/stylemind-colab-prep/data/processed_dataset/Jacket/jacket195.jpg,Jacket
/content/stylemind-colab-prep/data/processed_dataset/Jacket/jacket196.jpg,Jacket
/content/stylemind-colab-prep/data/processed_dataset/Jacket/jacket197.jpg,Jacket
/content/stylemind-colab-prep/data/processed_dataset/Jacket/jacket198.jpg,Jacket
/content/stylemind-colab-prep/data/processed_dataset/Jacket/jacket199.jpg,Jacket
/content/stylemind-colab-prep/data/processed_dataset/Jacket/jacket200.jpg,Jacket
/content/stylemind-colab-prep/data/processed_dataset/Jacket/jacket201.jpg,Jacket
/content/stylemind-colab-prep/data/processed_dataset/Jacket/jacket202.jpg,Jacket
/content/stylemind-colab-prep/data/processed_dataset/Jacket/jacket203.jpg,Jacket
/content/stylemind-colab-prep/data/processed_dataset/Jacket/jacket204.jpg,Jacket
/content/stylemind-colab-prep/data/processed_dataset/Jacket/jacket205.jpg,Jacket
/content/stylemind-colab-prep/data/processed_dataset/Jacket/jacket206.jpg,Jacket
/content/stylemind-colab-prep/data/processed_dataset/Jacket/jacket207.jpg,Jacket
/content/stylemind-colab-prep/data/processed_dataset/Jacket/jacket208.jpg,Jacket
/content/stylemind-colab-prep/data/processed_dataset/Jacket/jacket209.jpg,Jacket
/content/stylemind-colab-prep/data/processed_dataset/Jacket/jacket210.jpg,Jacket
/content/stylemind-colab-prep/data/processed_dataset/Jacket/jacket211.jpg,Jacket
/content/stylemind-colab-prep/data/processed_dataset/Jacket/jacket212.jpg,Jacket
/content/stylemind-colab-prep/data/processed_dataset/Jacket/jacket213.jpg,Jacket
/content/stylemind-colab-prep/data/processed_dataset/Jacket/jacket214.jpg,Jacket
/content/stylemind-colab-prep/data/processed_dataset/Jacket/jacket215.jpg,Jacket
/content/stylemind-colab-prep/data/processed_dataset/Jacket/jacket216.jpg,Jacket
/content/stylemind-colab-prep/data/processed_dataset/Jacket/jacket217.jpg,Jacket
/content/stylemind-colab-prep/data/processed_dataset/Jacket/jacket218.jpg,Jacket
/content/stylemind-colab-prep/data/processed_dataset/Jacket/jacket219.jpg,Jacket
/content/stylemind-colab-prep/data/processed_dataset/Jacket/jacket220.jpg,Jacket
/content/stylemind-colab-prep/data/processed_dataset/Jacket/jacket221.jpg,Jacket
/content/stylemind-colab-prep/data/processed_dataset/Jacket/jacket222.jpg,Jacket
/content/stylemind-colab-prep/data/processed_dataset/Jacket/jacket223.jpg,Jacket
/content/stylemind-colab-prep/data/processed_dataset/Jacket/jacket224.jpg,Jacket
/content/stylemind-colab-prep/data/processed_dataset/Jacket/jacket225.jpg,Jacket
/content/stylemind-colab-prep/data/processed_dataset/Jacket/jacket226.jpg,Jacket
/content/stylemind-colab-prep/data/processed_dataset/Jacket/jacket227.jpg,Jacket
/content/stylemind-colab-prep/data/processed_dataset/Jacket/jacket228.jpg,Jacket
/content/stylemind-colab-prep/data/processed_dataset/Jacket/jacket229.jpg,Jacket
/content/stylemind-colab-prep/data/processed_dataset/Jacket/jacket230.jpg,Jacket
/content/stylemind-colab-prep/data/processed_dataset/Jacket/jacket231.jpg,Jacket
/content/stylemind-colab-prep/data/processed_dataset/Jacket/jacket232.jpg,Jacket
/content/stylemind-colab-prep/data/processed_dataset/Jacket/jacket233.jpg,Jacket
/content/stylemind-colab-prep/data/processed_dataset/Jacket/jacket234.jpg,Jacket
/content/stylemind-colab-prep/data/processed_dataset/Jacket/jacket235.jpg,Jacket
/content/stylemind-colab-prep/data/processed_dataset/Jacket/jacket236.jpg,Jacket
/content/stylemind-colab-prep/data/processed_dataset/Jacket/jacket237.jpg,Jacket
/content/stylemind-colab-prep/data/processed_dataset/Jacket/jacket238.jpg,Jacket
/content/stylemind-colab-prep/data/processed_dataset/Jacket/jacket239.jpg,Jacket
/content/stylemind-colab-prep/data/processed_dataset/Jacket/jacket240.jpg,Jacket
/content/stylemind-colab-prep/data/processed_dataset/Jacket/jacket241.jpg,Jacket
/content/stylemind-colab-prep/data/processed_dataset/Jacket/jacket242.jpg,Jacket
/content/stylemind-colab-prep/data/processed_dataset/Jacket/jacket243.jpg,Jacket
/content/stylemind-colab-prep/data/processed_dataset/Jacket/jacket244.jpg,Jacket
/content/stylemind-colab-prep/data/processed_dataset/Jacket/jacket245.jpg,Jacket
/content/stylemind-colab-prep/data/processed_dataset/Jacket/jacket246.jpg,Jacket
/content/stylemind-colab-prep/data/processed_dataset/Jacket/jacket247.jpg,Jacket
/content/stylemind-colab-prep/data/processed_dataset/Jacket/jacket248.jpg,Jacket
/content/stylemind-colab-prep/data/processed_dataset/Jacket/jacket249.jpg,Jacket
/content/stylemind-colab-prep/data/processed_dataset/Jacket/jacket250.jpg,Jacket
/content/stylemind-colab-prep/data/processed_dataset/Jacket/jacket251.jpg,Jacket
/content/stylemind-colab-prep/data/processed_dataset/Jacket/jacket252.jpg,Jacket
/content/stylemind-colab-prep/data/processed_dataset/Jacket/jacket253.jpg,Jacket
/content/stylemind-colab-prep/data/processed_dataset/Jacket/jacket254.jpg,Jacket
/content/stylemind-colab-prep/data/processed_dataset/Jacket/jacket255.jpg,Jacket
/content/stylemind-colab-prep/data/processed_dataset/Jacket/jacket256.jpg,Jacket
/content/stylemind-colab-prep/data/processed_dataset/Jacket/jacket257.jpg,Jacket
/content/stylemind-colab-prep/data/processed_dataset/Jacket/jacket258.jpg,Jacket
/content/stylemind-colab-prep/data/processed_dataset/Jacket/jacket259.jpg,Jacket
/content/stylemind-colab-prep/data/processed_dataset/Jacket/jacket260.jpg,Jacket
/content/stylemind-colab-prep/data/processed_dataset/Jacket/jacket261.jpg,Jacket
/content/stylemind-colab-prep/data/processed_dataset/Jacket/jacket262.jpg,Jacket
/content/stylemind-colab-prep/data/processed_dataset/Jacket/jacket263.jpg,Jacket
/content/stylemind-colab-prep/data/processed_dataset/Jacket/jacket264.jpg,Jacket
/content/stylemind-colab-prep/data/processed_dataset/Jacket/jacket265.jpg,Jacket
/content/stylemind-colab-prep/data/processed_dataset/Jacket/jacket266.jpg,Jacket
/content/stylemind-colab-prep/data/processed_dataset/Jacket/jacket267.jpg,Jacket
/content/stylemind-colab-prep/data/processed_dataset/Jacket/jacket268.jpg,Jacket
/content/stylemind-colab-prep/data/processed_dataset/Jacket/jacket269.jpg,Jacket
/content/stylemind-colab-prep/data/processed_dataset/Jacket/jacket270.jpg,Jacket
/content/stylemind-colab-prep/data/processed_dataset/Jacket/jacket271.jpg,Jacket
/content/stylemind-colab-prep/data/processed_dataset/Jacket/jacket272.jpg,Jacket
/content/stylemind-colab-prep/data/processed_dataset/Jacket/jacket273.jpg,Jacket
/content/stylemind-colab-prep/data/processed_dataset/Jacket/jacket274.jpg,Jacket
/content/stylemind-colab-prep/data/processed_dataset/Jacket/jacket275.jpg,Jacket
/content/stylemind-colab-prep/data/processed_dataset/Jacket/jacket276.jpg,Jacket
/content/stylemind-colab-prep/data/processed_dataset/Jacket/jacket277.jpg,Jacket
/content/stylemind-colab-prep/data/processed_dataset/Jacket/jacket278.jpg,Jacket
/content/stylemind-colab-prep/data/processed_dataset/Jacket/jacket279.jpg,Jacket
/content/stylemind-colab-prep/data/processed_dataset/Jacket/jacket280.jpg,Jacket
/content/stylemind-colab-prep/data/processed_dataset/Jacket/jacket281.jpg,Jacket
/content/stylemind-colab-prep/data/processed_dataset/Jacket/jacket282.jpg,Jacket
/content/stylemind-colab-prep/data/processed_dataset/Jacket/jacket283.jpg,Jacket
/content/stylemind-colab-prep/data/processed_dataset/Jacket/jacket284.jpg,Jacket
/content/stylemind-colab-prep/data/processed_dataset/Jacket/jacket285.jpg,Jacket
/content/stylemind-colab-prep/data/processed_dataset/Jacket/jacket286.jpg,Jacket
/content/stylemind-colab-prep/data/processed_dataset/Jacket/jacket287.jpg,Jacket
/content/stylemind-colab-prep/data/processed_dataset/Jacket/jacket288.jpg,Jacket
/content/stylemind-colab-prep/data/processed_dataset/Jacket/jacket289.jpg,Jacket
/content/stylemind-colab-prep/data/processed_dataset/Jacket/jacket290.jpg,Jacket
/content/stylemind-colab-prep/data/processed_dataset/Jacket/jacket291.jpg,Jacket
/content/stylemind-colab-prep/data/processed_dataset/Jacket/jacket292.jpg,Jacket
/content/stylemind-colab-prep/data/processed_dataset/Jacket/jacket293.jpg,Jacket
/content/stylemind-colab-prep/data/processed_dataset/Jacket/jacket294.jpg,Jacket
/content/stylemind-colab-prep/data/processed_dataset/Jacket/jacket295.jpg,Jacket
/content/stylemind-colab-prep/data/processed_dataset/Jacket/jacket296.jpg,Jacket
/content/stylemind-colab-prep/data/processed_dataset/Jacket/jacket297.jpg,Jacket
/content/stylemind-colab-prep/data/processed_dataset/Jacket/jacket298.jpg,Jacket
/content/stylemind-colab-prep/data/processed_dataset/Jacket/jacket299.jpg,Jacket
/content/stylemind-colab-prep/data/processed_dataset/Jacket/jacket300.jpg,Jacket
/content/stylemind-colab-prep/data/processed_dataset/Jacket/jacket301.jpg,Jacket
/content/stylemind-colab-prep/data/processed_dataset/Jacket/jacket302.jpg,Jacket
/content/stylemind-colab-prep/data/processed_dataset/Jacket/jacket303.jpg,Jacket
/content/stylemind-colab-prep/data/processed_dataset/Jacket/jacket304.jpg,Jacket
/content/stylemind-colab-prep/data/processed_dataset/Jacket/jacket305.jpg,Jacket
/content/stylemind-colab-prep/data/processed_dataset/Jacket/jacket306.jpg,Jacket
/content/stylemind-colab-prep/data/processed_dataset/Jacket/jacket307.jpg,Jacket
/content/stylemind-colab-prep/data/processed_dataset/Jacket/jacket308.jpg,Jacket
/content/stylemind-colab-prep/data/processed_dataset/Jacket/jacket309.jpg,Jacket
/content/stylemind-colab-prep/data/processed_dataset/Jacket/jacket310.jpg,Jacket
/content/stylemind-colab-prep/data/processed_dataset/Jacket/jacket311.jpg,Jacket
/content/stylemind-colab-prep/data/processed_dataset/Jacket/jacket312.jpg,Jacket
/content/stylemind-colab-prep/data/processed_dataset/Jacket/jacket313.jpg,Jacket
/content/stylemind-colab-prep/data/processed_dataset/Jacket/jacket314.jpg,Jacket
/content/stylemind-colab-prep/data/processed_dataset/Jacket/jacket315.jpg,Jacket
/content/stylemind-colab-prep/data/processed_dataset/Jacket/jacket316.jpg,Jacket
/content/stylemind-colab-prep/data/processed_dataset/Jacket/jacket317.jpg,Jacket
/content/stylemind-colab-prep/data/processed_dataset/Jacket/jacket318.jpg,Jacket
/content/stylemind-colab-prep/data/processed_dataset/Jacket/jacket319.jpg,Jacket
/content/stylemind-colab-prep/data/processed_dataset/Jacket/jacket320.jpg,Jacket
/content/stylemind-colab-prep/data/processed_dataset/Jacket/jacket321.jpg,Jacket
/content/stylemind-colab-prep/data/processed_dataset/Jacket/jacket322.jpg,Jacket
/content/stylemind-colab-prep/data/processed_dataset/Jacket/jacket323.jpg,Jacket
/content/stylemind-colab-prep/data/processed_dataset/Jacket/jacket324.jpg,Jacket
/content/stylemind-colab-prep/data/processed_dataset/Jacket/jacket325.jpg,Jacket
/content/stylemind-colab-prep/data/processed_dataset/Jacket/jacket326.jpg,Jacket
/content/stylemind-colab-prep/data/processed_dataset/Jacket/jacket327.jpg,Jacket
/content/stylemind-colab-prep/data/processed_dataset/Jacket/jacket328.jpg,Jacket
/content/stylemind-colab-prep/data/processed_dataset/Jacket/jacket329.jpg,Jacket
/content/stylemind-colab-prep/data/processed_dataset/Jacket/jacket330.jpg,Jacket
/content/stylemind-colab-prep/data/processed_dataset/Jacket/jacket331.jpg,Jacket
/content/stylemind-colab-prep/data/processed_dataset/Jacket/jacket332.jpg,Jacket
/content/stylemind-colab-prep/data/processed_dataset/Jacket/jacket333.jpg,Jacket
/content/stylemind-colab-prep/data/processed_dataset/Jacket/jacket334.jpg,Jacket
/content/stylemind-colab-prep/data/processed_dataset/Jacket/jacket335.jpg,Jacket
/content/stylemind-colab-prep/data/processed_dataset/Jacket/jacket336.jpg,Jacket
/content/stylemind-colab-prep/data/processed_dataset/Jacket/jacket337.jpg,Jacket
/content/stylemind-colab-prep/data/processed_dataset/Jacket/jacket338.jpg,Jacket
/content/stylemind-colab-prep/data/processed_dataset/Jacket/jacket339.jpg,Jacket
/content/stylemind-colab-prep/data/processed_dataset/Jacket/jacket340.jpg,Jacket
/content/stylemind-colab-prep/data/processed_dataset/Jacket/jacket341.jpg,Jacket
/content/stylemind-colab-prep/data/processed_dataset/Jacket/jacket342.jpg,Jacket
/content/stylemind-colab-prep/data/processed_dataset/Jacket/jacket343.jpg,Jacket
/content/stylemind-colab-prep/data/processed_dataset/Jacket/jacket344.jpg,Jacket
/content/stylemind-colab-prep/data/processed_dataset/Jacket/jacket345.jpg,Jacket
/content/stylemind-colab-prep/data/processed_dataset/Jacket/jacket346.jpg,Jacket
/content/stylemind-colab-prep/data/processed_dataset/Jacket/jacket347.jpg,Jacket
/content/stylemind-colab-prep/data/processed_dataset/Jacket/jacket348.jpg,Jacket
/content/stylemind-colab-prep/data/processed_dataset/Jacket/jacket349.jpg,Jacket
/content/stylemind-colab-prep/data/processed_dataset/Jacket/jacket350.jpg,Jacket
/content/stylemind-colab-prep/data/processed_dataset/Jacket/jacket351.jpg,Jacket
/content/stylemind-colab-prep/data/processed_dataset/Jacket/jacket352.jpg,Jacket
/content/stylemind-colab-prep/data/processed_dataset/Jacket/jacket353.jpg,Jacket
/content/stylemind-colab-prep/data/processed_dataset/Jacket/jacket354.jpg,Jacket
/content/stylemind-colab-prep/data/processed_dataset/Jacket/jacket355.jpg,Jacket
/content/stylemind-colab-prep/data/processed_dataset/Jacket/jacket356.jpg,Jacket
/content/stylemind-colab-prep/data/processed_dataset/Jacket/jacket357.jpg,Jacket
/content/stylemind-colab-prep/data/processed_dataset/Jacket/jacket358.jpg,Jacket
/content/stylemind-colab-prep/data/processed_dataset/Jacket/jacket359.jpg,Jacket
/content/stylemind-colab-prep/data/processed_dataset/Jacket/jacket360.jpg,Jacket
/content/stylemind-colab-prep/data/processed_dataset/Jacket/jacket361.jpg,Jacket
/content/stylemind-colab-prep/data/processed_dataset/Jacket/jacket362.jpg,Jacket
/content/stylemind-colab-prep/data/processed_dataset/Jacket/jacket363.jpg,Jacket
/content/stylemind-colab-prep/data/processed_dataset/Jacket/jacket364.jpg,Jacket
/content/stylemind-colab-prep/data/processed_dataset/Jacket/jacket365.jpg,Jacket
/content/stylemind-colab-prep/data/processed_dataset/Jacket/jacket366.jpg,Jacket
/content/stylemind-colab-prep/data/processed_dataset/Jacket/jacket367.jpg,Jacket
/content/stylemind-colab-prep/data/processed_dataset/Jacket/jacket368.jpg,Jacket
/content/stylemind-colab-prep/data/processed_dataset/Jacket/jacket369.jpg,Jacket
/content/stylemind-colab-prep/data/processed_dataset/Jacket/jacket370.jpg,Jacket
/content/stylemind-colab-prep/data/processed_dataset/Jacket/jacket371.jpg,Jacket
/content/stylemind-colab-prep/data/processed_dataset/Jacket/jacket372.jpg,Jacket
/content/stylemind-colab-prep/data/processed_dataset/Jacket/jacket373.jpg,Jacket
/content/stylemind-colab-prep/data/processed_dataset/Jacket/jacket374.jpg,Jacket
/content/stylemind-colab-prep/data/processed_dataset/Jacket/jacket375.jpg,Jacket
/content/stylemind-colab-prep/data/processed_dataset/Jacket/jacket376.jpg,Jacket
/content/stylemind-colab-prep/data/processed_dataset/Jacket/jacket377.jpg,Jacket
/content/stylemind-colab-prep/data/processed_dataset/Jacket/jacket378.jpg,Jacket
/content/stylemind-colab-prep/data/processed_dataset/Jacket/jacket379.jpg,Jacket
/content/stylemind-colab-prep/data/processed_dataset/Jacket/jacket380.jpg,Jacket
/content/stylemind-colab-prep/data/processed_dataset/Jacket/jacket381.jpg,Jacket
/content/stylemind-colab-prep/data/processed_dataset/Jacket/jacket382.jpg,Jacket
/content/stylemind-colab-prep/data/processed_dataset/Jacket/jacket383.jpg,Jacket
/content/stylemind-colab-prep/data/processed_dataset/Jacket/jacket384.jpg,Jacket
/content/stylemind-colab-prep/data/processed_dataset/Jacket/jacket385.jpg,Jacket
/content/stylemind-colab-prep/data/processed_dataset/Jacket/jacket386.jpg,Jacket
/content/stylemind-colab-prep/data/processed_dataset/Jacket/jacket387.jpg,Jacket
/content/stylemind-colab-prep/data/processed_dataset/Jacket/jacket388.jpg,Jacket
/content/stylemind-colab-prep/data/processed_dataset/Jacket/jacket389.jpg,Jacket
/content/stylemind-colab-prep/data/processed_dataset/Jacket/jacket390.jpg,Jacket
/content/stylemind-colab-prep/data/processed_dataset/Jacket/jacket391.jpg,Jacket
/content/stylemind-colab-prep/data/processed_dataset/Jacket/jacket392.jpg,Jacket
/content/stylemind-colab-prep/data/processed_dataset/Jacket/jacket393.jpg,Jacket
/content/stylemind-colab-prep/data/processed_dataset/Jacket/jacket394.jpg,Jacket
/content/stylemind-colab-prep/data/processed_dataset/Jacket/jacket395.jpg,Jacket
/content/stylemind-colab-prep/data/processed_dataset/Jacket/jacket396.jpg,Jacket
/content/stylemind-colab-prep/data/processed_dataset/Jacket/jacket397.jpg,Jacket
/content/stylemind-colab-prep/data/processed_dataset/Jacket/jacket398.jpg,Jacket
/content/stylemind-colab-prep/data/processed_dataset/Jacket/jacket399.jpg,Jacket
/content/stylemind-colab-prep/data/processed_dataset/Jacket/jacket400.jpg,Jacket
/content/stylemind-colab-prep/data/processed_dataset/Jacket/jacket401.jpg,Jacket
/content/stylemind-colab-prep/data/processed_dataset/Jacket/jacket402.jpg,Jacket
/content/stylemind-colab-prep/data/processed_dataset/Jacket/jacket403.jpg,Jacket
/content/stylemind-colab-prep/data/processed_dataset/Jacket/jacket404.jpg,Jacket
/content/stylemind-colab-prep/data/processed_dataset/Jacket/jacket405.jpg,Jacket
/content/stylemind-colab-prep/data/processed_dataset/Jacket/jacket406.jpg,Jacket
/content/stylemind-colab-prep/data/processed_dataset/Jacket/jacket407.jpg,Jacket
/content/stylemind-colab-prep/data/processed_dataset/Jacket/jacket408.jpg,Jacket
/content/stylemind-colab-prep/data/processed_dataset/Jacket/jacket409.jpg,Jacket
/content/stylemind-colab-prep/data/processed_dataset/Jacket/jacket410.jpg,Jacket
/content/stylemind-colab-prep/data/processed_dataset/Jacket/jacket411.jpg,Jacket
/content/stylemind-colab-prep/data/processed_dataset/Jacket/jacket412.jpg,Jacket
/content/stylemind-colab-prep/data/processed_dataset/Jacket/jacket413.jpg,Jacket
/content/stylemind-colab-prep/data/processed_dataset/Jacket/jacket414.jpg,Jacket
/content/stylemind-colab-prep/data/processed_dataset/Jacket/jacket415.jpg,Jacket
/content/stylemind-colab-prep/data/processed_dataset/Jacket/jacket416.jpg,Jacket
/content/stylemind-colab-prep/data/processed_dataset/Jacket/jacket417.jpg,Jacket
/content/stylemind-colab-prep/data/processed_dataset/Jacket/jacket418.jpg,Jacket
/content/stylemind-colab-prep/data/processed_dataset/Jacket/jacket419.jpg,Jacket
/content/stylemind-colab-prep/data/processed_dataset/Jacket/jacket420.jpg,Jacket
/content/stylemind-colab-prep/data/processed_dataset/Jacket/jacket421.jpg,Jacket
/content/stylemind-colab-prep/data/processed_dataset/Jacket/jacket422.jpg,Jacket
/content/stylemind-colab-prep/data/processed_dataset/Jacket/jacket423.jpg,Jacket
/content/stylemind-colab-prep/data/processed_dataset/Jacket/jacket424.jpg,Jacket
/content/stylemind-colab-prep/data/processed_dataset/Jacket/jacket425.jpg,Jacket
/content/stylemind-colab-prep/data/processed_dataset/Jacket/jacket426.jpg,Jacket
/content/stylemind-colab-prep/data/processed_dataset/Jacket/jacket427.jpg,Jacket
/content/stylemind-colab-prep/data/processed_dataset/Jacket/jacket428.jpg,Jacket
/content/stylemind-colab-prep/data/processed_dataset/Jacket/jacket429.jpg,Jacket
/content/stylemind-colab-prep/data/processed_dataset/Jacket/jacket430.jpg,Jacket
/content/stylemind-colab-prep/data/processed_dataset/Jacket/jacket431.jpg,Jacket
/content/stylemind-colab-prep/data/processed_dataset/Jacket/jacket432.jpg,Jacket
/content/stylemind-colab-prep/data/processed_dataset/Jacket/jacket433.jpg,Jacket
/content/stylemind-colab-prep/data/processed_dataset/Jacket/jacket434.jpg,Jacket
/content/stylemind-colab-prep/data/processed_dataset/Jacket/jacket435.jpg,Jacket
/content/stylemind-colab-prep/data/processed_dataset/Jacket/jacket436.jpg,Jacket
/content/stylemind-colab-prep/data/processed_dataset/Jacket/jacket437.jpg,Jacket
/content/stylemind-colab-prep/data/processed_dataset/Jacket/jacket438.jpg,Jacket
/content/stylemind-colab-prep/data/processed_dataset/Jacket/jacket439.jpg,Jacket
/content/stylemind-colab-prep/data/processed_dataset/Jacket/jacket440.jpg,Jacket
/content/stylemind-colab-prep/data/processed_dataset/Jacket/jacket441.jpg,Jacket
/content/stylemind-colab-prep/data/processed_dataset/Jacket/jacket442.jpg,Jacket
/content/stylemind-colab-prep/data/processed_dataset/Jacket/jacket443.jpg,Jacket
/content/stylemind-colab-prep/data/processed_dataset/Jacket/jacket444.jpg,Jacket
/content/stylemind-colab-prep/data/processed_dataset/Jacket/jacket445.jpg,Jacket
/content/stylemind-colab-prep/data/processed_dataset/Jacket/jacket446.jpg,Jacket
/content/stylemind-colab-prep/data/processed_dataset/Jacket/jacket447.jpg,Jacket
/content/stylemind-colab-prep/data/processed_dataset/Jacket/jacket448.jpg,Jacket
/content/stylemind-colab-prep/data/processed_dataset/Jacket/jacket449.jpg,Jacket
/content/stylemind-colab-prep/data/processed_dataset/Jacket/jacket450.jpg,Jacket
/content/stylemind-colab-prep/data/processed_dataset/Jacket/jacket451.jpg,Jacket
/content/stylemind-colab-prep/data/processed_dataset/Jacket/jacket452.jpg,Jacket
/content/stylemind-colab-prep/data/processed_dataset/Jacket/jacket453.jpg,Jacket
/content/stylemind-colab-prep/data/processed_dataset/Jacket/jacket454.jpg,Jacket
/content/stylemind-colab-prep/data/processed_dataset/Jacket/jacket455.jpg,Jacket
/content/stylemind-colab-prep/data/processed_dataset/Jacket/jacket456.jpg,Jacket
/content/stylemind-colab-prep/data/processed_dataset/Pants/pant001.jpg,Pants
/content/stylemind-colab-prep/data/processed_dataset/Pants/pant002.jpg,Pants
/content/stylemind-colab-prep/data/processed_dataset/Pants/pant003.jpg,Pants
/content/stylemind-colab-prep/data/processed_dataset/Pants/pant004.jpg,Pants
/content/stylemind-colab-prep/data/processed_dataset/Pants/pant005.jpg,Pants
/content/stylemind-colab-prep/data/processed_dataset/Pants/pant006.jpg,Pants
/content/stylemind-colab-prep/data/processed_dataset/Pants/pant007.jpg,Pants
/content/stylemind-colab-prep/data/processed_dataset/Pants/pant008.jpg,Pants
/content/stylemind-colab-prep/data/processed_dataset/Pants/pant009.jpg,Pants
/content/stylemind-colab-prep/data/processed_dataset/Pants/pant010.jpg,Pants
/content/stylemind-colab-prep/data/processed_dataset/Pants/pant011.jpg,Pants
/content/stylemind-colab-prep/data/processed_dataset/Pants/pant012.jpg,Pants
/content/stylemind-colab-prep/data/processed_dataset/Pants/pant013.jpg,Pants
/content/stylemind-colab-prep/data/processed_dataset/Pants/pant014.jpg,Pants
/content/stylemind-colab-prep/data/processed_dataset/Pants/pant015.jpg,Pants
/content/stylemind-colab-prep/data/processed_dataset/Pants/pant016.jpg,Pants
/content/stylemind-colab-prep/data/processed_dataset/Pants/pant017.jpg,Pants
/content/stylemind-colab-prep/data/processed_dataset/Pants/pant018.jpg,Pants
/content/stylemind-colab-prep/data/processed_dataset/Pants/pant019.jpg,Pants
/content/stylemind-colab-prep/data/processed_dataset/Pants/pant020.jpg,Pants
/content/stylemind-colab-prep/data/processed_dataset/Pants/pant021.jpg,Pants
/content/stylemind-colab-prep/data/processed_dataset/Pants/pant022.jpg,Pants
/content/stylemind-colab-prep/data/processed_dataset/Pants/pant023.jpg,Pants
/content/stylemind-colab-prep/data/processed_dataset/Pants/pant024.jpg,Pants
/content/stylemind-colab-prep/data/processed_dataset/Pants/pant025.jpg,Pants
/content/stylemind-colab-prep/data/processed_dataset/Pants/pant026.jpg,Pants
/content/stylemind-colab-prep/data/processed_dataset/Pants/pant027.jpg,Pants
/content/stylemind-colab-prep/data/processed_dataset/Pants/pant028.jpg,Pants
/content/stylemind-colab-prep/data/processed_dataset/Pants/pant029.jpg,Pants
/content/stylemind-colab-prep/data/processed_dataset/Pants/pant030.jpg,Pants
/content/stylemind-colab-prep/data/processed_dataset/Pants/pant031.jpg,Pants
/content/stylemind-colab-prep/data/processed_dataset/Pants/pant032.jpg,Pants
/content/stylemind-colab-prep/data/processed_dataset/Pants/pant033.jpg,Pants
/content/stylemind-colab-prep/data/processed_dataset/Pants/pant034.jpg,Pants
/content/stylemind-colab-prep/data/processed_dataset/Pants/pant035.jpg,Pants
/content/stylemind-colab-prep/data/processed_dataset/Pants/pant036.jpg,Pants
/content/stylemind-colab-prep/data/processed_dataset/Pants/pant037.jpg,Pants
/content/stylemind-colab-prep/data/processed_dataset/Pants/pant038.jpg,Pants
/content/stylemind-colab-prep/data/processed_dataset/Pants/pant039.jpg,Pants
/content/stylemind-colab-prep/data/processed_dataset/Pants/pant040.jpg,Pants
/content/stylemind-colab-prep/data/processed_dataset/Pants/pant041.jpg,Pants
/content/stylemind-colab-prep/data/processed_dataset/Pants/pant042.jpg,Pants
/content/stylemind-colab-prep/data/processed_dataset/Pants/pant043.jpg,Pants
/content/stylemind-colab-prep/data/processed_dataset/Pants/pant044.jpg,Pants
/content/stylemind-colab-prep/data/processed_dataset/Pants/pant045.jpg,Pants
/content/stylemind-colab-prep/data/processed_dataset/Pants/pant046.jpg,Pants
/content/stylemind-colab-prep/data/processed_dataset/Pants/pant047.jpg,Pants
/content/stylemind-colab-prep/data/processed_dataset/Pants/pant048.jpg,Pants
/content/stylemind-colab-prep/data/processed_dataset/Pants/pant049.jpg,Pants
/content/stylemind-colab-prep/data/processed_dataset/Pants/pant050.jpg,Pants
/content/stylemind-colab-prep/data/processed_dataset/Pants/pant051.jpg,Pants
/content/stylemind-colab-prep/data/processed_dataset/Pants/pant052.jpg,Pants
/content/stylemind-colab-prep/data/processed_dataset/Pants/pant053.jpg,Pants
/content/stylemind-colab-prep/data/processed_dataset/Pants/pant054.jpg,Pants
/content/stylemind-colab-prep/data/processed_dataset/Pants/pant055.jpg,Pants
/content/stylemind-colab-prep/data/processed_dataset/Pants/pant056.jpg,Pants
/content/stylemind-colab-prep/data/processed_dataset/Pants/pant057.jpg,Pants
/content/stylemind-colab-prep/data/processed_dataset/Pants/pant058.jpg,Pants
/content/stylemind-colab-prep/data/processed_dataset/Pants/pant059.jpg,Pants
/content/stylemind-colab-prep/data/processed_dataset/Pants/pant060.jpg,Pants
/content/stylemind-colab-prep/data/processed_dataset/Pants/pant061.jpg,Pants
/content/stylemind-colab-prep/data/processed_dataset/Pants/pant062.jpg,Pants
/content/stylemind-colab-prep/data/processed_dataset/Pants/pant063.jpg,Pants
/content/stylemind-colab-prep/data/processed_dataset/Pants/pant064.jpg,Pants
/content/stylemind-colab-prep/data/processed_dataset/Pants/pant065.jpg,Pants
/content/stylemind-colab-prep/data/processed_dataset/Pants/pant066.jpg,Pants
/content/stylemind-colab-prep/data/processed_dataset/Pants/pant067.jpg,Pants
/content/stylemind-colab-prep/data/processed_dataset/Pants/pant068.jpg,Pants
/content/stylemind-colab-prep/data/processed_dataset/Pants/pant069.jpg,Pants
/content/stylemind-colab-prep/data/processed_dataset/Pants/pant070.jpg,Pants
/content/stylemind-colab-prep/data/processed_dataset/Pants/pant071.jpg,Pants
/content/stylemind-colab-prep/data/processed_dataset/Pants/pant072.jpg,Pants
/content/stylemind-colab-prep/data/processed_dataset/Pants/pant073.jpg,Pants
/content/stylemind-colab-prep/data/processed_dataset/Pants/pant074.jpg,Pants
/content/stylemind-colab-prep/data/processed_dataset/Pants/pant075.jpg,Pants
/content/stylemind-colab-prep/data/processed_dataset/Pants/pant076.jpg,Pants
/content/stylemind-colab-prep/data/processed_dataset/Pants/pant077.jpg,Pants
/content/stylemind-colab-prep/data/processed_dataset/Pants/pant078.jpg,Pants
/content/stylemind-colab-prep/data/processed_dataset/Pants/pant079.jpg,Pants
/content/stylemind-colab-prep/data/processed_dataset/Pants/pant080.jpg,Pants
/content/stylemind-colab-prep/data/processed_dataset/Pants/pant081.jpg,Pants
/content/stylemind-colab-prep/data/processed_dataset/Pants/pant082.jpg,Pants
/content/stylemind-colab-prep/data/processed_dataset/Pants/pant083.jpg,Pants
/content/stylemind-colab-prep/data/processed_dataset/Pants/pant084.jpg,Pants
/content/stylemind-colab-prep/data/processed_dataset/Pants/pant085.jpg,Pants
/content/stylemind-colab-prep/data/processed_dataset/Pants/pant086.jpg,Pants
/content/stylemind-colab-prep/data/processed_dataset/Pants/pant087.jpg,Pants
/content/stylemind-colab-prep/data/processed_dataset/Pants/pant088.jpg,Pants
/content/stylemind-colab-prep/data/processed_dataset/Pants/pant089.jpg,Pants
/content/stylemind-colab-prep/data/processed_dataset/Pants/pant090.jpg,Pants
/content/stylemind-colab-prep/data/processed_dataset/Pants/pant091.jpg,Pants
/content/stylemind-colab-prep/data/processed_dataset/Pants/pant092.jpg,Pants
/content/stylemind-colab-prep/data/processed_dataset/Pants/pant093.jpg,Pants
/content/stylemind-colab-prep/data/processed_dataset/Pants/pant094.jpg,Pants
/content/stylemind-colab-prep/data/processed_dataset/Pants/pant095.jpg,Pants
/content/stylemind-colab-prep/data/processed_dataset/Pants/pant096.jpg,Pants
/content/stylemind-colab-prep/data/processed_dataset/Pants/pant097.jpg,Pants
/content/stylemind-colab-prep/data/processed_dataset/Pants/pant098.jpg,Pants
/content/stylemind-colab-prep/data/processed_dataset/Pants/pant099.jpg,Pants
/content/stylemind-colab-prep/data/processed_dataset/Pants/pant100.jpg,Pants
/content/stylemind-colab-prep/data/processed_dataset/Pants/pant101.jpg,Pants
/content/stylemind-colab-prep/data/processed_dataset/Pants/pant102.jpg,Pants
/content/stylemind-colab-prep/data/processed_dataset/Pants/pant103.jpg,Pants
/content/stylemind-colab-prep/data/processed_dataset/Pants/pant104.jpg,Pants
/content/stylemind-colab-prep/data/processed_dataset/Pants/pant105.jpg,Pants
/content/stylemind-colab-prep/data/processed_dataset/Pants/pant106.jpg,Pants
/content/stylemind-colab-prep/data/processed_dataset/Pants/pant107.jpg,Pants
/content/stylemind-colab-prep/data/processed_dataset/Pants/pant108.jpg,Pants
/content/stylemind-colab-prep/data/processed_dataset/Pants/pant109.jpg,Pants
/content/stylemind-colab-prep/data/processed_dataset/Pants/pant110.jpg,Pants
/content/stylemind-colab-prep/data/processed_dataset/Pants/pant111.jpg,Pants
/content/stylemind-colab-prep/data/processed_dataset/Pants/pant112.jpg,Pants
/content/stylemind-colab-prep/data/processed_dataset/Pants/pant113.jpg,Pants
/content/stylemind-colab-prep/data/processed_dataset/Pants/pant114.jpg,Pants
/content/stylemind-colab-prep/data/processed_dataset/Pants/pant115.jpg,Pants
/content/stylemind-colab-prep/data/processed_dataset/Pants/pant116.jpg,Pants
/content/stylemind-colab-prep/data/processed_dataset/Pants/pant117.jpg,Pants
/content/stylemind-colab-prep/data/processed_dataset/Pants/pant118.jpg,Pants
/content/stylemind-colab-prep/data/processed_dataset/Pants/pant119.jpg,Pants
/content/stylemind-colab-prep/data/processed_dataset/Pants/pant120.jpg,Pants
/content/stylemind-colab-prep/data/processed_dataset/Pants/pant121.jpg,Pants
/content/stylemind-colab-prep/data/processed_dataset/Pants/pant122.jpg,Pants
/content/stylemind-colab-prep/data/processed_dataset/Pants/pant123.jpg,Pants
/content/stylemind-colab-prep/data/processed_dataset/Pants/pant124.jpg,Pants
/content/stylemind-colab-prep/data/processed_dataset/Pants/pant125.jpg,Pants
/content/stylemind-colab-prep/data/processed_dataset/Pants/pant126.jpg,Pants
/content/stylemind-colab-prep/data/processed_dataset/Pants/pant127.jpg,Pants
/content/stylemind-colab-prep/data/processed_dataset/Pants/pant128.jpg,Pants
/content/stylemind-colab-prep/data/processed_dataset/Pants/pant129.jpg,Pants
/content/stylemind-colab-prep/data/processed_dataset/Pants/pant130.jpg,Pants
/content/stylemind-colab-prep/data/processed_dataset/Pants/pant131.jpg,Pants
/content/stylemind-colab-prep/data/processed_dataset/Pants/pant132.jpg,Pants
/content/stylemind-colab-prep/data/processed_dataset/Pants/pant133.jpg,Pants
/content/stylemind-colab-prep/data/processed_dataset/Pants/pant134.jpg,Pants
/content/stylemind-colab-prep/data/processed_dataset/Pants/pant135.jpg,Pants
/content/stylemind-colab-prep/data/processed_dataset/Pants/pant136.jpg,Pants
/content/stylemind-colab-prep/data/processed_dataset/Pants/pant137.jpg,Pants
/content/stylemind-colab-prep/data/processed_dataset/Pants/pant138.jpg,Pants
/content/stylemind-colab-prep/data/processed_dataset/Pants/pant139.jpg,Pants
/content/stylemind-colab-prep/data/processed_dataset/Pants/pant140.jpg,Pants
/content/stylemind-colab-prep/data/processed_dataset/Pants/pant141.jpg,Pants
/content/stylemind-colab-prep/data/processed_dataset/Pants/pant142.jpg,Pants
/content/stylemind-colab-prep/data/processed_dataset/Pants/pant143.jpg,Pants
/content/stylemind-colab-prep/data/processed_dataset/Pants/pant144.jpg,Pants
/content/stylemind-colab-prep/data/processed_dataset/Pants/pant145.jpg,Pants
/content/stylemind-colab-prep/data/processed_dataset/Pants/pant146.jpg,Pants
/content/stylemind-colab-prep/data/processed_dataset/Pants/pant147.jpg,Pants
/content/stylemind-colab-prep/data/processed_dataset/Pants/pant148.jpg,Pants
/content/stylemind-colab-prep/data/processed_dataset/Pants/pant149.jpg,Pants
/content/stylemind-colab-prep/data/processed_dataset/Pants/pant150.jpg,Pants
/content/stylemind-colab-prep/data/processed_dataset/Pants/pant151.jpg,Pants
/content/stylemind-colab-prep/data/processed_dataset/Pants/pant152.jpg,Pants
/content/stylemind-colab-prep/data/processed_dataset/Pants/pant153.jpg,Pants
/content/stylemind-colab-prep/data/processed_dataset/Pants/pant154.jpg,Pants
/content/stylemind-colab-prep/data/processed_dataset/Pants/pant155.jpg,Pants
/content/stylemind-colab-prep/data/processed_dataset/Pants/pant156.jpg,Pants
/content/stylemind-colab-prep/data/processed_dataset/Pants/pant157.jpg,Pants
/content/stylemind-colab-prep/data/processed_dataset/Pants/pant158.jpg,Pants
/content/stylemind-colab-prep/data/processed_dataset/Pants/pant159.jpg,Pants
/content/stylemind-colab-prep/data/processed_dataset/Pants/pant160.jpg,Pants
/content/stylemind-colab-prep/data/processed_dataset/Pants/pant161.jpg,Pants
/content/stylemind-colab-prep/data/processed_dataset/Pants/pant162.jpg,Pants
/content/stylemind-colab-prep/data/processed_dataset/Pants/pant163.jpg,Pants
/content/stylemind-colab-prep/data/processed_dataset/Pants/pant164.jpg,Pants
/content/stylemind-colab-prep/data/processed_dataset/Pants/pant165.jpg,Pants
/content/stylemind-colab-prep/data/processed_dataset/Pants/pant166.jpg,Pants
/content/stylemind-colab-prep/data/processed_dataset/Pants/pant167.jpg,Pants
/content/stylemind-colab-prep/data/processed_dataset/Pants/pant168.jpg,Pants
/content/stylemind-colab-prep/data/processed_dataset/Pants/pant169.jpg,Pants
/content/stylemind-colab-prep/data/processed_dataset/Pants/pant170.jpg,Pants
/content/stylemind-colab-prep/data/processed_dataset/Pants/pant171.jpg,Pants
/content/stylemind-colab-prep/data/processed_dataset/Pants/pant172.jpg,Pants
/content/stylemind-colab-prep/data/processed_dataset/Pants/pant173.jpg,Pants
/content/stylemind-colab-prep/data/processed_dataset/Pants/pant174.jpg,Pants
/content/stylemind-colab-prep/data/processed_dataset/Pants/pant175.jpg,Pants
/content/stylemind-colab-prep/data/processed_dataset/Pants/pant176.jpg,Pants
/content/stylemind-colab-prep/data/processed_dataset/Pants/pant177.jpg,Pants
/content/stylemind-colab-prep/data/processed_dataset/Pants/pant178.jpg,Pants
/content/stylemind-colab-prep/data/processed_dataset/Pants/pant179.jpg,Pants
/content/stylemind-colab-prep/data/processed_dataset/Pants/pant180.jpg,Pants
/content/stylemind-colab-prep/data/processed_dataset/Pants/pant181.jpg,Pants
/content/stylemind-colab-prep/data/processed_dataset/Pants/pant182.jpg,Pants
/content/stylemind-colab-prep/data/processed_dataset/Pants/pant183.jpg,Pants
/content/stylemind-colab-prep/data/processed_dataset/Pants/pant184.jpg,Pants
/content/stylemind-colab-prep/data/processed_dataset/Pants/pant185.jpg,Pants
/content/stylemind-colab-prep/data/processed_dataset/Pants/pant186.jpg,Pants
/content/stylemind-colab-prep/data/processed_dataset/Pants/pant187.jpg,Pants
/content/stylemind-colab-prep/data/processed_dataset/Pants/pant188.jpg,Pants
/content/stylemind-colab-prep/data/processed_dataset/Pants/pant189.jpg,Pants
/content/stylemind-colab-prep/data/processed_dataset/Pants/pant190.jpg,Pants
/content/stylemind-colab-prep/data/processed_dataset/Pants/pant191.jpg,Pants
/content/stylemind-colab-prep/data/processed_dataset/Pants/pant192.jpg,Pants
/content/stylemind-colab-prep/data/processed_dataset/Pants/pant193.jpg,Pants
/content/stylemind-colab-prep/data/processed_dataset/Pants/pant194.jpg,Pants
/content/stylemind-colab-prep/data/processed_dataset/Pants/pant195.jpg,Pants
/content/stylemind-colab-prep/data/processed_dataset/Pants/pant196.jpg,Pants
/content/stylemind-colab-prep/data/processed_dataset/Pants/pant197.jpg,Pants
/content/stylemind-colab-prep/data/processed_dataset/Pants/pant198.jpg,Pants
/content/stylemind-colab-prep/data/processed_dataset/Pants/pant199.jpg,Pants
/content/stylemind-colab-prep/data/processed_dataset/Pants/pant200.jpg,Pants
/content/stylemind-colab-prep/data/processed_dataset/Pants/pant201.jpg,Pants
/content/stylemind-colab-prep/data/processed_dataset/Pants/pant202.jpg,Pants
/content/stylemind-colab-prep/data/processed_dataset/Pants/pant203.jpg,Pants
/content/stylemind-colab-prep/data/processed_dataset/Pants/pant204.jpg,Pants
/content/stylemind-colab-prep/data/processed_dataset/Pants/pant205.jpg,Pants
/content/stylemind-colab-prep/data/processed_dataset/Pants/pant206.jpg,Pants
/content/stylemind-colab-prep/data/processed_dataset/Pants/pant207.jpg,Pants
/content/stylemind-colab-prep/data/processed_dataset/Pants/pant208.jpg,Pants
/content/stylemind-colab-prep/data/processed_dataset/Pants/pant209.jpg,Pants
/content/stylemind-colab-prep/data/processed_dataset/Pants/pant210.jpg,Pants
/content/stylemind-colab-prep/data/processed_dataset/Pants/pant211.jpg,Pants
/content/stylemind-colab-prep/data/processed_dataset/Pants/pant212.jpg,Pants
/content/stylemind-colab-prep/data/processed_dataset/Pants/pant213.jpg,Pants
/content/stylemind-colab-prep/data/processed_dataset/Pants/pant214.jpg,Pants
/content/stylemind-colab-prep/data/processed_dataset/Pants/pant215.jpg,Pants
/content/stylemind-colab-prep/data/processed_dataset/Pants/pant216.jpg,Pants
/content/stylemind-colab-prep/data/processed_dataset/Pants/pant217.jpg,Pants
/content/stylemind-colab-prep/data/processed_dataset/Pants/pant218.jpg,Pants
/content/stylemind-colab-prep/data/processed_dataset/Pants/pant219.jpg,Pants
/content/stylemind-colab-prep/data/processed_dataset/Pants/pant220.jpg,Pants
/content/stylemind-colab-prep/data/processed_dataset/Pants/pant221.jpg,Pants
/content/stylemind-colab-prep/data/processed_dataset/Pants/pant222.jpg,Pants
/content/stylemind-colab-prep/data/processed_dataset/Pants/pant223.jpg,Pants
/content/stylemind-colab-prep/data/processed_dataset/Pants/pant224.jpg,Pants
/content/stylemind-colab-prep/data/processed_dataset/Pants/pant225.jpg,Pants
/content/stylemind-colab-prep/data/processed_dataset/Pants/pant226.jpg,Pants
/content/stylemind-colab-prep/data/processed_dataset/Pants/pant227.jpg,Pants
/content/stylemind-colab-prep/data/processed_dataset/Pants/pant228.jpg,Pants
/content/stylemind-colab-prep/data/processed_dataset/Pants/pant229.jpg,Pants
/content/stylemind-colab-prep/data/processed_dataset/Pants/pant230.jpg,Pants
/content/stylemind-colab-prep/data/processed_dataset/Pants/pant231.jpg,Pants
/content/stylemind-colab-prep/data/processed_dataset/Pants/pant232.jpg,Pants
/content/stylemind-colab-prep/data/processed_dataset/Pants/pant233.jpg,Pants
/content/stylemind-colab-prep/data/processed_dataset/Pants/pant234.jpg,Pants
/content/stylemind-colab-prep/data/processed_dataset/Pants/pant235.jpg,Pants
/content/stylemind-colab-prep/data/processed_dataset/Pants/pant236.jpg,Pants
/content/stylemind-colab-prep/data/processed_dataset/Pants/pant237.jpg,Pants
/content/stylemind-colab-prep/data/processed_dataset/Pants/pant238.jpg,Pants
/content/stylemind-colab-prep/data/processed_dataset/Pants/pant239.jpg,Pants
/content/stylemind-colab-prep/data/processed_dataset/Pants/pant240.jpg,Pants
/content/stylemind-colab-prep/data/processed_dataset/Pants/pant241.jpg,Pants
/content/stylemind-colab-prep/data/processed_dataset/Pants/pant242.jpg,Pants
/content/stylemind-colab-prep/data/processed_dataset/Pants/pant243.jpg,Pants
/content/stylemind-colab-prep/data/processed_dataset/Pants/pant244.jpg,Pants
/content/stylemind-colab-prep/data/processed_dataset/Pants/pant245.jpg,Pants
/content/stylemind-colab-prep/data/processed_dataset/Pants/pant246.jpg,Pants
/content/stylemind-colab-prep/data/processed_dataset/Pants/pant247.jpg,Pants
/content/stylemind-colab-prep/data/processed_dataset/Pants/pant248.jpg,Pants
/content/stylemind-colab-prep/data/processed_dataset/Pants/pant249.jpg,Pants
/content/stylemind-colab-prep/data/processed_dataset/Pants/pant250.jpg,Pants
/content/stylemind-colab-prep/data/processed_dataset/Pants/pant251.jpg,Pants
/content/stylemind-colab-prep/data/processed_dataset/Pants/pant252.jpg,Pants
/content/stylemind-colab-prep/data/processed_dataset/Pants/pant253.jpg,Pants
/content/stylemind-colab-prep/data/processed_dataset/Pants/pant254.jpg,Pants
/content/stylemind-colab-prep/data/processed_dataset/Pants/pant255.jpg,Pants
/content/stylemind-colab-prep/data/processed_dataset/Pants/pant256.jpg,Pants
/content/stylemind-colab-prep/data/processed_dataset/Pants/pant257.jpg,Pants
/content/stylemind-colab-prep/data/processed_dataset/Pants/pant258.jpg,Pants
/content/stylemind-colab-prep/data/processed_dataset/Pants/pant259.jpg,Pants
/content/stylemind-colab-prep/data/processed_dataset/Pants/pant260.jpg,Pants
/content/stylemind-colab-prep/data/processed_dataset/Pants/pant261.jpg,Pants
/content/stylemind-colab-prep/data/processed_dataset/Pants/pant262.jpg,Pants
/content/stylemind-colab-prep/data/processed_dataset/Pants/pant263.jpg,Pants
/content/stylemind-colab-prep/data/processed_dataset/Pants/pant264.jpg,Pants
/content/stylemind-colab-prep/data/processed_dataset/Pants/pant265.jpg,Pants
/content/stylemind-colab-prep/data/processed_dataset/Pants/pant266.jpg,Pants
/content/stylemind-colab-prep/data/processed_dataset/Pants/pant267.jpg,Pants
/content/stylemind-colab-prep/data/processed_dataset/Pants/pant268.jpg,Pants
/content/stylemind-colab-prep/data/processed_dataset/Pants/pant269.jpg,Pants
/content/stylemind-colab-prep/data/processed_dataset/Pants/pant270.jpg,Pants
/content/stylemind-colab-prep/data/processed_dataset/Pants/pant271.jpg,Pants
/content/stylemind-colab-prep/data/processed_dataset/Pants/pant272.jpg,Pants
/content/stylemind-colab-prep/data/processed_dataset/Pants/pant273.jpg,Pants
/content/stylemind-colab-prep/data/processed_dataset/Pants/pant274.jpg,Pants
/content/stylemind-colab-prep/data/processed_dataset/Pants/pant275.jpg,Pants
/content/stylemind-colab-prep/data/processed_dataset/Pants/pant276.jpg,Pants
/content/stylemind-colab-prep/data/processed_dataset/Pants/pant277.jpg,Pants
/content/stylemind-colab-prep/data/processed_dataset/Pants/pant278.jpg,Pants
/content/stylemind-colab-prep/data/processed_dataset/Pants/pant279.jpg,Pants
/content/stylemind-colab-prep/data/processed_dataset/Pants/pant280.jpg,Pants
/content/stylemind-colab-prep/data/processed_dataset/Pants/pant281.jpg,Pants
/content/stylemind-colab-prep/data/processed_dataset/Pants/pant282.jpg,Pants
/content/stylemind-colab-prep/data/processed_dataset/Pants/pant283.jpg,Pants
/content/stylemind-colab-prep/data/processed_dataset/Pants/pant284.jpg,Pants
/content/stylemind-colab-prep/data/processed_dataset/Pants/pant285.jpg,Pants
/content/stylemind-colab-prep/data/processed_dataset/Pants/pant286.jpg,Pants
/content/stylemind-colab-prep/data/processed_dataset/Pants/pant287.jpg,Pants
/content/stylemind-colab-prep/data/processed_dataset/Pants/pant288.jpg,Pants
/content/stylemind-colab-prep/data/processed_dataset/Pants/pant289.jpg,Pants
/content/stylemind-colab-prep/data/processed_dataset/Pants/pant290.jpg,Pants
/content/stylemind-colab-prep/data/processed_dataset/Pants/pant291.jpg,Pants
/content/stylemind-colab-prep/data/processed_dataset/Pants/pant292.jpg,Pants
/content/stylemind-colab-prep/data/processed_dataset/Pants/pant293.jpg,Pants
/content/stylemind-colab-prep/data/processed_dataset/Pants/pant294.jpg,Pants
/content/stylemind-colab-prep/data/processed_dataset/Pants/pant295.jpg,Pants
/content/stylemind-colab-prep/data/processed_dataset/Pants/pant296.jpg,Pants
/content/stylemind-colab-prep/data/processed_dataset/Pants/pant297.jpg,Pants
/content/stylemind-colab-prep/data/processed_dataset/Pants/pant298.jpg,Pants
/content/stylemind-colab-prep/data/processed_dataset/Pants/pant299.jpg,Pants
/content/stylemind-colab-prep/data/processed_dataset/Pants/pant300.jpg,Pants
/content/stylemind-colab-prep/data/processed_dataset/Pants/pant301.jpg,Pants
/content/stylemind-colab-prep/data/processed_dataset/Pants/pant302.jpg,Pants
/content/stylemind-colab-prep/data/processed_dataset/Pants/pant303.jpg,Pants
/content/stylemind-colab-prep/data/processed_dataset/Pants/pant304.jpg,Pants
/content/stylemind-colab-prep/data/processed_dataset/Pants/pant305.jpg,Pants
/content/stylemind-colab-prep/data/processed_dataset/Pants/pant306.jpg,Pants
/content/stylemind-colab-prep/data/processed_dataset/Pants/pant307.jpg,Pants
/content/stylemind-colab-prep/data/processed_dataset/Pants/pant308.jpg,Pants
/content/stylemind-colab-prep/data/processed_dataset/Pants/pant309.jpg,Pants
/content/stylemind-colab-prep/data/processed_dataset/Pants/pant310.jpg,Pants
/content/stylemind-colab-prep/data/processed_dataset/Pants/pant311.jpg,Pants
/content/stylemind-colab-prep/data/processed_dataset/Pants/pant312.jpg,Pants
/content/stylemind-colab-prep/data/processed_dataset/Pants/pant313.jpg,Pants
/content/stylemind-colab-prep/data/processed_dataset/Pants/pant314.jpg,Pants
/content/stylemind-colab-prep/data/processed_dataset/Pants/pant315.jpg,Pants
/content/stylemind-colab-prep/data/processed_dataset/Pants/pant316.jpg,Pants
/content/stylemind-colab-prep/data/processed_dataset/Pants/pant317.jpg,Pants
/content/stylemind-colab-prep/data/processed_dataset/Pants/pant318.jpg,Pants
/content/stylemind-colab-prep/data/processed_dataset/Pants/pant319.jpg,Pants
/content/stylemind-colab-prep/data/processed_dataset/Pants/pant320.jpg,Pants
/content/stylemind-colab-prep/data/processed_dataset/Pants/pant321.jpg,Pants
/content/stylemind-colab-prep/data/processed_dataset/Pants/pant322.jpg,Pants
/content/stylemind-colab-prep/data/processed_dataset/Pants/pant323.jpg,Pants
/content/stylemind-colab-prep/data/processed_dataset/Pants/pant324.jpg,Pants
/content/stylemind-colab-prep/data/processed_dataset/Pants/pant325.jpg,Pants
/content/stylemind-colab-prep/data/processed_dataset/Pants/pant326.jpg,Pants
/content/stylemind-colab-prep/data/processed_dataset/Pants/pant327.jpg,Pants
/content/stylemind-colab-prep/data/processed_dataset/Pants/pant328.jpg,Pants
/content/stylemind-colab-prep/data/processed_dataset/Pants/pant329.jpg,Pants
/content/stylemind-colab-prep/data/processed_dataset/Pants/pant330.jpg,Pants
/content/stylemind-colab-prep/data/processed_dataset/Pants/pant331.jpg,Pants
/content/stylemind-colab-prep/data/processed_dataset/Pants/pant332.jpg,Pants
/content/stylemind-colab-prep/data/processed_dataset/Pants/pant333.jpg,Pants
/content/stylemind-colab-prep/data/processed_dataset/Pants/pant334.jpg,Pants
/content/stylemind-colab-prep/data/processed_dataset/Pants/pant335.jpg,Pants
/content/stylemind-colab-prep/data/processed_dataset/Pants/pant336.jpg,Pants
/content/stylemind-colab-prep/data/processed_dataset/Pants/pant337.jpg,Pants
/content/stylemind-colab-prep/data/processed_dataset/Pants/pant338.jpg,Pants
/content/stylemind-colab-prep/data/processed_dataset/Pants/pant339.jpg,Pants
/content/stylemind-colab-prep/data/processed_dataset/Pants/pant340.jpg,Pants
/content/stylemind-colab-prep/data/processed_dataset/Pants/pant341.jpg,Pants
/content/stylemind-colab-prep/data/processed_dataset/Pants/pant342.jpg,Pants
/content/stylemind-colab-prep/data/processed_dataset/Pants/pant343.jpg,Pants
/content/stylemind-colab-prep/data/processed_dataset/Pants/pant344.jpg,Pants
/content/stylemind-colab-prep/data/processed_dataset/Pants/pant345.jpg,Pants
/content/stylemind-colab-prep/data/processed_dataset/Pants/pant346.jpg,Pants
/content/stylemind-colab-prep/data/processed_dataset/Pants/pant347.jpg,Pants
/content/stylemind-colab-prep/data/processed_dataset/Pants/pant348.jpg,Pants
/content/stylemind-colab-prep/data/processed_dataset/Pants/pant349.jpg,Pants
/content/stylemind-colab-prep/data/processed_dataset/Pants/pant350.jpg,Pants
/content/stylemind-colab-prep/data/processed_dataset/Pants/pant351.jpg,Pants
/content/stylemind-colab-prep/data/processed_dataset/Pants/pant352.jpg,Pants
/content/stylemind-colab-prep/data/processed_dataset/Pants/pant353.jpg,Pants
/content/stylemind-colab-prep/data/processed_dataset/Pants/pant354.jpg,Pants
/content/stylemind-colab-prep/data/processed_dataset/Pants/pant355.jpg,Pants
/content/stylemind-colab-prep/data/processed_dataset/Pants/pant356.jpg,Pants
/content/stylemind-colab-prep/data/processed_dataset/Pants/pant357.jpg,Pants
/content/stylemind-colab-prep/data/processed_dataset/Pants/pant358.jpg,Pants
/content/stylemind-colab-prep/data/processed_dataset/Pants/pant359.jpg,Pants
/content/stylemind-colab-prep/data/processed_dataset/Pants/pant360.jpg,Pants
/content/stylemind-colab-prep/data/processed_dataset/Pants/pant361.jpg,Pants
/content/stylemind-colab-prep/data/processed_dataset/Pants/pant362.jpg,Pants
/content/stylemind-colab-prep/data/processed_dataset/Pants/pant363.jpg,Pants
/content/stylemind-colab-prep/data/processed_dataset/Pants/pant364.jpg,Pants
/content/stylemind-colab-prep/data/processed_dataset/Pants/pant365.jpg,Pants
/content/stylemind-colab-prep/data/processed_dataset/Pants/pant366.jpg,Pants
/content/stylemind-colab-prep/data/processed_dataset/Pants/pant367.jpg,Pants
/content/stylemind-colab-prep/data/processed_dataset/Pants/pant368.jpg,Pants
/content/stylemind-colab-prep/data/processed_dataset/Pants/pant369.jpg,Pants
/content/stylemind-colab-prep/data/processed_dataset/Pants/pant370.jpg,Pants
/content/stylemind-colab-prep/data/processed_dataset/Pants/pant371.jpg,Pants
/content/stylemind-colab-prep/data/processed_dataset/Pants/pant372.jpg,Pants
/content/stylemind-colab-prep/data/processed_dataset/Pants/pant373.jpg,Pants
/content/stylemind-colab-prep/data/processed_dataset/Pants/pant374.jpg,Pants
/content/stylemind-colab-prep/data/processed_dataset/Pants/pant375.jpg,Pants
/content/stylemind-colab-prep/data/processed_dataset/Pants/pant376.jpg,Pants
/content/stylemind-colab-prep/data/processed_dataset/Pants/pant377.jpg,Pants
/content/stylemind-colab-prep/data/processed_dataset/Pants/pant378.jpg,Pants
/content/stylemind-colab-prep/data/processed_dataset/Pants/pant379.jpg,Pants
/content/stylemind-colab-prep/data/processed_dataset/Pants/pant380.jpg,Pants
/content/stylemind-colab-prep/data/processed_dataset/Pants/pant381.jpg,Pants
/content/stylemind-colab-prep/data/processed_dataset/Pants/pant382.jpg,Pants
/content/stylemind-colab-prep/data/processed_dataset/Pants/pant383.jpg,Pants
/content/stylemind-colab-prep/data/processed_dataset/Pants/pant384.jpg,Pants
/content/stylemind-colab-prep/data/processed_dataset/Pants/pant385.jpg,Pants
/content/stylemind-colab-prep/data/processed_dataset/Pants/pant386.jpg,Pants
/content/stylemind-colab-prep/data/processed_dataset/Pants/pant387.jpg,Pants
/content/stylemind-colab-prep/data/processed_dataset/Pants/pant388.jpg,Pants
/content/stylemind-colab-prep/data/processed_dataset/Pants/pant389.jpg,Pants
/content/stylemind-colab-prep/data/processed_dataset/Pants/pant390.jpg,Pants
/content/stylemind-colab-prep/data/processed_dataset/Pants/pant391.jpg,Pants
/content/stylemind-colab-prep/data/processed_dataset/Pants/pant392.jpg,Pants
/content/stylemind-colab-prep/data/processed_dataset/Pants/pant393.jpg,Pants
/content/stylemind-colab-prep/data/processed_dataset/Pants/pant394.jpg,Pants
/content/stylemind-colab-prep/data/processed_dataset/Pants/pant395.jpg,Pants
/content/stylemind-colab-prep/data/processed_dataset/Pants/pant396.jpg,Pants
/content/stylemind-colab-prep/data/processed_dataset/Pants/pant397.jpg,Pants
/content/stylemind-colab-prep/data/processed_dataset/Pants/pant398.jpg,Pants
/content/stylemind-colab-prep/data/processed_dataset/Pants/pant399.jpg,Pants
/content/stylemind-colab-prep/data/processed_dataset/Pants/pant400.jpg,Pants
/content/stylemind-colab-prep/data/processed_dataset/Pants/pant401.jpg,Pants
/content/stylemind-colab-prep/data/processed_dataset/Pants/pant402.jpg,Pants
/content/stylemind-colab-prep/data/processed_dataset/Pants/pant403.jpg,Pants
/content/stylemind-colab-prep/data/processed_dataset/Pants/pant404.jpg,Pants
/content/stylemind-colab-prep/data/processed_dataset/Pants/pant405.jpg,Pants
/content/stylemind-colab-prep/data/processed_dataset/Pants/pant406.jpg,Pants
/content/stylemind-colab-prep/data/processed_dataset/Pants/pant407.jpg,Pants
/content/stylemind-colab-prep/data/processed_dataset/Pants/pant408.jpg,Pants
/content/stylemind-colab-prep/data/processed_dataset/Pants/pant409.jpg,Pants
/content/stylemind-colab-prep/data/processed_dataset/Pants/pant410.jpg,Pants
/content/stylemind-colab-prep/data/processed_dataset/Pants/pant411.jpg,Pants
/content/stylemind-colab-prep/data/processed_dataset/Pants/pant412.jpg,Pants
/content/stylemind-colab-prep/data/processed_dataset/Pants/pant413.jpg,Pants
/content/stylemind-colab-prep/data/processed_dataset/Pants/pant414.jpg,Pants
/content/stylemind-colab-prep/data/processed_dataset/Pants/pant415.jpg,Pants
/content/stylemind-colab-prep/data/processed_dataset/Pants/pant416.jpg,Pants
/content/stylemind-colab-prep/data/processed_dataset/Pants/pant417.jpg,Pants
/content/stylemind-colab-prep/data/processed_dataset/Pants/pant418.jpg,Pants
/content/stylemind-colab-prep/data/processed_dataset/Pants/pant419.jpg,Pants
/content/stylemind-colab-prep/data/processed_dataset/Pants/pant420.jpg,Pants
/content/stylemind-colab-prep/data/processed_dataset/Pants/pant421.jpg,Pants
/content/stylemind-colab-prep/data/processed_dataset/Pants/pant422.jpg,Pants
/content/stylemind-colab-prep/data/processed_dataset/Pants/pant423.jpg,Pants
/content/stylemind-colab-prep/data/processed_dataset/Pants/pant424.jpg,Pants
/content/stylemind-colab-prep/data/processed_dataset/Pants/pant425.jpg,Pants
/content/stylemind-colab-prep/data/processed_dataset/Pants/pant426.jpg,Pants
/content/stylemind-colab-prep/data/processed_dataset/Pants/pant427.jpg,Pants
/content/stylemind-colab-prep/data/processed_dataset/Pants/pant428.jpg,Pants
/content/stylemind-colab-prep/data/processed_dataset/Pants/pant429.jpg,Pants
/content/stylemind-colab-prep/data/processed_dataset/Pants/pant430.jpg,Pants
/content/stylemind-colab-prep/data/processed_dataset/Pants/pant431.jpg,Pants
/content/stylemind-colab-prep/data/processed_dataset/Pants/pant432.jpg,Pants
/content/stylemind-colab-prep/data/processed_dataset/Pants/pant433.jpg,Pants
/content/stylemind-colab-prep/data/processed_dataset/Pants/pant434.jpg,Pants
/content/stylemind-colab-prep/data/processed_dataset/Pants/pant435.jpg,Pants
/content/stylemind-colab-prep/data/processed_dataset/Pants/pant436.jpg,Pants
/content/stylemind-colab-prep/data/processed_dataset/Pants/pant437.jpg,Pants
/content/stylemind-colab-prep/data/processed_dataset/Pants/pant438.jpg,Pants
/content/stylemind-colab-prep/data/processed_dataset/Pants/pant439.jpg,Pants
/content/stylemind-colab-prep/data/processed_dataset/Pants/pant440.jpg,Pants
/content/stylemind-colab-prep/data/processed_dataset/Pants/pant441.jpg,Pants
/content/stylemind-colab-prep/data/processed_dataset/Pants/pant442.jpg,Pants
/content/stylemind-colab-prep/data/processed_dataset/Pants/pant443.jpg,Pants
/content/stylemind-colab-prep/data/processed_dataset/Pants/pant444.jpg,Pants
/content/stylemind-colab-prep/data/processed_dataset/Pants/pant445.jpg,Pants
/content/stylemind-colab-prep/data/processed_dataset/Pants/pant446.jpg,Pants
/content/stylemind-colab-prep/data/processed_dataset/Pants/pant447.jpg,Pants
/content/stylemind-colab-prep/data/processed_dataset/Pants/pant448.jpg,Pants
/content/stylemind-colab-prep/data/processed_dataset/Pants/pant449.jpg,Pants
/content/stylemind-colab-prep/data/processed_dataset/Pants/pant450.jpg,Pants
/content/stylemind-colab-prep/data/processed_dataset/Shirt/shirt001.jpg,Shirt
/content/stylemind-colab-prep/data/processed_dataset/Shirt/shirt002.jpg,Shirt
/content/stylemind-colab-prep/data/processed_dataset/Shirt/shirt003.jpg,Shirt
/content/stylemind-colab-prep/data/processed_dataset/Shirt/shirt004.jpg,Shirt
/content/stylemind-colab-prep/data/processed_dataset/Shirt/shirt005.jpg,Shirt
/content/stylemind-colab-prep/data/processed_dataset/Shirt/shirt006.jpg,Shirt
/content/stylemind-colab-prep/data/processed_dataset/Shirt/shirt007.jpg,Shirt
/content/stylemind-colab-prep/data/processed_dataset/Shirt/shirt008.jpg,Shirt
/content/stylemind-colab-prep/data/processed_dataset/Shirt/shirt009.jpg,Shirt
/content/stylemind-colab-prep/data/processed_dataset/Shirt/shirt010.jpg,Shirt
/content/stylemind-colab-prep/data/processed_dataset/Shirt/shirt011.jpg,Shirt
/content/stylemind-colab-prep/data/processed_dataset/Shirt/shirt012.jpg,Shirt
/content/stylemind-colab-prep/data/processed_dataset/Shirt/shirt013.jpg,Shirt
/content/stylemind-colab-prep/data/processed_dataset/Shirt/shirt014.jpg,Shirt
/content/stylemind-colab-prep/data/processed_dataset/Shirt/shirt015.jpg,Shirt
/content/stylemind-colab-prep/data/processed_dataset/Shirt/shirt016.jpg,Shirt
/content/stylemind-colab-prep/data/processed_dataset/Shirt/shirt017.jpg,Shirt
/content/stylemind-colab-prep/data/processed_dataset/Shirt/shirt018.jpg,Shirt
/content/stylemind-colab-prep/data/processed_dataset/Shirt/shirt019.jpg,Shirt
/content/stylemind-colab-prep/data/processed_dataset/Shirt/shirt020.jpg,Shirt
/content/stylemind-colab-prep/data/processed_dataset/Shirt/shirt021.jpg,Shirt
/content/stylemind-colab-prep/data/processed_dataset/Shirt/shirt022.jpg,Shirt
/content/stylemind-colab-prep/data/processed_dataset/Shirt/shirt023.jpg,Shirt
/content/stylemind-colab-prep/data/processed_dataset/Shirt/shirt024.jpg,Shirt
/content/stylemind-colab-prep/data/processed_dataset/Shirt/shirt025.jpg,Shirt
/content/stylemind-colab-prep/data/processed_dataset/Shirt/shirt026.jpg,Shirt
/content/stylemind-colab-prep/data/processed_dataset/Shirt/shirt027.jpg,Shirt
/content/stylemind-colab-prep/data/processed_dataset/Shirt/shirt028.jpg,Shirt
/content/stylemind-colab-prep/data/processed_dataset/Shirt/shirt029.jpg,Shirt
/content/stylemind-colab-prep/data/processed_dataset/Shirt/shirt030.jpg,Shirt
/content/stylemind-colab-prep/data/processed_dataset/Shirt/shirt031.jpg,Shirt
/content/stylemind-colab-prep/data/processed_dataset/Shirt/shirt032.jpg,Shirt
/content/stylemind-colab-prep/data/processed_dataset/Shirt/shirt033.jpg,Shirt
/content/stylemind-colab-prep/data/processed_dataset/Shirt/shirt034.jpg,Shirt
/content/stylemind-colab-prep/data/processed_dataset/Shirt/shirt035.jpg,Shirt
/content/stylemind-colab-prep/data/processed_dataset/Shirt/shirt036.jpg,Shirt
/content/stylemind-colab-prep/data/processed_dataset/Shirt/shirt037.jpg,Shirt
/content/stylemind-colab-prep/data/processed_dataset/Shirt/shirt038.jpg,Shirt
/content/stylemind-colab-prep/data/processed_dataset/Shirt/shirt039.jpg,Shirt
/content/stylemind-colab-prep/data/processed_dataset/Shirt/shirt040.jpg,Shirt
/content/stylemind-colab-prep/data/processed_dataset/Shirt/shirt041.jpg,Shirt
/content/stylemind-colab-prep/data/processed_dataset/Shirt/shirt042.jpg,Shirt
/content/stylemind-colab-prep/data/processed_dataset/Shirt/shirt043.jpg,Shirt
/content/stylemind-colab-prep/data/processed_dataset/Shirt/shirt044.jpg,Shirt
/content/stylemind-colab-prep/data/processed_dataset/Shirt/shirt045.jpg,Shirt
/content/stylemind-colab-prep/data/processed_dataset/Shirt/shirt046.jpg,Shirt
/content/stylemind-colab-prep/data/processed_dataset/Shirt/shirt047.jpg,Shirt
/content/stylemind-colab-prep/data/processed_dataset/Shirt/shirt048.jpg,Shirt
/content/stylemind-colab-prep/data/processed_dataset/Shirt/shirt049.jpg,Shirt
/content/stylemind-colab-prep/data/processed_dataset/Shirt/shirt050.jpg,Shirt
/content/stylemind-colab-prep/data/processed_dataset/Shirt/shirt051.jpg,Shirt
/content/stylemind-colab-prep/data/processed_dataset/Shirt/shirt052.jpg,Shirt
/content/stylemind-colab-prep/data/processed_dataset/Shirt/shirt053.jpg,Shirt
/content/stylemind-colab-prep/data/processed_dataset/Shirt/shirt054.jpg,Shirt
/content/stylemind-colab-prep/data/processed_dataset/Shirt/shirt055.jpg,Shirt
/content/stylemind-colab-prep/data/processed_dataset/Shirt/shirt056.jpg,Shirt
/content/stylemind-colab-prep/data/processed_dataset/Shirt/shirt057.jpg,Shirt
/content/stylemind-colab-prep/data/processed_dataset/Shirt/shirt058.jpg,Shirt
/content/stylemind-colab-prep/data/processed_dataset/Shirt/shirt059.jpg,Shirt
/content/stylemind-colab-prep/data/processed_dataset/Shirt/shirt060.jpg,Shirt
/content/stylemind-colab-prep/data/processed_dataset/Shirt/shirt061.jpg,Shirt
/content/stylemind-colab-prep/data/processed_dataset/Shirt/shirt062.jpg,Shirt
/content/stylemind-colab-prep/data/processed_dataset/Shirt/shirt063.jpg,Shirt
/content/stylemind-colab-prep/data/processed_dataset/Shirt/shirt064.jpg,Shirt
/content/stylemind-colab-prep/data/processed_dataset/Shirt/shirt065.jpg,Shirt
/content/stylemind-colab-prep/data/processed_dataset/Shirt/shirt066.jpg,Shirt
/content/stylemind-colab-prep/data/processed_dataset/Shirt/shirt067.jpg,Shirt
/content/stylemind-colab-prep/data/processed_dataset/Shirt/shirt068.jpg,Shirt
/content/stylemind-colab-prep/data/processed_dataset/Shirt/shirt069.jpg,Shirt
/content/stylemind-colab-prep/data/processed_dataset/Shirt/shirt070.jpg,Shirt
/content/stylemind-colab-prep/data/processed_dataset/Shirt/shirt071.jpg,Shirt
/content/stylemind-colab-prep/data/processed_dataset/Shirt/shirt072.jpg,Shirt
/content/stylemind-colab-prep/data/processed_dataset/Shirt/shirt073.jpg,Shirt
/content/stylemind-colab-prep/data/processed_dataset/Shirt/shirt074.jpg,Shirt
/content/stylemind-colab-prep/data/processed_dataset/Shirt/shirt075.jpg,Shirt
/content/stylemind-colab-prep/data/processed_dataset/Shirt/shirt076.jpg,Shirt
/content/stylemind-colab-prep/data/processed_dataset/Shirt/shirt077.jpg,Shirt
/content/stylemind-colab-prep/data/processed_dataset/Shirt/shirt078.jpg,Shirt
/content/stylemind-colab-prep/data/processed_dataset/Shirt/shirt079.jpg,Shirt
/content/stylemind-colab-prep/data/processed_dataset/Shirt/shirt080.jpg,Shirt
/content/stylemind-colab-prep/data/processed_dataset/Shirt/shirt081.jpg,Shirt
/content/stylemind-colab-prep/data/processed_dataset/Shirt/shirt082.jpg,Shirt
/content/stylemind-colab-prep/data/processed_dataset/Shirt/shirt083.jpg,Shirt
/content/stylemind-colab-prep/data/processed_dataset/Shirt/shirt084.jpg,Shirt
/content/stylemind-colab-prep/data/processed_dataset/Shirt/shirt085.jpg,Shirt
/content/stylemind-colab-prep/data/processed_dataset/Shirt/shirt086.jpg,Shirt
/content/stylemind-colab-prep/data/processed_dataset/Shirt/shirt087.jpg,Shirt
/content/stylemind-colab-prep/data/processed_dataset/Shirt/shirt088.jpg,Shirt
/content/stylemind-colab-prep/data/processed_dataset/Shirt/shirt089.jpg,Shirt
/content/stylemind-colab-prep/data/processed_dataset/Shirt/shirt090.jpg,Shirt
/content/stylemind-colab-prep/data/processed_dataset/Shirt/shirt091.jpg,Shirt
/content/stylemind-colab-prep/data/processed_dataset/Shirt/shirt092.jpg,Shirt
/content/stylemind-colab-prep/data/processed_dataset/Shirt/shirt093.jpg,Shirt
/content/stylemind-colab-prep/data/processed_dataset/Shirt/shirt094.jpg,Shirt
/content/stylemind-colab-prep/data/processed_dataset/Shirt/shirt095.jpg,Shirt
/content/stylemind-colab-prep/data/processed_dataset/Shirt/shirt096.jpg,Shirt
/content/stylemind-colab-prep/data/processed_dataset/Shirt/shirt097.jpg,Shirt
/content/stylemind-colab-prep/data/processed_dataset/Shirt/shirt098.jpg,Shirt
/content/stylemind-colab-prep/data/processed_dataset/Shirt/shirt099.jpg,Shirt
/content/stylemind-colab-prep/data/processed_dataset/Shirt/shirt100.jpg,Shirt
/content/stylemind-colab-prep/data/processed_dataset/Shirt/shirt101.jpg,Shirt
/content/stylemind-colab-prep/data/processed_dataset/Shirt/shirt102.jpg,Shirt
/content/stylemind-colab-prep/data/processed_dataset/Shirt/shirt103.jpg,Shirt
/content/stylemind-colab-prep/data/processed_dataset/Shirt/shirt104.jpg,Shirt
/content/stylemind-colab-prep/data/processed_dataset/Shirt/shirt105.jpg,Shirt
/content/stylemind-colab-prep/data/processed_dataset/Shirt/shirt106.jpg,Shirt
/content/stylemind-colab-prep/data/processed_dataset/Shirt/shirt107.jpg,Shirt
/content/stylemind-colab-prep/data/processed_dataset/Shirt/shirt108.jpg,Shirt
/content/stylemind-colab-prep/data/processed_dataset/Shirt/shirt109.jpg,Shirt
/content/stylemind-colab-prep/data/processed_dataset/Shirt/shirt110.jpg,Shirt
/content/stylemind-colab-prep/data/processed_dataset/Shirt/shirt111.jpg,Shirt
/content/stylemind-colab-prep/data/processed_dataset/Shirt/shirt112.jpg,Shirt
/content/stylemind-colab-prep/data/processed_dataset/Shirt/shirt113.jpg,Shirt
/content/stylemind-colab-prep/data/processed_dataset/Shirt/shirt114.jpg,Shirt
/content/stylemind-colab-prep/data/processed_dataset/Shirt/shirt115.jpg,Shirt
/content/stylemind-colab-prep/data/processed_dataset/Shirt/shirt116.jpg,Shirt
/content/stylemind-colab-prep/data/processed_dataset/Shirt/shirt117.jpg,Shirt
/content/stylemind-colab-prep/data/processed_dataset/Shirt/shirt118.jpg,Shirt
/content/stylemind-colab-prep/data/processed_dataset/Shirt/shirt119.jpg,Shirt
/content/stylemind-colab-prep/data/processed_dataset/Shirt/shirt120.jpg,Shirt
/content/stylemind-colab-prep/data/processed_dataset/Shirt/shirt121.jpg,Shirt
/content/stylemind-colab-prep/data/processed_dataset/Shirt/shirt122.jpg,Shirt
/content/stylemind-colab-prep/data/processed_dataset/Shirt/shirt123.jpg,Shirt
/content/stylemind-colab-prep/data/processed_dataset/Shirt/shirt124.jpg,Shirt
/content/stylemind-colab-prep/data/processed_dataset/Shirt/shirt125.jpg,Shirt
/content/stylemind-colab-prep/data/processed_dataset/Shirt/shirt126.jpg,Shirt
/content/stylemind-colab-prep/data/processed_dataset/Shirt/shirt127.jpg,Shirt
/content/stylemind-colab-prep/data/processed_dataset/Shirt/shirt128.jpg,Shirt
/content/stylemind-colab-prep/data/processed_dataset/Shirt/shirt129.jpg,Shirt
/content/stylemind-colab-prep/data/processed_dataset/Shirt/shirt130.jpg,Shirt
/content/stylemind-colab-prep/data/processed_dataset/Shirt/shirt131.jpg,Shirt
/content/stylemind-colab-prep/data/processed_dataset/Shirt/shirt132.jpg,Shirt
/content/stylemind-colab-prep/data/processed_dataset/Shirt/shirt133.jpg,Shirt
/content/stylemind-colab-prep/data/processed_dataset/Shirt/shirt134.jpg,Shirt
/content/stylemind-colab-prep/data/processed_dataset/Shirt/shirt135.jpg,Shirt
/content/stylemind-colab-prep/data/processed_dataset/Shirt/shirt136.jpg,Shirt
/content/stylemind-colab-prep/data/processed_dataset/Shirt/shirt137.jpg,Shirt
/content/stylemind-colab-prep/data/processed_dataset/Shirt/shirt138.jpg,Shirt
/content/stylemind-colab-prep/data/processed_dataset/Shirt/shirt139.jpg,Shirt
/content/stylemind-colab-prep/data/processed_dataset/Shirt/shirt140.jpg,Shirt
/content/stylemind-colab-prep/data/processed_dataset/Shirt/shirt141.jpg,Shirt
/content/stylemind-colab-prep/data/processed_dataset/Shirt/shirt142.jpg,Shirt
/content/stylemind-colab-prep/data/processed_dataset/Shirt/shirt143.jpg,Shirt
/content/stylemind-colab-prep/data/processed_dataset/Shirt/shirt144.jpg,Shirt
/content/stylemind-colab-prep/data/processed_dataset/Shirt/shirt145.jpg,Shirt
/content/stylemind-colab-prep/data/processed_dataset/Shirt/shirt146.jpg,Shirt
/content/stylemind-colab-prep/data/processed_dataset/Shirt/shirt147.jpg,Shirt
/content/stylemind-colab-prep/data/processed_dataset/Shirt/shirt148.jpg,Shirt
/content/stylemind-colab-prep/data/processed_dataset/Shirt/shirt149.jpg,Shirt
/content/stylemind-colab-prep/data/processed_dataset/Shirt/shirt150.jpg,Shirt
/content/stylemind-colab-prep/data/processed_dataset/Shirt/shirt151.jpg,Shirt
/content/stylemind-colab-prep/data/processed_dataset/Shirt/shirt152.jpg,Shirt
/content/stylemind-colab-prep/data/processed_dataset/Shirt/shirt153.jpg,Shirt
/content/stylemind-colab-prep/data/processed_dataset/Shirt/shirt154.jpg,Shirt
/content/stylemind-colab-prep/data/processed_dataset/Shirt/shirt155.jpg,Shirt
/content/stylemind-colab-prep/data/processed_dataset/Shirt/shirt156.jpg,Shirt
/content/stylemind-colab-prep/data/processed_dataset/Shirt/shirt157.jpg,Shirt
/content/stylemind-colab-prep/data/processed_dataset/Shirt/shirt158.jpg,Shirt
/content/stylemind-colab-prep/data/processed_dataset/Shirt/shirt159.jpg,Shirt
/content/stylemind-colab-prep/data/processed_dataset/Shirt/shirt160.jpg,Shirt
/content/stylemind-colab-prep/data/processed_dataset/Shirt/shirt161.jpg,Shirt
/content/stylemind-colab-prep/data/processed_dataset/Shirt/shirt162.jpg,Shirt
/content/stylemind-colab-prep/data/processed_dataset/Shirt/shirt163.jpg,Shirt
/content/stylemind-colab-prep/data/processed_dataset/Shirt/shirt164.jpg,Shirt
/content/stylemind-colab-prep/data/processed_dataset/Shirt/shirt165.jpg,Shirt
/content/stylemind-colab-prep/data/processed_dataset/Shirt/shirt166.jpg,Shirt
/content/stylemind-colab-prep/data/processed_dataset/Shirt/shirt167.jpg,Shirt
/content/stylemind-colab-prep/data/processed_dataset/Shirt/shirt168.jpg,Shirt
/content/stylemind-colab-prep/data/processed_dataset/Shirt/shirt169.jpg,Shirt
/content/stylemind-colab-prep/data/processed_dataset/Shirt/shirt170.jpg,Shirt
/content/stylemind-colab-prep/data/processed_dataset/Shirt/shirt171.jpg,Shirt
/content/stylemind-colab-prep/data/processed_dataset/Shirt/shirt172.jpg,Shirt
/content/stylemind-colab-prep/data/processed_dataset/Shirt/shirt173.jpg,Shirt
/content/stylemind-colab-prep/data/processed_dataset/Shirt/shirt174.jpg,Shirt
/content/stylemind-colab-prep/data/processed_dataset/Shirt/shirt175.jpg,Shirt
/content/stylemind-colab-prep/data/processed_dataset/Shirt/shirt176.jpg,Shirt
/content/stylemind-colab-prep/data/processed_dataset/Shirt/shirt177.jpg,Shirt
/content/stylemind-colab-prep/data/processed_dataset/Shirt/shirt178.jpg,Shirt
/content/stylemind-colab-prep/data/processed_dataset/Shirt/shirt179.jpg,Shirt
/content/stylemind-colab-prep/data/processed_dataset/Shirt/shirt180.jpg,Shirt
/content/stylemind-colab-prep/data/processed_dataset/Shirt/shirt181.jpg,Shirt
/content/stylemind-colab-prep/data/processed_dataset/Shirt/shirt182.jpg,Shirt
/content/stylemind-colab-prep/data/processed_dataset/Shirt/shirt183.jpg,Shirt
/content/stylemind-colab-prep/data/processed_dataset/Shirt/shirt184.jpg,Shirt
/content/stylemind-colab-prep/data/processed_dataset/Shirt/shirt185.jpg,Shirt
/content/stylemind-colab-prep/data/processed_dataset/Shirt/shirt186.jpg,Shirt
/content/stylemind-colab-prep/data/processed_dataset/Shirt/shirt187.jpg,Shirt
/content/stylemind-colab-prep/data/processed_dataset/Shirt/shirt188.jpg,Shirt
/content/stylemind-colab-prep/data/processed_dataset/Shirt/shirt189.jpg,Shirt
/content/stylemind-colab-prep/data/processed_dataset/Shirt/shirt190.jpg,Shirt
/content/stylemind-colab-prep/data/processed_dataset/Shirt/shirt191.jpg,Shirt
/content/stylemind-colab-prep/data/processed_dataset/Shirt/shirt192.jpg,Shirt
/content/stylemind-colab-prep/data/processed_dataset/Shirt/shirt193.jpg,Shirt
/content/stylemind-colab-prep/data/processed_dataset/Shirt/shirt194.jpg,Shirt
/content/stylemind-colab-prep/data/processed_dataset/Shirt/shirt195.jpg,Shirt
/content/stylemind-colab-prep/data/processed_dataset/Shirt/shirt196.jpg,Shirt
/content/stylemind-colab-prep/data/processed_dataset/Shirt/shirt197.jpg,Shirt
/content/stylemind-colab-prep/data/processed_dataset/Shirt/shirt198.jpg,Shirt
/content/stylemind-colab-prep/data/processed_dataset/Shirt/shirt199.jpg,Shirt
/content/stylemind-colab-prep/data/processed_dataset/Shirt/shirt200.jpg,Shirt
/content/stylemind-colab-prep/data/processed_dataset/Shirt/shirt201.jpg,Shirt
/content/stylemind-colab-prep/data/processed_dataset/Shirt/shirt202.jpg,Shirt
/content/stylemind-colab-prep/data/processed_dataset/Shirt/shirt203.jpg,Shirt
/content/stylemind-colab-prep/data/processed_dataset/Shirt/shirt204.jpg,Shirt
/content/stylemind-colab-prep/data/processed_dataset/Shirt/shirt205.jpg,Shirt
/content/stylemind-colab-prep/data/processed_dataset/Shirt/shirt206.jpg,Shirt
/content/stylemind-colab-prep/data/processed_dataset/Shirt/shirt207.jpg,Shirt
/content/stylemind-colab-prep/data/processed_dataset/Shirt/shirt208.jpg,Shirt
/content/stylemind-colab-prep/data/processed_dataset/Shirt/shirt209.jpg,Shirt
/content/stylemind-colab-prep/data/processed_dataset/Shirt/shirt210.jpg,Shirt
/content/stylemind-colab-prep/data/processed_dataset/Shirt/shirt211.jpg,Shirt
/content/stylemind-colab-prep/data/processed_dataset/Shirt/shirt212.jpg,Shirt
/content/stylemind-colab-prep/data/processed_dataset/Shirt/shirt213.jpg,Shirt
/content/stylemind-colab-prep/data/processed_dataset/Shirt/shirt214.jpg,Shirt
/content/stylemind-colab-prep/data/processed_dataset/Shirt/shirt215.jpg,Shirt
/content/stylemind-colab-prep/data/processed_dataset/Shirt/shirt216.jpg,Shirt
/content/stylemind-colab-prep/data/processed_dataset/Shirt/shirt217.jpg,Shirt
/content/stylemind-colab-prep/data/processed_dataset/Shirt/shirt218.jpg,Shirt
/content/stylemind-colab-prep/data/processed_dataset/Shirt/shirt219.jpg,Shirt
/content/stylemind-colab-prep/data/processed_dataset/Shirt/shirt220.jpg,Shirt
/content/stylemind-colab-prep/data/processed_dataset/Shirt/shirt221.jpg,Shirt
/content/stylemind-colab-prep/data/processed_dataset/Shirt/shirt222.jpg,Shirt
/content/stylemind-colab-prep/data/processed_dataset/Shirt/shirt223.jpg,Shirt
/content/stylemind-colab-prep/data/processed_dataset/Shirt/shirt224.jpg,Shirt
/content/stylemind-colab-prep/data/processed_dataset/Shirt/shirt225.jpg,Shirt
/content/stylemind-colab-prep/data/processed_dataset/Shirt/shirt226.jpg,Shirt
/content/stylemind-colab-prep/data/processed_dataset/Shirt/shirt227.jpg,Shirt
/content/stylemind-colab-prep/data/processed_dataset/Shirt/shirt228.jpg,Shirt
/content/stylemind-colab-prep/data/processed_dataset/Shirt/shirt229.jpg,Shirt
/content/stylemind-colab-prep/data/processed_dataset/Shirt/shirt230.jpg,Shirt
/content/stylemind-colab-prep/data/processed_dataset/Shirt/shirt231.jpg,Shirt
/content/stylemind-colab-prep/data/processed_dataset/Shirt/shirt232.jpg,Shirt
/content/stylemind-colab-prep/data/processed_dataset/Shirt/shirt233.jpg,Shirt
/content/stylemind-colab-prep/data/processed_dataset/Shirt/shirt234.jpg,Shirt
/content/stylemind-colab-prep/data/processed_dataset/Shirt/shirt235.jpg,Shirt
/content/stylemind-colab-prep/data/processed_dataset/Shirt/shirt236.jpg,Shirt
/content/stylemind-colab-prep/data/processed_dataset/Shirt/shirt237.jpg,Shirt
/content/stylemind-colab-prep/data/processed_dataset/Shirt/shirt238.jpg,Shirt
/content/stylemind-colab-prep/data/processed_dataset/Shirt/shirt239.jpg,Shirt
/content/stylemind-colab-prep/data/processed_dataset/Shirt/shirt240.jpg,Shirt
/content/stylemind-colab-prep/data/processed_dataset/Shirt/shirt241.jpg,Shirt
/content/stylemind-colab-prep/data/processed_dataset/Shirt/shirt242.jpg,Shirt
/content/stylemind-colab-prep/data/processed_dataset/Shirt/shirt243.jpg,Shirt
/content/stylemind-colab-prep/data/processed_dataset/Shirt/shirt244.jpg,Shirt
/content/stylemind-colab-prep/data/processed_dataset/Shirt/shirt245.jpg,Shirt
/content/stylemind-colab-prep/data/processed_dataset/Shirt/shirt246.jpg,Shirt
/content/stylemind-colab-prep/data/processed_dataset/Shirt/shirt247.jpg,Shirt
/content/stylemind-colab-prep/data/processed_dataset/Shirt/shirt248.jpg,Shirt
/content/stylemind-colab-prep/data/processed_dataset/Shirt/shirt249.jpg,Shirt
/content/stylemind-colab-prep/data/processed_dataset/Shirt/shirt250.jpg,Shirt
/content/stylemind-colab-prep/data/processed_dataset/Shirt/shirt251.jpg,Shirt
/content/stylemind-colab-prep/data/processed_dataset/Shirt/shirt252.jpg,Shirt
/content/stylemind-colab-prep/data/processed_dataset/Shirt/shirt253.jpg,Shirt
/content/stylemind-colab-prep/data/processed_dataset/Shirt/shirt254.jpg,Shirt
/content/stylemind-colab-prep/data/processed_dataset/Shirt/shirt255.jpg,Shirt
/content/stylemind-colab-prep/data/processed_dataset/Shirt/shirt256.jpg,Shirt
/content/stylemind-colab-prep/data/processed_dataset/Shirt/shirt257.jpg,Shirt
/content/stylemind-colab-prep/data/processed_dataset/Shirt/shirt258.jpg,Shirt
/content/stylemind-colab-prep/data/processed_dataset/Shirt/shirt259.jpg,Shirt
/content/stylemind-colab-prep/data/processed_dataset/Shirt/shirt260.jpg,Shirt
/content/stylemind-colab-prep/data/processed_dataset/Shirt/shirt261.jpg,Shirt
/content/stylemind-colab-prep/data/processed_dataset/Shirt/shirt262.jpg,Shirt
/content/stylemind-colab-prep/data/processed_dataset/Shirt/shirt263.jpg,Shirt
/content/stylemind-colab-prep/data/processed_dataset/Shirt/shirt264.jpg,Shirt
/content/stylemind-colab-prep/data/processed_dataset/Shirt/shirt265.jpg,Shirt
/content/stylemind-colab-prep/data/processed_dataset/Shirt/shirt266.jpg,Shirt
/content/stylemind-colab-prep/data/processed_dataset/Shirt/shirt267.jpg,Shirt
/content/stylemind-colab-prep/data/processed_dataset/Shirt/shirt268.jpg,Shirt
/content/stylemind-colab-prep/data/processed_dataset/Shirt/shirt269.jpg,Shirt
/content/stylemind-colab-prep/data/processed_dataset/Shirt/shirt270.jpg,Shirt
/content/stylemind-colab-prep/data/processed_dataset/Shirt/shirt271.jpg,Shirt
/content/stylemind-colab-prep/data/processed_dataset/Shirt/shirt272.jpg,Shirt
/content/stylemind-colab-prep/data/processed_dataset/Shirt/shirt273.jpg,Shirt
/content/stylemind-colab-prep/data/processed_dataset/Shirt/shirt274.jpg,Shirt
/content/stylemind-colab-prep/data/processed_dataset/Shirt/shirt275.jpg,Shirt
/content/stylemind-colab-prep/data/processed_dataset/Shirt/shirt276.jpg,Shirt
/content/stylemind-colab-prep/data/processed_dataset/Shirt/shirt277.jpg,Shirt
/content/stylemind-colab-prep/data/processed_dataset/Shirt/shirt278.jpg,Shirt
/content/stylemind-colab-prep/data/processed_dataset/Shirt/shirt279.jpg,Shirt
/content/stylemind-colab-prep/data/processed_dataset/Shirt/shirt280.jpg,Shirt
/content/stylemind-colab-prep/data/processed_dataset/Shirt/shirt281.jpg,Shirt
/content/stylemind-colab-prep/data/processed_dataset/Shirt/shirt282.jpg,Shirt
/content/stylemind-colab-prep/data/processed_dataset/Shirt/shirt283.jpg,Shirt
/content/stylemind-colab-prep/data/processed_dataset/Shirt/shirt284.jpg,Shirt
/content/stylemind-colab-prep/data/processed_dataset/Shirt/shirt285.jpg,Shirt
/content/stylemind-colab-prep/data/processed_dataset/Shirt/shirt286.jpg,Shirt
/content/stylemind-colab-prep/data/processed_dataset/Shirt/shirt287.jpg,Shirt
/content/stylemind-colab-prep/data/processed_dataset/Shirt/shirt288.jpg,Shirt
/content/stylemind-colab-prep/data/processed_dataset/Shirt/shirt289.jpg,Shirt
/content/stylemind-colab-prep/data/processed_dataset/Shirt/shirt290.jpg,Shirt
/content/stylemind-colab-prep/data/processed_dataset/Shirt/shirt291.jpg,Shirt
/content/stylemind-colab-prep/data/processed_dataset/Shirt/shirt292.jpg,Shirt
/content/stylemind-colab-prep/data/processed_dataset/Shirt/shirt293.jpg,Shirt
/content/stylemind-colab-prep/data/processed_dataset/Shirt/shirt294.jpg,Shirt
/content/stylemind-colab-prep/data/processed_dataset/Shirt/shirt295.jpg,Shirt
/content/stylemind-colab-prep/data/processed_dataset/Shirt/shirt296.jpg,Shirt
/content/stylemind-colab-prep/data/processed_dataset/Shirt/shirt297.jpg,Shirt
/content/stylemind-colab-prep/data/processed_dataset/Shirt/shirt298.jpg,Shirt
/content/stylemind-colab-prep/data/processed_dataset/Shirt/shirt299.jpg,Shirt
/content/stylemind-colab-prep/data/processed_dataset/Shirt/shirt300.jpg,Shirt
/content/stylemind-colab-prep/data/processed_dataset/Shirt/shirt301.jpg,Shirt
/content/stylemind-colab-prep/data/processed_dataset/Shirt/shirt302.jpg,Shirt
/content/stylemind-colab-prep/data/processed_dataset/Shirt/shirt303.jpg,Shirt
/content/stylemind-colab-prep/data/processed_dataset/Shirt/shirt304.jpg,Shirt
/content/stylemind-colab-prep/data/processed_dataset/Shirt/shirt305.jpg,Shirt
/content/stylemind-colab-prep/data/processed_dataset/Shirt/shirt306.jpg,Shirt
/content/stylemind-colab-prep/data/processed_dataset/Shirt/shirt307.jpg,Shirt
/content/stylemind-colab-prep/data/processed_dataset/Shirt/shirt308.jpg,Shirt
/content/stylemind-colab-prep/data/processed_dataset/Shirt/shirt309.jpg,Shirt
/content/stylemind-colab-prep/data/processed_dataset/Shirt/shirt310.jpg,Shirt
/content/stylemind-colab-prep/data/processed_dataset/Shirt/shirt311.jpg,Shirt
/content/stylemind-colab-prep/data/processed_dataset/Shirt/shirt312.jpg,Shirt
/content/stylemind-colab-prep/data/processed_dataset/Shirt/shirt313.jpg,Shirt
/content/stylemind-colab-prep/data/processed_dataset/Shirt/shirt314.jpg,Shirt
/content/stylemind-colab-prep/data/processed_dataset/Shirt/shirt315.jpg,Shirt
/content/stylemind-colab-prep/data/processed_dataset/Shirt/shirt316.jpg,Shirt
/content/stylemind-colab-prep/data/processed_dataset/Shirt/shirt317.jpg,Shirt
/content/stylemind-colab-prep/data/processed_dataset/Shirt/shirt318.jpg,Shirt
/content/stylemind-colab-prep/data/processed_dataset/Shirt/shirt319.jpg,Shirt
/content/stylemind-colab-prep/data/processed_dataset/Shirt/shirt320.jpg,Shirt
/content/stylemind-colab-prep/data/processed_dataset/Shirt/shirt321.jpg,Shirt
/content/stylemind-colab-prep/data/processed_dataset/Shirt/shirt322.jpg,Shirt
/content/stylemind-colab-prep/data/processed_dataset/Shirt/shirt323.jpg,Shirt
/content/stylemind-colab-prep/data/processed_dataset/Shirt/shirt324.jpg,Shirt
/content/stylemind-colab-prep/data/processed_dataset/Shirt/shirt325.jpg,Shirt
/content/stylemind-colab-prep/data/processed_dataset/Shirt/shirt326.jpg,Shirt
/content/stylemind-colab-prep/data/processed_dataset/Shirt/shirt327.jpg,Shirt
/content/stylemind-colab-prep/data/processed_dataset/Shirt/shirt328.jpg,Shirt
/content/stylemind-colab-prep/data/processed_dataset/Shirt/shirt329.jpg,Shirt
/content/stylemind-colab-prep/data/processed_dataset/Shirt/shirt330.jpg,Shirt
/content/stylemind-colab-prep/data/processed_dataset/Shirt/shirt331.jpg,Shirt
/content/stylemind-colab-prep/data/processed_dataset/Shirt/shirt332.jpg,Shirt
/content/stylemind-colab-prep/data/processed_dataset/Shirt/shirt333.jpg,Shirt
/content/stylemind-colab-prep/data/processed_dataset/Shirt/shirt334.jpg,Shirt
/content/stylemind-colab-prep/data/processed_dataset/Shirt/shirt336.jpg,Shirt
/content/stylemind-colab-prep/data/processed_dataset/Shirt/shirt337.jpg,Shirt
/content/stylemind-colab-prep/data/processed_dataset/Shirt/shirt338.jpg,Shirt
/content/stylemind-colab-prep/data/processed_dataset/Shirt/shirt339.jpg,Shirt
/content/stylemind-colab-prep/data/processed_dataset/Shirt/shirt340.jpg,Shirt
/content/stylemind-colab-prep/data/processed_dataset/Shirt/shirt341.jpg,Shirt
/content/stylemind-colab-prep/data/processed_dataset/Shirt/shirt342.jpg,Shirt
/content/stylemind-colab-prep/data/processed_dataset/Shirt/shirt343.jpg,Shirt
/content/stylemind-colab-prep/data/processed_dataset/Shirt/shirt344.jpg,Shirt
/content/stylemind-colab-prep/data/processed_dataset/Shirt/shirt345.jpg,Shirt
/content/stylemind-colab-prep/data/processed_dataset/Shirt/shirt346.jpg,Shirt
/content/stylemind-colab-prep/data/processed_dataset/Shirt/shirt347.jpg,Shirt
/content/stylemind-colab-prep/data/processed_dataset/Shirt/shirt348.jpg,Shirt
/content/stylemind-colab-prep/data/processed_dataset/Shirt/shirt349.jpg,Shirt
/content/stylemind-colab-prep/data/processed_dataset/Shirt/shirt350.jpg,Shirt
/content/stylemind-colab-prep/data/processed_dataset/Shirt/shirt351.jpg,Shirt
/content/stylemind-colab-prep/data/processed_dataset/Shirt/shirt352.jpg,Shirt
/content/stylemind-colab-prep/data/processed_dataset/Shirt/shirt353.jpg,Shirt
/content/stylemind-colab-prep/data/processed_dataset/Shirt/shirt354.jpg,Shirt
/content/stylemind-colab-prep/data/processed_dataset/Shirt/shirt355.jpg,Shirt
/content/stylemind-colab-prep/data/processed_dataset/Shirt/shirt356.jpg,Shirt
/content/stylemind-colab-prep/data/processed_dataset/Shirt/shirt357.jpg,Shirt
/content/stylemind-colab-prep/data/processed_dataset/Shirt/shirt358.jpg,Shirt
/content/stylemind-colab-prep/data/processed_dataset/Shirt/shirt359.jpg,Shirt
/content/stylemind-colab-prep/data/processed_dataset/Shirt/shirt360.jpg,Shirt
/content/stylemind-colab-prep/data/processed_dataset/Shirt/shirt361.jpg,Shirt
/content/stylemind-colab-prep/data/processed_dataset/Shirt/shirt362.jpg,Shirt
/content/stylemind-colab-prep/data/processed_dataset/Shirt/shirt363.jpg,Shirt
/content/stylemind-colab-prep/data/processed_dataset/Shirt/shirt364.jpg,Shirt
/content/stylemind-colab-prep/data/processed_dataset/Shirt/shirt365.jpg,Shirt
/content/stylemind-colab-prep/data/processed_dataset/Shirt/shirt366.jpg,Shirt
/content/stylemind-colab-prep/data/processed_dataset/Shirt/shirt367.jpg,Shirt
/content/stylemind-colab-prep/data/processed_dataset/Shirt/shirt368.jpg,Shirt
/content/stylemind-colab-prep/data/processed_dataset/Shirt/shirt369.jpg,Shirt
/content/stylemind-colab-prep/data/processed_dataset/Shirt/shirt370.jpg,Shirt
/content/stylemind-colab-prep/data/processed_dataset/Shirt/shirt371.jpg,Shirt
/content/stylemind-colab-prep/data/processed_dataset/Shirt/shirt372.jpg,Shirt
/content/stylemind-colab-prep/data/processed_dataset/Shirt/shirt373.jpg,Shirt
/content/stylemind-colab-prep/data/processed_dataset/Shirt/shirt374.jpg,Shirt
/content/stylemind-colab-prep/data/processed_dataset/Shirt/shirt375.jpg,Shirt
/content/stylemind-colab-prep/data/processed_dataset/Shirt/shirt376.jpg,Shirt
/content/stylemind-colab-prep/data/processed_dataset/Shirt/shirt377.jpg,Shirt
/content/stylemind-colab-prep/data/processed_dataset/Shirt/shirt378.jpg,Shirt
/content/stylemind-colab-prep/data/processed_dataset/Shirt/shirt379.jpg,Shirt
/content/stylemind-colab-prep/data/processed_dataset/Shirt/shirt380.jpg,Shirt
/content/stylemind-colab-prep/data/processed_dataset/Shirt/shirt381.jpg,Shirt
/content/stylemind-colab-prep/data/processed_dataset/Shirt/shirt382.jpg,Shirt
/content/stylemind-colab-prep/data/processed_dataset/Shirt/shirt383.jpg,Shirt
/content/stylemind-colab-prep/data/processed_dataset/Shirt/shirt384.jpg,Shirt
/content/stylemind-colab-prep/data/processed_dataset/Shirt/shirt385.jpg,Shirt
/content/stylemind-colab-prep/data/processed_dataset/Shirt/shirt386.jpg,Shirt
/content/stylemind-colab-prep/data/processed_dataset/Shirt/shirt387.jpg,Shirt
/content/stylemind-colab-prep/data/processed_dataset/Shirt/shirt388.jpg,Shirt
/content/stylemind-colab-prep/data/processed_dataset/Shirt/shirt389.jpg,Shirt
/content/stylemind-colab-prep/data/processed_dataset/Shirt/shirt390.jpg,Shirt
/content/stylemind-colab-prep/data/processed_dataset/Shirt/shirt391.jpg,Shirt
/content/stylemind-colab-prep/data/processed_dataset/Shirt/shirt392.jpg,Shirt
/content/stylemind-colab-prep/data/processed_dataset/Shirt/shirt393.jpg,Shirt
/content/stylemind-colab-prep/data/processed_dataset/Shirt/shirt394.jpg,Shirt
/content/stylemind-colab-prep/data/processed_dataset/Shirt/shirt395.jpg,Shirt
/content/stylemind-colab-prep/data/processed_dataset/Shirt/shirt396.jpg,Shirt
/content/stylemind-colab-prep/data/processed_dataset/Shirt/shirt397.jpg,Shirt
/content/stylemind-colab-prep/data/processed_dataset/Shirt/shirt398.jpg,Shirt
/content/stylemind-colab-prep/data/processed_dataset/Shirt/shirt399.jpg,Shirt
/content/stylemind-colab-prep/data/processed_dataset/Shirt/shirt400.jpg,Shirt
/content/stylemind-colab-prep/data/processed_dataset/Shorts/shorts001.jpg,Shorts
/content/stylemind-colab-prep/data/processed_dataset/Shorts/shorts002.jpg,Shorts
/content/stylemind-colab-prep/data/processed_dataset/Shorts/shorts003.jpg,Shorts
/content/stylemind-colab-prep/data/processed_dataset/Shorts/shorts004.jpg,Shorts
/content/stylemind-colab-prep/data/processed_dataset/Shorts/shorts005.jpg,Shorts
/content/stylemind-colab-prep/data/processed_dataset/Shorts/shorts006.jpg,Shorts
/content/stylemind-colab-prep/data/processed_dataset/Shorts/shorts007.jpg,Shorts
/content/stylemind-colab-prep/data/processed_dataset/Shorts/shorts008.jpg,Shorts
/content/stylemind-colab-prep/data/processed_dataset/Shorts/shorts009.jpg,Shorts
/content/stylemind-colab-prep/data/processed_dataset/Shorts/shorts010.jpg,Shorts
/content/stylemind-colab-prep/data/processed_dataset/Shorts/shorts011.jpg,Shorts
/content/stylemind-colab-prep/data/processed_dataset/Shorts/shorts012.jpg,Shorts
/content/stylemind-colab-prep/data/processed_dataset/Shorts/shorts013.jpg,Shorts
/content/stylemind-colab-prep/data/processed_dataset/Shorts/shorts014.jpg,Shorts
/content/stylemind-colab-prep/data/processed_dataset/Shorts/shorts015.jpg,Shorts
/content/stylemind-colab-prep/data/processed_dataset/Shorts/shorts016.jpg,Shorts
/content/stylemind-colab-prep/data/processed_dataset/Shorts/shorts017.jpg,Shorts
/content/stylemind-colab-prep/data/processed_dataset/Shorts/shorts018.jpg,Shorts
/content/stylemind-colab-prep/data/processed_dataset/Shorts/shorts019.jpg,Shorts
/content/stylemind-colab-prep/data/processed_dataset/Shorts/shorts020.jpg,Shorts
/content/stylemind-colab-prep/data/processed_dataset/Shorts/shorts021.jpg,Shorts
/content/stylemind-colab-prep/data/processed_dataset/Shorts/shorts022.jpg,Shorts
/content/stylemind-colab-prep/data/processed_dataset/Shorts/shorts023.jpg,Shorts
/content/stylemind-colab-prep/data/processed_dataset/Shorts/shorts024.jpg,Shorts
/content/stylemind-colab-prep/data/processed_dataset/Shorts/shorts025.jpg,Shorts
/content/stylemind-colab-prep/data/processed_dataset/Shorts/shorts026.jpg,Shorts
/content/stylemind-colab-prep/data/processed_dataset/Shorts/shorts027.jpg,Shorts
/content/stylemind-colab-prep/data/processed_dataset/Shorts/shorts028.jpg,Shorts
/content/stylemind-colab-prep/data/processed_dataset/Shorts/shorts029.jpg,Shorts
/content/stylemind-colab-prep/data/processed_dataset/Shorts/shorts030.jpg,Shorts
/content/stylemind-colab-prep/data/processed_dataset/Shorts/shorts031.jpg,Shorts
/content/stylemind-colab-prep/data/processed_dataset/Shorts/shorts032.jpg,Shorts
/content/stylemind-colab-prep/data/processed_dataset/Shorts/shorts033.jpg,Shorts
/content/stylemind-colab-prep/data/processed_dataset/Shorts/shorts034.jpg,Shorts
/content/stylemind-colab-prep/data/processed_dataset/Shorts/shorts035.jpg,Shorts
/content/stylemind-colab-prep/data/processed_dataset/Shorts/shorts036.jpg,Shorts
/content/stylemind-colab-prep/data/processed_dataset/Shorts/shorts037.jpg,Shorts
/content/stylemind-colab-prep/data/processed_dataset/Shorts/shorts038.jpg,Shorts
/content/stylemind-colab-prep/data/processed_dataset/Shorts/shorts039.jpg,Shorts
/content/stylemind-colab-prep/data/processed_dataset/Shorts/shorts040.jpg,Shorts
/content/stylemind-colab-prep/data/processed_dataset/Shorts/shorts041.jpg,Shorts
/content/stylemind-colab-prep/data/processed_dataset/Shorts/shorts042.jpg,Shorts
/content/stylemind-colab-prep/data/processed_dataset/Shorts/shorts043.jpg,Shorts
/content/stylemind-colab-prep/data/processed_dataset/Shorts/shorts044.jpg,Shorts
/content/stylemind-colab-prep/data/processed_dataset/Shorts/shorts045.jpg,Shorts
/content/stylemind-colab-prep/data/processed_dataset/Shorts/shorts046.jpg,Shorts
/content/stylemind-colab-prep/data/processed_dataset/Shorts/shorts047.jpg,Shorts
/content/stylemind-colab-prep/data/processed_dataset/Shorts/shorts048.jpg,Shorts
/content/stylemind-colab-prep/data/processed_dataset/Shorts/shorts049.jpg,Shorts
/content/stylemind-colab-prep/data/processed_dataset/Shorts/shorts050.jpg,Shorts
/content/stylemind-colab-prep/data/processed_dataset/Shorts/shorts051.jpg,Shorts
/content/stylemind-colab-prep/data/processed_dataset/Shorts/shorts052.jpg,Shorts
/content/stylemind-colab-prep/data/processed_dataset/Shorts/shorts053.jpg,Shorts
/content/stylemind-colab-prep/data/processed_dataset/Shorts/shorts054.jpg,Shorts
/content/stylemind-colab-prep/data/processed_dataset/Shorts/shorts055.jpg,Shorts
/content/stylemind-colab-prep/data/processed_dataset/Shorts/shorts056.jpg,Shorts
/content/stylemind-colab-prep/data/processed_dataset/Shorts/shorts057.jpg,Shorts
/content/stylemind-colab-prep/data/processed_dataset/Shorts/shorts058.jpg,Shorts
/content/stylemind-colab-prep/data/processed_dataset/Shorts/shorts059.jpg,Shorts
/content/stylemind-colab-prep/data/processed_dataset/Shorts/shorts060.jpg,Shorts
/content/stylemind-colab-prep/data/processed_dataset/Shorts/shorts061.jpg,Shorts
/content/stylemind-colab-prep/data/processed_dataset/Shorts/shorts062.jpg,Shorts
/content/stylemind-colab-prep/data/processed_dataset/Shorts/shorts063.jpg,Shorts
/content/stylemind-colab-prep/data/processed_dataset/Shorts/shorts064.jpg,Shorts
/content/stylemind-colab-prep/data/processed_dataset/Shorts/shorts065.jpg,Shorts
/content/stylemind-colab-prep/data/processed_dataset/Shorts/shorts066.jpg,Shorts
/content/stylemind-colab-prep/data/processed_dataset/Shorts/shorts067.jpg,Shorts
/content/stylemind-colab-prep/data/processed_dataset/Shorts/shorts068.jpg,Shorts
/content/stylemind-colab-prep/data/processed_dataset/Shorts/shorts069.jpg,Shorts
/content/stylemind-colab-prep/data/processed_dataset/Shorts/shorts070.jpg,Shorts
/content/stylemind-colab-prep/data/processed_dataset/Shorts/shorts071.jpg,Shorts
/content/stylemind-colab-prep/data/processed_dataset/Shorts/shorts072.jpg,Shorts
/content/stylemind-colab-prep/data/processed_dataset/Shorts/shorts073.jpg,Shorts
/content/stylemind-colab-prep/data/processed_dataset/Shorts/shorts074.jpg,Shorts
/content/stylemind-colab-prep/data/processed_dataset/Shorts/shorts075.jpg,Shorts
/content/stylemind-colab-prep/data/processed_dataset/Shorts/shorts076.jpg,Shorts
/content/stylemind-colab-prep/data/processed_dataset/Shorts/shorts077.jpg,Shorts
/content/stylemind-colab-prep/data/processed_dataset/Shorts/shorts078.jpg,Shorts
/content/stylemind-colab-prep/data/processed_dataset/Shorts/shorts079.jpg,Shorts
/content/stylemind-colab-prep/data/processed_dataset/Shorts/shorts080.jpg,Shorts
/content/stylemind-colab-prep/data/processed_dataset/Shorts/shorts081.jpg,Shorts
/content/stylemind-colab-prep/data/processed_dataset/Shorts/shorts082.jpg,Shorts
/content/stylemind-colab-prep/data/processed_dataset/Shorts/shorts083.jpg,Shorts
/content/stylemind-colab-prep/data/processed_dataset/Shorts/shorts084.jpg,Shorts
/content/stylemind-colab-prep/data/processed_dataset/Shorts/shorts085.jpg,Shorts
/content/stylemind-colab-prep/data/processed_dataset/Shorts/shorts086.jpg,Shorts
/content/stylemind-colab-prep/data/processed_dataset/Shorts/shorts087.jpg,Shorts
/content/stylemind-colab-prep/data/processed_dataset/Shorts/shorts088.jpg,Shorts
/content/stylemind-colab-prep/data/processed_dataset/Shorts/shorts089.jpg,Shorts
/content/stylemind-colab-prep/data/processed_dataset/Shorts/shorts090.jpg,Shorts
/content/stylemind-colab-prep/data/processed_dataset/Shorts/shorts091.jpg,Shorts
/content/stylemind-colab-prep/data/processed_dataset/Shorts/shorts092.jpg,Shorts
/content/stylemind-colab-prep/data/processed_dataset/Shorts/shorts093.jpg,Shorts
/content/stylemind-colab-prep/data/processed_dataset/Shorts/shorts094.jpg,Shorts
/content/stylemind-colab-prep/data/processed_dataset/Shorts/shorts095.jpg,Shorts
/content/stylemind-colab-prep/data/processed_dataset/Shorts/shorts096.jpg,Shorts
/content/stylemind-colab-prep/data/processed_dataset/Shorts/shorts097.jpg,Shorts
/content/stylemind-colab-prep/data/processed_dataset/Shorts/shorts098.jpg,Shorts
/content/stylemind-colab-prep/data/processed_dataset/Shorts/shorts099.jpg,Shorts
/content/stylemind-colab-prep/data/processed_dataset/Shorts/shorts100.jpg,Shorts
/content/stylemind-colab-prep/data/processed_dataset/Shorts/shorts101.jpg,Shorts
/content/stylemind-colab-prep/data/processed_dataset/Shorts/shorts102.jpg,Shorts
/content/stylemind-colab-prep/data/processed_dataset/Shorts/shorts103.jpg,Shorts
/content/stylemind-colab-prep/data/processed_dataset/Shorts/shorts104.jpg,Shorts
/content/stylemind-colab-prep/data/processed_dataset/Shorts/shorts105.jpg,Shorts
/content/stylemind-colab-prep/data/processed_dataset/Shorts/shorts106.jpg,Shorts
/content/stylemind-colab-prep/data/processed_dataset/Shorts/shorts107.jpg,Shorts
/content/stylemind-colab-prep/data/processed_dataset/Shorts/shorts108.jpg,Shorts
/content/stylemind-colab-prep/data/processed_dataset/Shorts/shorts109.jpg,Shorts
/content/stylemind-colab-prep/data/processed_dataset/Shorts/shorts110.jpg,Shorts
/content/stylemind-colab-prep/data/processed_dataset/Shorts/shorts111.jpg,Shorts
/content/stylemind-colab-prep/data/processed_dataset/Shorts/shorts112.jpg,Shorts
/content/stylemind-colab-prep/data/processed_dataset/Shorts/shorts113.jpg,Shorts
/content/stylemind-colab-prep/data/processed_dataset/Shorts/shorts114.jpg,Shorts
/content/stylemind-colab-prep/data/processed_dataset/Shorts/shorts115.jpg,Shorts
/content/stylemind-colab-prep/data/processed_dataset/Shorts/shorts116.jpg,Shorts
/content/stylemind-colab-prep/data/processed_dataset/Shorts/shorts117.jpg,Shorts
/content/stylemind-colab-prep/data/processed_dataset/Shorts/shorts118.jpg,Shorts
/content/stylemind-colab-prep/data/processed_dataset/Shorts/shorts119.jpg,Shorts
/content/stylemind-colab-prep/data/processed_dataset/Shorts/shorts120.jpg,Shorts
/content/stylemind-colab-prep/data/processed_dataset/Shorts/shorts121.jpg,Shorts
/content/stylemind-colab-prep/data/processed_dataset/Shorts/shorts122.jpg,Shorts
/content/stylemind-colab-prep/data/processed_dataset/Shorts/shorts123.jpg,Shorts
/content/stylemind-colab-prep/data/processed_dataset/Shorts/shorts124.jpg,Shorts
/content/stylemind-colab-prep/data/processed_dataset/Shorts/shorts125.jpg,Shorts
/content/stylemind-colab-prep/data/processed_dataset/Shorts/shorts126.jpg,Shorts
/content/stylemind-colab-prep/data/processed_dataset/Shorts/shorts127.jpg,Shorts
/content/stylemind-colab-prep/data/processed_dataset/Shorts/shorts128.jpg,Shorts
/content/stylemind-colab-prep/data/processed_dataset/Shorts/shorts129.jpg,Shorts
/content/stylemind-colab-prep/data/processed_dataset/Shorts/shorts130.jpg,Shorts
/content/stylemind-colab-prep/data/processed_dataset/Shorts/shorts131.jpg,Shorts
/content/stylemind-colab-prep/data/processed_dataset/Shorts/shorts132.jpg,Shorts
/content/stylemind-colab-prep/data/processed_dataset/Shorts/shorts133.jpg,Shorts
/content/stylemind-colab-prep/data/processed_dataset/Shorts/shorts134.jpg,Shorts
/content/stylemind-colab-prep/data/processed_dataset/Shorts/shorts135.jpg,Shorts
/content/stylemind-colab-prep/data/processed_dataset/Shorts/shorts136.jpg,Shorts
/content/stylemind-colab-prep/data/processed_dataset/Shorts/shorts137.jpg,Shorts
/content/stylemind-colab-prep/data/processed_dataset/Shorts/shorts138.jpg,Shorts
/content/stylemind-colab-prep/data/processed_dataset/Shorts/shorts139.jpg,Shorts
/content/stylemind-colab-prep/data/processed_dataset/Shorts/shorts140.jpg,Shorts
/content/stylemind-colab-prep/data/processed_dataset/Shorts/shorts141.jpg,Shorts
/content/stylemind-colab-prep/data/processed_dataset/Shorts/shorts142.jpg,Shorts
/content/stylemind-colab-prep/data/processed_dataset/Shorts/shorts143.jpg,Shorts
/content/stylemind-colab-prep/data/processed_dataset/Shorts/shorts144.jpg,Shorts
/content/stylemind-colab-prep/data/processed_dataset/Shorts/shorts145.jpg,Shorts
/content/stylemind-colab-prep/data/processed_dataset/Shorts/shorts146.jpg,Shorts
/content/stylemind-colab-prep/data/processed_dataset/Shorts/shorts147.jpg,Shorts
/content/stylemind-colab-prep/data/processed_dataset/Shorts/shorts148.jpg,Shorts
/content/stylemind-colab-prep/data/processed_dataset/Shorts/shorts149.jpg,Shorts
/content/stylemind-colab-prep/data/processed_dataset/Shorts/shorts150.jpg,Shorts
/content/stylemind-colab-prep/data/processed_dataset/Shorts/shorts151.jpg,Shorts
/content/stylemind-colab-prep/data/processed_dataset/Shorts/shorts152.jpg,Shorts
/content/stylemind-colab-prep/data/processed_dataset/Shorts/shorts153.jpg,Shorts
/content/stylemind-colab-prep/data/processed_dataset/Shorts/shorts154.jpg,Shorts
/content/stylemind-colab-prep/data/processed_dataset/Shorts/shorts155.jpg,Shorts
/content/stylemind-colab-prep/data/processed_dataset/Shorts/shorts156.jpg,Shorts
/content/stylemind-colab-prep/data/processed_dataset/Shorts/shorts157.jpg,Shorts
/content/stylemind-colab-prep/data/processed_dataset/Shorts/shorts158.jpg,Shorts
/content/stylemind-colab-prep/data/processed_dataset/Shorts/shorts159.jpg,Shorts
/content/stylemind-colab-prep/data/processed_dataset/Shorts/shorts160.jpg,Shorts
/content/stylemind-colab-prep/data/processed_dataset/Shorts/shorts161.jpg,Shorts
/content/stylemind-colab-prep/data/processed_dataset/Shorts/shorts162.jpg,Shorts
/content/stylemind-colab-prep/data/processed_dataset/Shorts/shorts163.jpg,Shorts
/content/stylemind-colab-prep/data/processed_dataset/Shorts/shorts164.jpg,Shorts
/content/stylemind-colab-prep/data/processed_dataset/Shorts/shorts165.jpg,Shorts
/content/stylemind-colab-prep/data/processed_dataset/Shorts/shorts166.jpg,Shorts
/content/stylemind-colab-prep/data/processed_dataset/Shorts/shorts167.jpg,Shorts
/content/stylemind-colab-prep/data/processed_dataset/Shorts/shorts168.jpg,Shorts
/content/stylemind-colab-prep/data/processed_dataset/Shorts/shorts169.jpg,Shorts
/content/stylemind-colab-prep/data/processed_dataset/Shorts/shorts170.jpg,Shorts
/content/stylemind-colab-prep/data/processed_dataset/Shorts/shorts171.jpg,Shorts
/content/stylemind-colab-prep/data/processed_dataset/Shorts/shorts172.jpg,Shorts
/content/stylemind-colab-prep/data/processed_dataset/Shorts/shorts173.jpg,Shorts
/content/stylemind-colab-prep/data/processed_dataset/Shorts/shorts174.jpg,Shorts
/content/stylemind-colab-prep/data/processed_dataset/Shorts/shorts175.jpg,Shorts
/content/stylemind-colab-prep/data/processed_dataset/Shorts/shorts176.jpg,Shorts
/content/stylemind-colab-prep/data/processed_dataset/Shorts/shorts177.jpg,Shorts
/content/stylemind-colab-prep/data/processed_dataset/Shorts/shorts178.jpg,Shorts
/content/stylemind-colab-prep/data/processed_dataset/Shorts/shorts179.jpg,Shorts
/content/stylemind-colab-prep/data/processed_dataset/Shorts/shorts180.jpg,Shorts
/content/stylemind-colab-prep/data/processed_dataset/Shorts/shorts181.jpg,Shorts
/content/stylemind-colab-prep/data/processed_dataset/Shorts/shorts182.jpg,Shorts
/content/stylemind-colab-prep/data/processed_dataset/Shorts/shorts183.jpg,Shorts
/content/stylemind-colab-prep/data/processed_dataset/Shorts/shorts184.jpg,Shorts
/content/stylemind-colab-prep/data/processed_dataset/Shorts/shorts185.jpg,Shorts
/content/stylemind-colab-prep/data/processed_dataset/Shorts/shorts186.jpg,Shorts
/content/stylemind-colab-prep/data/processed_dataset/Shorts/shorts187.jpg,Shorts
/content/stylemind-colab-prep/data/processed_dataset/Shorts/shorts188.jpg,Shorts
/content/stylemind-colab-prep/data/processed_dataset/Shorts/shorts189.jpg,Shorts
/content/stylemind-colab-prep/data/processed_dataset/Shorts/shorts190.jpg,Shorts
/content/stylemind-colab-prep/data/processed_dataset/Shorts/shorts191.jpg,Shorts
/content/stylemind-colab-prep/data/processed_dataset/Shorts/shorts192.jpg,Shorts
/content/stylemind-colab-prep/data/processed_dataset/Shorts/shorts193.jpg,Shorts
/content/stylemind-colab-prep/data/processed_dataset/Shorts/shorts194.jpg,Shorts
/content/stylemind-colab-prep/data/processed_dataset/Shorts/shorts195.jpg,Shorts
/content/stylemind-colab-prep/data/processed_dataset/Shorts/shorts196.jpg,Shorts
/content/stylemind-colab-prep/data/processed_dataset/Shorts/shorts197.jpg,Shorts
/content/stylemind-colab-prep/data/processed_dataset/Shorts/shorts198.jpg,Shorts
/content/stylemind-colab-prep/data/processed_dataset/Shorts/shorts199.jpg,Shorts
/content/stylemind-colab-prep/data/processed_dataset/Shorts/shorts200.jpg,Shorts
/content/stylemind-colab-prep/data/processed_dataset/Shorts/shorts201.jpg,Shorts
/content/stylemind-colab-prep/data/processed_dataset/Shorts/shorts202.jpg,Shorts
/content/stylemind-colab-prep/data/processed_dataset/Shorts/shorts203.jpg,Shorts
/content/stylemind-colab-prep/data/processed_dataset/Shorts/shorts204.jpg,Shorts
/content/stylemind-colab-prep/data/processed_dataset/Shorts/shorts205.jpg,Shorts
/content/stylemind-colab-prep/data/processed_dataset/Shorts/shorts206.jpg,Shorts
/content/stylemind-colab-prep/data/processed_dataset/Shorts/shorts207.jpg,Shorts
/content/stylemind-colab-prep/data/processed_dataset/Shorts/shorts208.jpg,Shorts
/content/stylemind-colab-prep/data/processed_dataset/Shorts/shorts209.jpg,Shorts
/content/stylemind-colab-prep/data/processed_dataset/Shorts/shorts210.jpg,Shorts
/content/stylemind-colab-prep/data/processed_dataset/Shorts/shorts211.jpg,Shorts
/content/stylemind-colab-prep/data/processed_dataset/Shorts/shorts212.jpg,Shorts
/content/stylemind-colab-prep/data/processed_dataset/Shorts/shorts213.jpg,Shorts
/content/stylemind-colab-prep/data/processed_dataset/Shorts/shorts214.jpg,Shorts
/content/stylemind-colab-prep/data/processed_dataset/Shorts/shorts215.jpg,Shorts
/content/stylemind-colab-prep/data/processed_dataset/Shorts/shorts216.jpg,Shorts
/content/stylemind-colab-prep/data/processed_dataset/Shorts/shorts217.jpg,Shorts
/content/stylemind-colab-prep/data/processed_dataset/Shorts/shorts218.jpg,Shorts
/content/stylemind-colab-prep/data/processed_dataset/Shorts/shorts219.jpg,Shorts
/content/stylemind-colab-prep/data/processed_dataset/Shorts/shorts220.jpg,Shorts
/content/stylemind-colab-prep/data/processed_dataset/Shorts/shorts221.jpg,Shorts
/content/stylemind-colab-prep/data/processed_dataset/Shorts/shorts222.jpg,Shorts
/content/stylemind-colab-prep/data/processed_dataset/Shorts/shorts223.jpg,Shorts
/content/stylemind-colab-prep/data/processed_dataset/Shorts/shorts224.jpg,Shorts
/content/stylemind-colab-prep/data/processed_dataset/Shorts/shorts225.jpg,Shorts
/content/stylemind-colab-prep/data/processed_dataset/Shorts/shorts226.jpg,Shorts
/content/stylemind-colab-prep/data/processed_dataset/Shorts/shorts227.jpg,Shorts
/content/stylemind-colab-prep/data/processed_dataset/Shorts/shorts228.jpg,Shorts
/content/stylemind-colab-prep/data/processed_dataset/Shorts/shorts229.jpg,Shorts
/content/stylemind-colab-prep/data/processed_dataset/Shorts/shorts230.jpg,Shorts
/content/stylemind-colab-prep/data/processed_dataset/Shorts/shorts231.jpg,Shorts
/content/stylemind-colab-prep/data/processed_dataset/Shorts/shorts232.jpg,Shorts
/content/stylemind-colab-prep/data/processed_dataset/Shorts/shorts233.jpg,Shorts
/content/stylemind-colab-prep/data/processed_dataset/Shorts/shorts234.jpg,Shorts
/content/stylemind-colab-prep/data/processed_dataset/Shorts/shorts235.jpg,Shorts
/content/stylemind-colab-prep/data/processed_dataset/Shorts/shorts236.jpg,Shorts
/content/stylemind-colab-prep/data/processed_dataset/Shorts/shorts237.jpg,Shorts
/content/stylemind-colab-prep/data/processed_dataset/Shorts/shorts238.jpg,Shorts
/content/stylemind-colab-prep/data/processed_dataset/Shorts/shorts239.jpg,Shorts
/content/stylemind-colab-prep/data/processed_dataset/Shorts/shorts240.jpg,Shorts
/content/stylemind-colab-prep/data/processed_dataset/Shorts/shorts241.jpg,Shorts
/content/stylemind-colab-prep/data/processed_dataset/Shorts/shorts242.jpg,Shorts
/content/stylemind-colab-prep/data/processed_dataset/Shorts/shorts243.jpg,Shorts
/content/stylemind-colab-prep/data/processed_dataset/Shorts/shorts244.jpg,Shorts
/content/stylemind-colab-prep/data/processed_dataset/Shorts/shorts245.jpg,Shorts
/content/stylemind-colab-prep/data/processed_dataset/Shorts/shorts246.jpg,Shorts
/content/stylemind-colab-prep/data/processed_dataset/Shorts/shorts247.jpg,Shorts
/content/stylemind-colab-prep/data/processed_dataset/Shorts/shorts248.jpg,Shorts
/content/stylemind-colab-prep/data/processed_dataset/Shorts/shorts249.jpg,Shorts
/content/stylemind-colab-prep/data/processed_dataset/Shorts/shorts250.jpg,Shorts
/content/stylemind-colab-prep/data/processed_dataset/Shorts/shorts251.jpg,Shorts
/content/stylemind-colab-prep/data/processed_dataset/Shorts/shorts252.jpg,Shorts
/content/stylemind-colab-prep/data/processed_dataset/Shorts/shorts253.jpg,Shorts
/content/stylemind-colab-prep/data/processed_dataset/Shorts/shorts254.jpg,Shorts
/content/stylemind-colab-prep/data/processed_dataset/Shorts/shorts255.jpg,Shorts
/content/stylemind-colab-prep/data/processed_dataset/Shorts/shorts256.jpg,Shorts
/content/stylemind-colab-prep/data/processed_dataset/Shorts/shorts257.jpg,Shorts
/content/stylemind-colab-prep/data/processed_dataset/Shorts/shorts258.jpg,Shorts
/content/stylemind-colab-prep/data/processed_dataset/Shorts/shorts259.jpg,Shorts
/content/stylemind-colab-prep/data/processed_dataset/Shorts/shorts260.jpg,Shorts
/content/stylemind-colab-prep/data/processed_dataset/Shorts/shorts261.jpg,Shorts
/content/stylemind-colab-prep/data/processed_dataset/Shorts/shorts262.jpg,Shorts
/content/stylemind-colab-prep/data/processed_dataset/Shorts/shorts263.jpg,Shorts
/content/stylemind-colab-prep/data/processed_dataset/Shorts/shorts264.jpg,Shorts
/content/stylemind-colab-prep/data/processed_dataset/Shorts/shorts265.jpg,Shorts
/content/stylemind-colab-prep/data/processed_dataset/Shorts/shorts266.jpg,Shorts
/content/stylemind-colab-prep/data/processed_dataset/Shorts/shorts267.jpg,Shorts
/content/stylemind-colab-prep/data/processed_dataset/Shorts/shorts268.jpg,Shorts
/content/stylemind-colab-prep/data/processed_dataset/Shorts/shorts269.jpg,Shorts
/content/stylemind-colab-prep/data/processed_dataset/Shorts/shorts270.jpg,Shorts
/content/stylemind-colab-prep/data/processed_dataset/Shorts/shorts271.jpg,Shorts
/content/stylemind-colab-prep/data/processed_dataset/Shorts/shorts272.jpg,Shorts
/content/stylemind-colab-prep/data/processed_dataset/Shorts/shorts273.jpg,Shorts
/content/stylemind-colab-prep/data/processed_dataset/Shorts/shorts274.jpg,Shorts
/content/stylemind-colab-prep/data/processed_dataset/Shorts/shorts275.jpg,Shorts
/content/stylemind-colab-prep/data/processed_dataset/Shorts/shorts276.jpg,Shorts
/content/stylemind-colab-prep/data/processed_dataset/Shorts/shorts277.jpg,Shorts
/content/stylemind-colab-prep/data/processed_dataset/Shorts/shorts278.jpg,Shorts
/content/stylemind-colab-prep/data/processed_dataset/Shorts/shorts279.jpg,Shorts
/content/stylemind-colab-prep/data/processed_dataset/Shorts/shorts280.jpg,Shorts
/content/stylemind-colab-prep/data/processed_dataset/Shorts/shorts281.jpg,Shorts
/content/stylemind-colab-prep/data/processed_dataset/Shorts/shorts282.jpg,Shorts
/content/stylemind-colab-prep/data/processed_dataset/Shorts/shorts283.jpg,Shorts
/content/stylemind-colab-prep/data/processed_dataset/Shorts/shorts284.jpg,Shorts
/content/stylemind-colab-prep/data/processed_dataset/Shorts/shorts285.jpg,Shorts
/content/stylemind-colab-prep/data/processed_dataset/Shorts/shorts286.jpg,Shorts
/content/stylemind-colab-prep/data/processed_dataset/Shorts/shorts287.jpg,Shorts
/content/stylemind-colab-prep/data/processed_dataset/Shorts/shorts288.jpg,Shorts
/content/stylemind-colab-prep/data/processed_dataset/Shorts/shorts289.jpg,Shorts
/content/stylemind-colab-prep/data/processed_dataset/Shorts/shorts290.jpg,Shorts
/content/stylemind-colab-prep/data/processed_dataset/Shorts/shorts291.jpg,Shorts
/content/stylemind-colab-prep/data/processed_dataset/Shorts/shorts292.jpg,Shorts
/content/stylemind-colab-prep/data/processed_dataset/Shorts/shorts293.jpg,Shorts
/content/stylemind-colab-prep/data/processed_dataset/Shorts/shorts294.jpg,Shorts
/content/stylemind-colab-prep/data/processed_dataset/Shorts/shorts295.jpg,Shorts
/content/stylemind-colab-prep/data/processed_dataset/Shorts/shorts296.jpg,Shorts
/content/stylemind-colab-prep/data/processed_dataset/Shorts/shorts297.jpg,Shorts
/content/stylemind-colab-prep/data/processed_dataset/Shorts/shorts298.jpg,Shorts
/content/stylemind-colab-prep/data/processed_dataset/Shorts/shorts299.jpg,Shorts
/content/stylemind-colab-prep/data/processed_dataset/Shorts/shorts300.jpg,Shorts
/content/stylemind-colab-prep/data/processed_dataset/Shorts/shorts301.jpg,Shorts
/content/stylemind-colab-prep/data/processed_dataset/Shorts/shorts302.jpg,Shorts
/content/stylemind-colab-prep/data/processed_dataset/Shorts/shorts303.jpg,Shorts
/content/stylemind-colab-prep/data/processed_dataset/Shorts/shorts304.jpg,Shorts
/content/stylemind-colab-prep/data/processed_dataset/Shorts/shorts305.jpg,Shorts
/content/stylemind-colab-prep/data/processed_dataset/Shorts/shorts306.jpg,Shorts
/content/stylemind-colab-prep/data/processed_dataset/Shorts/shorts307.jpg,Shorts
/content/stylemind-colab-prep/data/processed_dataset/Shorts/shorts308.jpg,Shorts
/content/stylemind-colab-prep/data/processed_dataset/Shorts/shorts309.jpg,Shorts
/content/stylemind-colab-prep/data/processed_dataset/Shorts/shorts310.jpg,Shorts
/content/stylemind-colab-prep/data/processed_dataset/Shorts/shorts311.jpg,Shorts
/content/stylemind-colab-prep/data/processed_dataset/Shorts/shorts312.jpg,Shorts
/content/stylemind-colab-prep/data/processed_dataset/Shorts/shorts313.jpg,Shorts
/content/stylemind-colab-prep/data/processed_dataset/Shorts/shorts314.jpg,Shorts
/content/stylemind-colab-prep/data/processed_dataset/Shorts/shorts315.jpg,Shorts
/content/stylemind-colab-prep/data/processed_dataset/Shorts/shorts316.jpg,Shorts
/content/stylemind-colab-prep/data/processed_dataset/Shorts/shorts317.jpg,Shorts
/content/stylemind-colab-prep/data/processed_dataset/Shorts/shorts318.jpg,Shorts
/content/stylemind-colab-prep/data/processed_dataset/Shorts/shorts319.jpg,Shorts
/content/stylemind-colab-prep/data/processed_dataset/Shorts/shorts320.jpg,Shorts
/content/stylemind-colab-prep/data/processed_dataset/Shorts/shorts321.jpg,Shorts
/content/stylemind-colab-prep/data/processed_dataset/Shorts/shorts322.jpg,Shorts
/content/stylemind-colab-prep/data/processed_dataset/Shorts/shorts323.jpg,Shorts
/content/stylemind-colab-prep/data/processed_dataset/Shorts/shorts324.jpg,Shorts
/content/stylemind-colab-prep/data/processed_dataset/Shorts/shorts325.jpg,Shorts
/content/stylemind-colab-prep/data/processed_dataset/Shorts/shorts326.jpg,Shorts
/content/stylemind-colab-prep/data/processed_dataset/Shorts/shorts327.jpg,Shorts
/content/stylemind-colab-prep/data/processed_dataset/Shorts/shorts328.jpg,Shorts
/content/stylemind-colab-prep/data/processed_dataset/Shorts/shorts329.jpg,Shorts
/content/stylemind-colab-prep/data/processed_dataset/Shorts/shorts330.jpg,Shorts
/content/stylemind-colab-prep/data/processed_dataset/Shorts/shorts331.jpg,Shorts
/content/stylemind-colab-prep/data/processed_dataset/Shorts/shorts332.jpg,Shorts
/content/stylemind-colab-prep/data/processed_dataset/Shorts/shorts333.jpg,Shorts
/content/stylemind-colab-prep/data/processed_dataset/Shorts/shorts334.jpg,Shorts
/content/stylemind-colab-prep/data/processed_dataset/Shorts/shorts335.jpg,Shorts
/content/stylemind-colab-prep/data/processed_dataset/Shorts/shorts336.jpg,Shorts
/content/stylemind-colab-prep/data/processed_dataset/Shorts/shorts337.jpg,Shorts
/content/stylemind-colab-prep/data/processed_dataset/Shorts/shorts338.jpg,Shorts
/content/stylemind-colab-prep/data/processed_dataset/Shorts/shorts339.jpg,Shorts
/content/stylemind-colab-prep/data/processed_dataset/Shorts/shorts340.jpg,Shorts
/content/stylemind-colab-prep/data/processed_dataset/Shorts/shorts341.jpg,Shorts
/content/stylemind-colab-prep/data/processed_dataset/Shorts/shorts342.jpg,Shorts
/content/stylemind-colab-prep/data/processed_dataset/Shorts/shorts343.jpg,Shorts
/content/stylemind-colab-prep/data/processed_dataset/Shorts/shorts344.jpg,Shorts
/content/stylemind-colab-prep/data/processed_dataset/Shorts/shorts345.jpg,Shorts
/content/stylemind-colab-prep/data/processed_dataset/Shorts/shorts346.jpg,Shorts
/content/stylemind-colab-prep/data/processed_dataset/Shorts/shorts347.jpg,Shorts
/content/stylemind-colab-prep/data/processed_dataset/Shorts/shorts348.jpg,Shorts
/content/stylemind-colab-prep/data/processed_dataset/Shorts/shorts349.jpg,Shorts
/content/stylemind-colab-prep/data/processed_dataset/Shorts/shorts350.jpg,Shorts
/content/stylemind-colab-prep/data/processed_dataset/Shorts/shorts351.jpg,Shorts
/content/stylemind-colab-prep/data/processed_dataset/Shorts/shorts352.jpg,Shorts
/content/stylemind-colab-prep/data/processed_dataset/Shorts/shorts353.jpg,Shorts
/content/stylemind-colab-prep/data/processed_dataset/Shorts/shorts354.jpg,Shorts
/content/stylemind-colab-prep/data/processed_dataset/Shorts/shorts355.jpg,Shorts
/content/stylemind-colab-prep/data/processed_dataset/Shorts/shorts356.jpg,Shorts
/content/stylemind-colab-prep/data/processed_dataset/Shorts/shorts357.jpg,Shorts
/content/stylemind-colab-prep/data/processed_dataset/Shorts/shorts358.jpg,Shorts
/content/stylemind-colab-prep/data/processed_dataset/Shorts/shorts359.jpg,Shorts
/content/stylemind-colab-prep/data/processed_dataset/Shorts/shorts360.jpg,Shorts
/content/stylemind-colab-prep/data/processed_dataset/Shorts/shorts361.jpg,Shorts
/content/stylemind-colab-prep/data/processed_dataset/Shorts/shorts362.jpg,Shorts
/content/stylemind-colab-prep/data/processed_dataset/Shorts/shorts363.jpg,Shorts
/content/stylemind-colab-prep/data/processed_dataset/Shorts/shorts364.jpg,Shorts
/content/stylemind-colab-prep/data/processed_dataset/Shorts/shorts365.jpg,Shorts
/content/stylemind-colab-prep/data/processed_dataset/Shorts/shorts366.jpg,Shorts
/content/stylemind-colab-prep/data/processed_dataset/Shorts/shorts367.jpg,Shorts
/content/stylemind-colab-prep/data/processed_dataset/Shorts/shorts368.jpg,Shorts
/content/stylemind-colab-prep/data/processed_dataset/Shorts/shorts369.jpg,Shorts
/content/stylemind-colab-prep/data/processed_dataset/Shorts/shorts370.jpg,Shorts
/content/stylemind-colab-prep/data/processed_dataset/Shorts/shorts371.jpg,Shorts
/content/stylemind-colab-prep/data/processed_dataset/Shorts/shorts372.jpg,Shorts
/content/stylemind-colab-prep/data/processed_dataset/Shorts/shorts373.jpg,Shorts
/content/stylemind-colab-prep/data/processed_dataset/Shorts/shorts374.jpg,Shorts
/content/stylemind-colab-prep/data/processed_dataset/Shorts/shorts375.jpg,Shorts
/content/stylemind-colab-prep/data/processed_dataset/Shorts/shorts376.jpg,Shorts
/content/stylemind-colab-prep/data/processed_dataset/Shorts/shorts377.jpg,Shorts
/content/stylemind-colab-prep/data/processed_dataset/Shorts/shorts378.jpg,Shorts
/content/stylemind-colab-prep/data/processed_dataset/Shorts/shorts379.jpg,Shorts
/content/stylemind-colab-prep/data/processed_dataset/Shorts/shorts380.jpg,Shorts
/content/stylemind-colab-prep/data/processed_dataset/Shorts/shorts381.jpg,Shorts
/content/stylemind-colab-prep/data/processed_dataset/Shorts/shorts382.jpg,Shorts
/content/stylemind-colab-prep/data/processed_dataset/Shorts/shorts383.jpg,Shorts
/content/stylemind-colab-prep/data/processed_dataset/Shorts/shorts384.jpg,Shorts
/content/stylemind-colab-prep/data/processed_dataset/Shorts/shorts385.jpg,Shorts
/content/stylemind-colab-prep/data/processed_dataset/Shorts/shorts386.jpg,Shorts
/content/stylemind-colab-prep/data/processed_dataset/Shorts/shorts387.jpg,Shorts
/content/stylemind-colab-prep/data/processed_dataset/Shorts/shorts388.jpg,Shorts
/content/stylemind-colab-prep/data/processed_dataset/Shorts/shorts389.jpg,Shorts
/content/stylemind-colab-prep/data/processed_dataset/Shorts/shorts390.jpg,Shorts
/content/stylemind-colab-prep/data/processed_dataset/Shorts/shorts391.jpg,Shorts
/content/stylemind-colab-prep/data/processed_dataset/Shorts/shorts392.jpg,Shorts
/content/stylemind-colab-prep/data/processed_dataset/Shorts/shorts393.jpg,Shorts
/content/stylemind-colab-prep/data/processed_dataset/Shorts/shorts394.jpg,Shorts
/content/stylemind-colab-prep/data/processed_dataset/Shorts/shorts395.jpg,Shorts
/content/stylemind-colab-prep/data/processed_dataset/Shorts/shorts396.jpg,Shorts
/content/stylemind-colab-prep/data/processed_dataset/Shorts/shorts397.jpg,Shorts
/content/stylemind-colab-prep/data/processed_dataset/Shorts/shorts398.jpg,Shorts
/content/stylemind-colab-prep/data/processed_dataset/Shorts/shorts399.jpg,Shorts
/content/stylemind-colab-prep/data/processed_dataset/Shorts/shorts400.jpg,Shorts
/content/stylemind-colab-prep/data/processed_dataset/Shorts/shorts401.jpg,Shorts
/content/stylemind-colab-prep/data/processed_dataset/Shorts/shorts402.jpg,Shorts
/content/stylemind-colab-prep/data/processed_dataset/Shorts/shorts403.jpg,Shorts
/content/stylemind-colab-prep/data/processed_dataset/Shorts/shorts404.jpg,Shorts
/content/stylemind-colab-prep/data/processed_dataset/Shorts/shorts405.jpg,Shorts
/content/stylemind-colab-prep/data/processed_dataset/Shorts/shorts406.jpg,Shorts
/content/stylemind-colab-prep/data/processed_dataset/Shorts/shorts407.jpg,Shorts
/content/stylemind-colab-prep/data/processed_dataset/Shorts/shorts408.jpg,Shorts
/content/stylemind-colab-prep/data/processed_dataset/Shorts/shorts409.jpg,Shorts
/content/stylemind-colab-prep/data/processed_dataset/Shorts/shorts410.jpg,Shorts
/content/stylemind-colab-prep/data/processed_dataset/Shorts/shorts411.jpg,Shorts
/content/stylemind-colab-prep/data/processed_dataset/Shorts/shorts412.jpg,Shorts
/content/stylemind-colab-prep/data/processed_dataset/Shorts/shorts413.jpg,Shorts
/content/stylemind-colab-prep/data/processed_dataset/Shorts/shorts414.jpg,Shorts
/content/stylemind-colab-prep/data/processed_dataset/Shorts/shorts415.jpg,Shorts
/content/stylemind-colab-prep/data/processed_dataset/Shorts/shorts416.jpg,Shorts
/content/stylemind-colab-prep/data/processed_dataset/Shorts/shorts417.jpg,Shorts
/content/stylemind-colab-prep/data/processed_dataset/Shorts/shorts418.jpg,Shorts
/content/stylemind-colab-prep/data/processed_dataset/Shorts/shorts419.jpg,Shorts
/content/stylemind-colab-prep/data/processed_dataset/Shorts/shorts420.jpg,Shorts
/content/stylemind-colab-prep/data/processed_dataset/Shorts/shorts421.jpg,Shorts
/content/stylemind-colab-prep/data/processed_dataset/Shorts/shorts422.jpg,Shorts
/content/stylemind-colab-prep/data/processed_dataset/Shorts/shorts423.jpg,Shorts
/content/stylemind-colab-prep/data/processed_dataset/Shorts/shorts424.jpg,Shorts
/content/stylemind-colab-prep/data/processed_dataset/Shorts/shorts425.jpg,Shorts
/content/stylemind-colab-prep/data/processed_dataset/Shorts/shorts426.jpg,Shorts
/content/stylemind-colab-prep/data/processed_dataset/Shorts/shorts427.jpg,Shorts
/content/stylemind-colab-prep/data/processed_dataset/Shorts/shorts428.jpg,Shorts
/content/stylemind-colab-prep/data/processed_dataset/Shorts/shorts429.jpg,Shorts
/content/stylemind-colab-prep/data/processed_dataset/Shorts/shorts430.jpg,Shorts
/content/stylemind-colab-prep/data/processed_dataset/Shorts/shorts431.jpg,Shorts
/content/stylemind-colab-prep/data/processed_dataset/Shorts/shorts432.jpg,Shorts
/content/stylemind-colab-prep/data/processed_dataset/Shorts/shorts433.jpg,Shorts
/content/stylemind-colab-prep/data/processed_dataset/Shorts/shorts434.jpg,Shorts
/content/stylemind-colab-prep/data/processed_dataset/Shorts/shorts435.jpg,Shorts
/content/stylemind-colab-prep/data/processed_dataset/Shorts/shorts436.jpg,Shorts
/content/stylemind-colab-prep/data/processed_dataset/Shorts/shorts437.jpg,Shorts
/content/stylemind-colab-prep/data/processed_dataset/Shorts/shorts438.jpg,Shorts
/content/stylemind-colab-prep/data/processed_dataset/Shorts/shorts439.jpg,Shorts
/content/stylemind-colab-prep/data/processed_dataset/Shorts/shorts440.jpg,Shorts
/content/stylemind-colab-prep/data/processed_dataset/Shorts/shorts441.jpg,Shorts
/content/stylemind-colab-prep/data/processed_dataset/Shorts/shorts442.jpg,Shorts
/content/stylemind-colab-prep/data/processed_dataset/Shorts/shorts443.jpg,Shorts
/content/stylemind-colab-prep/data/processed_dataset/Shorts/shorts444.jpg,Shorts
/content/stylemind-colab-prep/data/processed_dataset/Shorts/shorts445.jpg,Shorts
/content/stylemind-colab-prep/data/processed_dataset/Shorts/shorts446.jpg,Shorts
/content/stylemind-colab-prep/data/processed_dataset/Shorts/shorts447.jpg,Shorts
/content/stylemind-colab-prep/data/processed_dataset/Shorts/shorts448.jpg,Shorts
/content/stylemind-colab-prep/data/processed_dataset/Shorts/shorts449.jpg,Shorts
/content/stylemind-colab-prep/data/processed_dataset/Shorts/shorts450.jpg,Shorts
/content/stylemind-colab-prep/data/processed_dataset/Skirt/skirt001.jpg,Skirt
/content/stylemind-colab-prep/data/processed_dataset/Skirt/skirt002.jpg,Skirt
/content/stylemind-colab-prep/data/processed_dataset/Skirt/skirt003.jpg,Skirt
/content/stylemind-colab-prep/data/processed_dataset/Skirt/skirt004.jpg,Skirt
/content/stylemind-colab-prep/data/processed_dataset/Skirt/skirt005.jpg,Skirt
/content/stylemind-colab-prep/data/processed_dataset/Skirt/skirt006.jpg,Skirt
/content/stylemind-colab-prep/data/processed_dataset/Skirt/skirt007.jpg,Skirt
/content/stylemind-colab-prep/data/processed_dataset/Skirt/skirt008.jpg,Skirt
/content/stylemind-colab-prep/data/processed_dataset/Skirt/skirt009.jpg,Skirt
/content/stylemind-colab-prep/data/processed_dataset/Skirt/skirt010.jpg,Skirt
/content/stylemind-colab-prep/data/processed_dataset/Skirt/skirt011.jpg,Skirt
/content/stylemind-colab-prep/data/processed_dataset/Skirt/skirt012.jpg,Skirt
/content/stylemind-colab-prep/data/processed_dataset/Skirt/skirt013.jpg,Skirt
/content/stylemind-colab-prep/data/processed_dataset/Skirt/skirt014.jpg,Skirt
/content/stylemind-colab-prep/data/processed_dataset/Skirt/skirt015.jpg,Skirt
/content/stylemind-colab-prep/data/processed_dataset/Skirt/skirt016.jpg,Skirt
/content/stylemind-colab-prep/data/processed_dataset/Skirt/skirt017.jpg,Skirt
/content/stylemind-colab-prep/data/processed_dataset/Skirt/skirt018.jpg,Skirt
/content/stylemind-colab-prep/data/processed_dataset/Skirt/skirt019.jpg,Skirt
/content/stylemind-colab-prep/data/processed_dataset/Skirt/skirt020.jpg,Skirt
/content/stylemind-colab-prep/data/processed_dataset/Skirt/skirt021.jpg,Skirt
/content/stylemind-colab-prep/data/processed_dataset/Skirt/skirt022.jpg,Skirt
/content/stylemind-colab-prep/data/processed_dataset/Skirt/skirt023.jpg,Skirt
/content/stylemind-colab-prep/data/processed_dataset/Skirt/skirt024.jpg,Skirt
/content/stylemind-colab-prep/data/processed_dataset/Skirt/skirt025.jpg,Skirt
/content/stylemind-colab-prep/data/processed_dataset/Skirt/skirt026.jpg,Skirt
/content/stylemind-colab-prep/data/processed_dataset/Skirt/skirt027.jpg,Skirt
/content/stylemind-colab-prep/data/processed_dataset/Skirt/skirt028.jpg,Skirt
/content/stylemind-colab-prep/data/processed_dataset/Skirt/skirt029.jpg,Skirt
/content/stylemind-colab-prep/data/processed_dataset/Skirt/skirt030.jpg,Skirt
/content/stylemind-colab-prep/data/processed_dataset/Skirt/skirt031.jpg,Skirt
/content/stylemind-colab-prep/data/processed_dataset/Skirt/skirt032.jpg,Skirt
/content/stylemind-colab-prep/data/processed_dataset/Skirt/skirt033.jpg,Skirt
/content/stylemind-colab-prep/data/processed_dataset/Skirt/skirt034.jpg,Skirt
/content/stylemind-colab-prep/data/processed_dataset/Skirt/skirt035.jpg,Skirt
/content/stylemind-colab-prep/data/processed_dataset/Skirt/skirt036.jpg,Skirt
/content/stylemind-colab-prep/data/processed_dataset/Skirt/skirt037.jpg,Skirt
/content/stylemind-colab-prep/data/processed_dataset/Skirt/skirt038.jpg,Skirt
/content/stylemind-colab-prep/data/processed_dataset/Skirt/skirt039.jpg,Skirt
/content/stylemind-colab-prep/data/processed_dataset/Skirt/skirt040.jpg,Skirt
/content/stylemind-colab-prep/data/processed_dataset/Skirt/skirt041.jpg,Skirt
/content/stylemind-colab-prep/data/processed_dataset/Skirt/skirt042.jpg,Skirt
/content/stylemind-colab-prep/data/processed_dataset/Skirt/skirt043.jpg,Skirt
/content/stylemind-colab-prep/data/processed_dataset/Skirt/skirt044.jpg,Skirt
/content/stylemind-colab-prep/data/processed_dataset/Skirt/skirt045.jpg,Skirt
/content/stylemind-colab-prep/data/processed_dataset/Skirt/skirt046.jpg,Skirt
/content/stylemind-colab-prep/data/processed_dataset/Skirt/skirt047.jpg,Skirt
/content/stylemind-colab-prep/data/processed_dataset/Skirt/skirt048.jpg,Skirt
/content/stylemind-colab-prep/data/processed_dataset/Skirt/skirt049.jpg,Skirt
/content/stylemind-colab-prep/data/processed_dataset/Skirt/skirt050.jpg,Skirt
/content/stylemind-colab-prep/data/processed_dataset/Skirt/skirt051.jpg,Skirt
/content/stylemind-colab-prep/data/processed_dataset/Skirt/skirt052.jpg,Skirt
/content/stylemind-colab-prep/data/processed_dataset/Skirt/skirt053.jpg,Skirt
/content/stylemind-colab-prep/data/processed_dataset/Skirt/skirt054.jpg,Skirt
/content/stylemind-colab-prep/data/processed_dataset/Skirt/skirt055.jpg,Skirt
/content/stylemind-colab-prep/data/processed_dataset/Skirt/skirt056.jpg,Skirt
/content/stylemind-colab-prep/data/processed_dataset/Skirt/skirt057.jpg,Skirt
/content/stylemind-colab-prep/data/processed_dataset/Skirt/skirt058.jpg,Skirt
/content/stylemind-colab-prep/data/processed_dataset/Skirt/skirt059.jpg,Skirt
/content/stylemind-colab-prep/data/processed_dataset/Skirt/skirt060.jpg,Skirt
/content/stylemind-colab-prep/data/processed_dataset/Skirt/skirt061.jpg,Skirt
/content/stylemind-colab-prep/data/processed_dataset/Skirt/skirt062.jpg,Skirt
/content/stylemind-colab-prep/data/processed_dataset/Skirt/skirt063.jpg,Skirt
/content/stylemind-colab-prep/data/processed_dataset/Skirt/skirt064.jpg,Skirt
/content/stylemind-colab-prep/data/processed_dataset/Skirt/skirt065.jpg,Skirt
/content/stylemind-colab-prep/data/processed_dataset/Skirt/skirt066.jpg,Skirt
/content/stylemind-colab-prep/data/processed_dataset/Skirt/skirt067.jpg,Skirt
/content/stylemind-colab-prep/data/processed_dataset/Skirt/skirt068.jpg,Skirt
/content/stylemind-colab-prep/data/processed_dataset/Skirt/skirt069.jpg,Skirt
/content/stylemind-colab-prep/data/processed_dataset/Skirt/skirt070.jpg,Skirt
/content/stylemind-colab-prep/data/processed_dataset/Skirt/skirt071.jpg,Skirt
/content/stylemind-colab-prep/data/processed_dataset/Skirt/skirt072.jpg,Skirt
/content/stylemind-colab-prep/data/processed_dataset/Skirt/skirt073.jpg,Skirt
/content/stylemind-colab-prep/data/processed_dataset/Skirt/skirt074.jpg,Skirt
/content/stylemind-colab-prep/data/processed_dataset/Skirt/skirt075.jpg,Skirt
/content/stylemind-colab-prep/data/processed_dataset/Skirt/skirt076.jpg,Skirt
/content/stylemind-colab-prep/data/processed_dataset/Skirt/skirt077.jpg,Skirt
/content/stylemind-colab-prep/data/processed_dataset/Skirt/skirt078.jpg,Skirt
/content/stylemind-colab-prep/data/processed_dataset/Skirt/skirt079.jpg,Skirt
/content/stylemind-colab-prep/data/processed_dataset/Skirt/skirt080.jpg,Skirt
/content/stylemind-colab-prep/data/processed_dataset/Skirt/skirt081.jpg,Skirt
/content/stylemind-colab-prep/data/processed_dataset/Skirt/skirt082.jpg,Skirt
/content/stylemind-colab-prep/data/processed_dataset/Skirt/skirt083.jpg,Skirt
/content/stylemind-colab-prep/data/processed_dataset/Skirt/skirt084.jpg,Skirt
/content/stylemind-colab-prep/data/processed_dataset/Skirt/skirt085.jpg,Skirt
/content/stylemind-colab-prep/data/processed_dataset/Skirt/skirt086.jpg,Skirt
/content/stylemind-colab-prep/data/processed_dataset/Skirt/skirt087.jpg,Skirt
/content/stylemind-colab-prep/data/processed_dataset/Skirt/skirt088.jpg,Skirt
/content/stylemind-colab-prep/data/processed_dataset/Skirt/skirt089.jpg,Skirt
/content/stylemind-colab-prep/data/processed_dataset/Skirt/skirt090.jpg,Skirt
/content/stylemind-colab-prep/data/processed_dataset/Skirt/skirt091.jpg,Skirt
/content/stylemind-colab-prep/data/processed_dataset/Skirt/skirt092.jpg,Skirt
/content/stylemind-colab-prep/data/processed_dataset/Skirt/skirt093.jpg,Skirt
/content/stylemind-colab-prep/data/processed_dataset/Skirt/skirt094.jpg,Skirt
/content/stylemind-colab-prep/data/processed_dataset/Skirt/skirt095.jpg,Skirt
/content/stylemind-colab-prep/data/processed_dataset/Skirt/skirt096.jpg,Skirt
/content/stylemind-colab-prep/data/processed_dataset/Skirt/skirt097.jpg,Skirt
/content/stylemind-colab-prep/data/processed_dataset/Skirt/skirt098.jpg,Skirt
/content/stylemind-colab-prep/data/processed_dataset/Skirt/skirt099.jpg,Skirt
/content/stylemind-colab-prep/data/processed_dataset/Skirt/skirt100.jpg,Skirt
/content/stylemind-colab-prep/data/processed_dataset/Skirt/skirt101.jpg,Skirt
/content/stylemind-colab-prep/data/processed_dataset/Skirt/skirt102.jpg,Skirt
/content/stylemind-colab-prep/data/processed_dataset/Skirt/skirt103.jpg,Skirt
/content/stylemind-colab-prep/data/processed_dataset/Skirt/skirt104.jpg,Skirt
/content/stylemind-colab-prep/data/processed_dataset/Skirt/skirt105.jpg,Skirt
/content/stylemind-colab-prep/data/processed_dataset/Skirt/skirt106.jpg,Skirt
/content/stylemind-colab-prep/data/processed_dataset/Skirt/skirt107.jpg,Skirt
/content/stylemind-colab-prep/data/processed_dataset/Skirt/skirt108.jpg,Skirt
/content/stylemind-colab-prep/data/processed_dataset/Skirt/skirt109.jpg,Skirt
/content/stylemind-colab-prep/data/processed_dataset/Skirt/skirt110.jpg,Skirt
/content/stylemind-colab-prep/data/processed_dataset/Skirt/skirt111.jpg,Skirt
/content/stylemind-colab-prep/data/processed_dataset/Skirt/skirt112.jpg,Skirt
/content/stylemind-colab-prep/data/processed_dataset/Skirt/skirt113.jpg,Skirt
/content/stylemind-colab-prep/data/processed_dataset/Skirt/skirt114.jpg,Skirt
/content/stylemind-colab-prep/data/processed_dataset/Skirt/skirt115.jpg,Skirt
/content/stylemind-colab-prep/data/processed_dataset/Skirt/skirt116.jpg,Skirt
/content/stylemind-colab-prep/data/processed_dataset/Skirt/skirt117.jpg,Skirt
/content/stylemind-colab-prep/data/processed_dataset/Skirt/skirt118.jpg,Skirt
/content/stylemind-colab-prep/data/processed_dataset/Skirt/skirt119.jpg,Skirt
/content/stylemind-colab-prep/data/processed_dataset/Skirt/skirt120.jpg,Skirt
/content/stylemind-colab-prep/data/processed_dataset/Skirt/skirt121.jpg,Skirt
/content/stylemind-colab-prep/data/processed_dataset/Skirt/skirt122.jpg,Skirt
/content/stylemind-colab-prep/data/processed_dataset/Skirt/skirt123.jpg,Skirt
/content/stylemind-colab-prep/data/processed_dataset/Skirt/skirt124.jpg,Skirt
/content/stylemind-colab-prep/data/processed_dataset/Skirt/skirt125.jpg,Skirt
/content/stylemind-colab-prep/data/processed_dataset/Skirt/skirt126.jpg,Skirt
/content/stylemind-colab-prep/data/processed_dataset/Skirt/skirt127.jpg,Skirt
/content/stylemind-colab-prep/data/processed_dataset/Skirt/skirt128.jpg,Skirt
/content/stylemind-colab-prep/data/processed_dataset/Skirt/skirt129.jpg,Skirt
/content/stylemind-colab-prep/data/processed_dataset/Skirt/skirt130.jpg,Skirt
/content/stylemind-colab-prep/data/processed_dataset/Skirt/skirt131.jpg,Skirt
/content/stylemind-colab-prep/data/processed_dataset/Skirt/skirt132.jpg,Skirt
/content/stylemind-colab-prep/data/processed_dataset/Skirt/skirt133.jpg,Skirt
/content/stylemind-colab-prep/data/processed_dataset/Skirt/skirt134.jpg,Skirt
/content/stylemind-colab-prep/data/processed_dataset/Skirt/skirt135.jpg,Skirt
/content/stylemind-colab-prep/data/processed_dataset/Skirt/skirt136.jpg,Skirt
/content/stylemind-colab-prep/data/processed_dataset/Skirt/skirt137.jpg,Skirt
/content/stylemind-colab-prep/data/processed_dataset/Skirt/skirt138.jpg,Skirt
/content/stylemind-colab-prep/data/processed_dataset/Skirt/skirt139.jpg,Skirt
/content/stylemind-colab-prep/data/processed_dataset/Skirt/skirt140.jpg,Skirt
/content/stylemind-colab-prep/data/processed_dataset/Skirt/skirt141.jpg,Skirt
/content/stylemind-colab-prep/data/processed_dataset/Skirt/skirt142.jpg,Skirt
/content/stylemind-colab-prep/data/processed_dataset/Skirt/skirt143.jpg,Skirt
/content/stylemind-colab-prep/data/processed_dataset/Skirt/skirt144.jpg,Skirt
/content/stylemind-colab-prep/data/processed_dataset/Skirt/skirt145.jpg,Skirt
/content/stylemind-colab-prep/data/processed_dataset/Skirt/skirt146.jpg,Skirt
/content/stylemind-colab-prep/data/processed_dataset/Skirt/skirt147.jpg,Skirt
/content/stylemind-colab-prep/data/processed_dataset/Skirt/skirt148.jpg,Skirt
/content/stylemind-colab-prep/data/processed_dataset/Skirt/skirt149.jpg,Skirt
/content/stylemind-colab-prep/data/processed_dataset/Skirt/skirt150.jpg,Skirt
/content/stylemind-colab-prep/data/processed_dataset/Skirt/skirt151.jpg,Skirt
/content/stylemind-colab-prep/data/processed_dataset/Skirt/skirt152.jpg,Skirt
/content/stylemind-colab-prep/data/processed_dataset/Skirt/skirt153.jpg,Skirt
/content/stylemind-colab-prep/data/processed_dataset/Skirt/skirt154.jpg,Skirt
/content/stylemind-colab-prep/data/processed_dataset/Skirt/skirt155.jpg,Skirt
/content/stylemind-colab-prep/data/processed_dataset/Skirt/skirt156.jpg,Skirt
/content/stylemind-colab-prep/data/processed_dataset/Skirt/skirt157.jpg,Skirt
/content/stylemind-colab-prep/data/processed_dataset/Skirt/skirt158.jpg,Skirt
/content/stylemind-colab-prep/data/processed_dataset/Skirt/skirt159.jpg,Skirt
/content/stylemind-colab-prep/data/processed_dataset/Skirt/skirt160.jpg,Skirt
/content/stylemind-colab-prep/data/processed_dataset/Skirt/skirt161.jpg,Skirt
/content/stylemind-colab-prep/data/processed_dataset/Skirt/skirt162.jpg,Skirt
/content/stylemind-colab-prep/data/processed_dataset/Skirt/skirt163.jpg,Skirt
/content/stylemind-colab-prep/data/processed_dataset/Skirt/skirt164.jpg,Skirt
/content/stylemind-colab-prep/data/processed_dataset/Skirt/skirt165.jpg,Skirt
/content/stylemind-colab-prep/data/processed_dataset/Skirt/skirt166.jpg,Skirt
/content/stylemind-colab-prep/data/processed_dataset/Skirt/skirt167.jpg,Skirt
/content/stylemind-colab-prep/data/processed_dataset/Skirt/skirt168.jpg,Skirt
/content/stylemind-colab-prep/data/processed_dataset/Skirt/skirt169.jpg,Skirt
/content/stylemind-colab-prep/data/processed_dataset/Skirt/skirt170.jpg,Skirt
/content/stylemind-colab-prep/data/processed_dataset/Skirt/skirt171.jpg,Skirt
/content/stylemind-colab-prep/data/processed_dataset/Skirt/skirt172.jpg,Skirt
/content/stylemind-colab-prep/data/processed_dataset/Skirt/skirt173.jpg,Skirt
/content/stylemind-colab-prep/data/processed_dataset/Skirt/skirt174.jpg,Skirt
/content/stylemind-colab-prep/data/processed_dataset/Skirt/skirt175.jpg,Skirt
/content/stylemind-colab-prep/data/processed_dataset/Skirt/skirt176.jpg,Skirt
/content/stylemind-colab-prep/data/processed_dataset/Skirt/skirt177.jpg,Skirt
/content/stylemind-colab-prep/data/processed_dataset/Skirt/skirt178.jpg,Skirt
/content/stylemind-colab-prep/data/processed_dataset/Skirt/skirt179.jpg,Skirt
/content/stylemind-colab-prep/data/processed_dataset/Skirt/skirt180.jpg,Skirt
/content/stylemind-colab-prep/data/processed_dataset/Skirt/skirt181.jpg,Skirt
/content/stylemind-colab-prep/data/processed_dataset/Skirt/skirt182.jpg,Skirt
/content/stylemind-colab-prep/data/processed_dataset/Skirt/skirt183.jpg,Skirt
/content/stylemind-colab-prep/data/processed_dataset/Skirt/skirt184.jpg,Skirt
/content/stylemind-colab-prep/data/processed_dataset/Skirt/skirt185.jpg,Skirt
/content/stylemind-colab-prep/data/processed_dataset/Skirt/skirt186.jpg,Skirt
/content/stylemind-colab-prep/data/processed_dataset/Skirt/skirt187.jpg,Skirt
/content/stylemind-colab-prep/data/processed_dataset/Skirt/skirt188.jpg,Skirt
/content/stylemind-colab-prep/data/processed_dataset/Skirt/skirt189.jpg,Skirt
/content/stylemind-colab-prep/data/processed_dataset/Skirt/skirt190.jpg,Skirt
/content/stylemind-colab-prep/data/processed_dataset/Skirt/skirt191.jpg,Skirt
/content/stylemind-colab-prep/data/processed_dataset/Skirt/skirt192.jpg,Skirt
/content/stylemind-colab-prep/data/processed_dataset/Skirt/skirt193.jpg,Skirt
/content/stylemind-colab-prep/data/processed_dataset/Skirt/skirt194.jpg,Skirt
/content/stylemind-colab-prep/data/processed_dataset/Skirt/skirt195.jpg,Skirt
/content/stylemind-colab-prep/data/processed_dataset/Skirt/skirt196.jpg,Skirt
/content/stylemind-colab-prep/data/processed_dataset/Skirt/skirt197.jpg,Skirt
/content/stylemind-colab-prep/data/processed_dataset/Skirt/skirt198.jpg,Skirt
/content/stylemind-colab-prep/data/processed_dataset/Skirt/skirt199.jpg,Skirt
/content/stylemind-colab-prep/data/processed_dataset/Skirt/skirt200.jpg,Skirt
/content/stylemind-colab-prep/data/processed_dataset/Skirt/skirt201.jpg,Skirt
/content/stylemind-colab-prep/data/processed_dataset/Skirt/skirt202.jpg,Skirt
/content/stylemind-colab-prep/data/processed_dataset/Skirt/skirt203.jpg,Skirt
/content/stylemind-colab-prep/data/processed_dataset/Skirt/skirt204.jpg,Skirt
/content/stylemind-colab-prep/data/processed_dataset/Skirt/skirt205.jpg,Skirt
/content/stylemind-colab-prep/data/processed_dataset/Skirt/skirt206.jpg,Skirt
/content/stylemind-colab-prep/data/processed_dataset/Skirt/skirt207.jpg,Skirt
/content/stylemind-colab-prep/data/processed_dataset/Skirt/skirt208.jpg,Skirt
/content/stylemind-colab-prep/data/processed_dataset/Skirt/skirt209.jpg,Skirt
/content/stylemind-colab-prep/data/processed_dataset/Skirt/skirt210.jpg,Skirt
/content/stylemind-colab-prep/data/processed_dataset/Skirt/skirt211.jpg,Skirt
/content/stylemind-colab-prep/data/processed_dataset/Skirt/skirt212.jpg,Skirt
/content/stylemind-colab-prep/data/processed_dataset/Skirt/skirt213.jpg,Skirt
/content/stylemind-colab-prep/data/processed_dataset/Skirt/skirt214.jpg,Skirt
/content/stylemind-colab-prep/data/processed_dataset/Skirt/skirt215.jpg,Skirt
/content/stylemind-colab-prep/data/processed_dataset/Skirt/skirt216.jpg,Skirt
/content/stylemind-colab-prep/data/processed_dataset/Skirt/skirt217.jpg,Skirt
/content/stylemind-colab-prep/data/processed_dataset/Skirt/skirt218.jpg,Skirt
/content/stylemind-colab-prep/data/processed_dataset/Skirt/skirt219.jpg,Skirt
/content/stylemind-colab-prep/data/processed_dataset/Skirt/skirt220.jpg,Skirt
/content/stylemind-colab-prep/data/processed_dataset/Skirt/skirt221.jpg,Skirt
/content/stylemind-colab-prep/data/processed_dataset/Skirt/skirt222.jpg,Skirt
/content/stylemind-colab-prep/data/processed_dataset/Skirt/skirt223.jpg,Skirt
/content/stylemind-colab-prep/data/processed_dataset/Skirt/skirt224.jpg,Skirt
/content/stylemind-colab-prep/data/processed_dataset/Skirt/skirt225.jpg,Skirt
/content/stylemind-colab-prep/data/processed_dataset/Skirt/skirt226.jpg,Skirt
/content/stylemind-colab-prep/data/processed_dataset/Skirt/skirt227.jpg,Skirt
/content/stylemind-colab-prep/data/processed_dataset/Skirt/skirt228.jpg,Skirt
/content/stylemind-colab-prep/data/processed_dataset/Skirt/skirt229.jpg,Skirt
/content/stylemind-colab-prep/data/processed_dataset/Skirt/skirt230.jpg,Skirt
/content/stylemind-colab-prep/data/processed_dataset/Skirt/skirt231.jpg,Skirt
/content/stylemind-colab-prep/data/processed_dataset/Skirt/skirt232.jpg,Skirt
/content/stylemind-colab-prep/data/processed_dataset/Skirt/skirt233.jpg,Skirt
/content/stylemind-colab-prep/data/processed_dataset/Skirt/skirt234.jpg,Skirt
/content/stylemind-colab-prep/data/processed_dataset/Skirt/skirt235.jpg,Skirt
/content/stylemind-colab-prep/data/processed_dataset/Skirt/skirt236.jpg,Skirt
/content/stylemind-colab-prep/data/processed_dataset/Skirt/skirt237.jpg,Skirt
/content/stylemind-colab-prep/data/processed_dataset/Skirt/skirt238.jpg,Skirt
/content/stylemind-colab-prep/data/processed_dataset/Skirt/skirt239.jpg,Skirt
/content/stylemind-colab-prep/data/processed_dataset/Skirt/skirt240.jpg,Skirt
/content/stylemind-colab-prep/data/processed_dataset/Skirt/skirt241.jpg,Skirt
/content/stylemind-colab-prep/data/processed_dataset/Skirt/skirt242.jpg,Skirt
/content/stylemind-colab-prep/data/processed_dataset/Skirt/skirt243.jpg,Skirt
/content/stylemind-colab-prep/data/processed_dataset/Skirt/skirt244.jpg,Skirt
/content/stylemind-colab-prep/data/processed_dataset/Skirt/skirt245.jpg,Skirt
/content/stylemind-colab-prep/data/processed_dataset/Skirt/skirt246.jpg,Skirt
/content/stylemind-colab-prep/data/processed_dataset/Skirt/skirt247.jpg,Skirt
/content/stylemind-colab-prep/data/processed_dataset/Skirt/skirt248.jpg,Skirt
/content/stylemind-colab-prep/data/processed_dataset/Skirt/skirt249.jpg,Skirt
/content/stylemind-colab-prep/data/processed_dataset/Skirt/skirt250.jpg,Skirt
/content/stylemind-colab-prep/data/processed_dataset/Skirt/skirt251.jpg,Skirt
/content/stylemind-colab-prep/data/processed_dataset/Skirt/skirt252.jpg,Skirt
/content/stylemind-colab-prep/data/processed_dataset/Skirt/skirt253.jpg,Skirt
/content/stylemind-colab-prep/data/processed_dataset/Skirt/skirt254.jpg,Skirt
/content/stylemind-colab-prep/data/processed_dataset/Skirt/skirt255.jpg,Skirt
/content/stylemind-colab-prep/data/processed_dataset/Skirt/skirt256.jpg,Skirt
/content/stylemind-colab-prep/data/processed_dataset/Skirt/skirt257.jpg,Skirt
/content/stylemind-colab-prep/data/processed_dataset/Skirt/skirt258.jpg,Skirt
/content/stylemind-colab-prep/data/processed_dataset/Skirt/skirt259.jpg,Skirt
/content/stylemind-colab-prep/data/processed_dataset/Skirt/skirt260.jpg,Skirt
/content/stylemind-colab-prep/data/processed_dataset/Skirt/skirt261.jpg,Skirt
/content/stylemind-colab-prep/data/processed_dataset/Skirt/skirt262.jpg,Skirt
/content/stylemind-colab-prep/data/processed_dataset/Skirt/skirt263.jpg,Skirt
/content/stylemind-colab-prep/data/processed_dataset/Skirt/skirt264.jpg,Skirt
/content/stylemind-colab-prep/data/processed_dataset/Skirt/skirt265.jpg,Skirt
/content/stylemind-colab-prep/data/processed_dataset/Skirt/skirt266.jpg,Skirt
/content/stylemind-colab-prep/data/processed_dataset/Skirt/skirt267.jpg,Skirt
/content/stylemind-colab-prep/data/processed_dataset/Skirt/skirt268.jpg,Skirt
/content/stylemind-colab-prep/data/processed_dataset/Skirt/skirt269.jpg,Skirt
/content/stylemind-colab-prep/data/processed_dataset/Skirt/skirt270.jpg,Skirt
/content/stylemind-colab-prep/data/processed_dataset/Skirt/skirt271.jpg,Skirt
/content/stylemind-colab-prep/data/processed_dataset/Skirt/skirt272.jpg,Skirt
/content/stylemind-colab-prep/data/processed_dataset/Skirt/skirt273.jpg,Skirt
/content/stylemind-colab-prep/data/processed_dataset/Skirt/skirt274.jpg,Skirt
/content/stylemind-colab-prep/data/processed_dataset/Skirt/skirt275.jpg,Skirt
/content/stylemind-colab-prep/data/processed_dataset/Skirt/skirt276.jpg,Skirt
/content/stylemind-colab-prep/data/processed_dataset/Skirt/skirt277.jpg,Skirt
/content/stylemind-colab-prep/data/processed_dataset/Skirt/skirt278.jpg,Skirt
/content/stylemind-colab-prep/data/processed_dataset/Skirt/skirt279.jpg,Skirt
/content/stylemind-colab-prep/data/processed_dataset/Skirt/skirt280.jpg,Skirt
/content/stylemind-colab-prep/data/processed_dataset/Skirt/skirt281.jpg,Skirt
/content/stylemind-colab-prep/data/processed_dataset/Skirt/skirt282.jpg,Skirt
/content/stylemind-colab-prep/data/processed_dataset/Skirt/skirt283.jpg,Skirt
/content/stylemind-colab-prep/data/processed_dataset/Skirt/skirt284.jpg,Skirt
/content/stylemind-colab-prep/data/processed_dataset/Skirt/skirt285.jpg,Skirt
/content/stylemind-colab-prep/data/processed_dataset/Skirt/skirt286.jpg,Skirt
/content/stylemind-colab-prep/data/processed_dataset/Skirt/skirt287.jpg,Skirt
/content/stylemind-colab-prep/data/processed_dataset/Skirt/skirt288.jpg,Skirt
/content/stylemind-colab-prep/data/processed_dataset/Skirt/skirt289.jpg,Skirt
/content/stylemind-colab-prep/data/processed_dataset/Skirt/skirt290.jpg,Skirt
/content/stylemind-colab-prep/data/processed_dataset/Skirt/skirt291.jpg,Skirt
/content/stylemind-colab-prep/data/processed_dataset/Skirt/skirt292.jpg,Skirt
/content/stylemind-colab-prep/data/processed_dataset/Skirt/skirt293.jpg,Skirt
/content/stylemind-colab-prep/data/processed_dataset/Skirt/skirt294.jpg,Skirt
/content/stylemind-colab-prep/data/processed_dataset/Skirt/skirt295.jpg,Skirt
/content/stylemind-colab-prep/data/processed_dataset/Skirt/skirt296.jpg,Skirt
/content/stylemind-colab-prep/data/processed_dataset/Skirt/skirt297.jpg,Skirt
/content/stylemind-colab-prep/data/processed_dataset/Skirt/skirt298.jpg,Skirt
/content/stylemind-colab-prep/data/processed_dataset/Skirt/skirt299.jpg,Skirt
/content/stylemind-colab-prep/data/processed_dataset/Skirt/skirt300.jpg,Skirt
/content/stylemind-colab-prep/data/processed_dataset/Skirt/skirt301.jpg,Skirt
/content/stylemind-colab-prep/data/processed_dataset/Skirt/skirt302.jpg,Skirt
/content/stylemind-colab-prep/data/processed_dataset/Skirt/skirt303.jpg,Skirt
/content/stylemind-colab-prep/data/processed_dataset/Skirt/skirt304.jpg,Skirt
/content/stylemind-colab-prep/data/processed_dataset/Skirt/skirt305.jpg,Skirt
/content/stylemind-colab-prep/data/processed_dataset/Skirt/skirt306.jpg,Skirt
/content/stylemind-colab-prep/data/processed_dataset/Skirt/skirt307.jpg,Skirt
/content/stylemind-colab-prep/data/processed_dataset/Skirt/skirt308.jpg,Skirt
/content/stylemind-colab-prep/data/processed_dataset/Skirt/skirt309.jpg,Skirt
/content/stylemind-colab-prep/data/processed_dataset/Skirt/skirt310.jpg,Skirt
/content/stylemind-colab-prep/data/processed_dataset/Skirt/skirt311.jpg,Skirt
/content/stylemind-colab-prep/data/processed_dataset/Skirt/skirt312.jpg,Skirt
/content/stylemind-colab-prep/data/processed_dataset/Skirt/skirt313.jpg,Skirt
/content/stylemind-colab-prep/data/processed_dataset/Skirt/skirt314.jpg,Skirt
/content/stylemind-colab-prep/data/processed_dataset/Skirt/skirt315.jpg,Skirt
/content/stylemind-colab-prep/data/processed_dataset/Skirt/skirt316.jpg,Skirt
/content/stylemind-colab-prep/data/processed_dataset/Skirt/skirt317.jpg,Skirt
/content/stylemind-colab-prep/data/processed_dataset/Skirt/skirt318.jpg,Skirt
/content/stylemind-colab-prep/data/processed_dataset/Skirt/skirt319.jpg,Skirt
/content/stylemind-colab-prep/data/processed_dataset/Skirt/skirt320.jpg,Skirt
/content/stylemind-colab-prep/data/processed_dataset/Skirt/skirt321.jpg,Skirt
/content/stylemind-colab-prep/data/processed_dataset/Skirt/skirt322.jpg,Skirt
/content/stylemind-colab-prep/data/processed_dataset/Skirt/skirt323.jpg,Skirt
/content/stylemind-colab-prep/data/processed_dataset/Skirt/skirt324.jpg,Skirt
/content/stylemind-colab-prep/data/processed_dataset/Skirt/skirt325.jpg,Skirt
/content/stylemind-colab-prep/data/processed_dataset/Skirt/skirt326.jpg,Skirt
/content/stylemind-colab-prep/data/processed_dataset/Skirt/skirt327.jpg,Skirt
/content/stylemind-colab-prep/data/processed_dataset/Skirt/skirt328.jpg,Skirt
/content/stylemind-colab-prep/data/processed_dataset/Skirt/skirt329.jpg,Skirt
/content/stylemind-colab-prep/data/processed_dataset/Skirt/skirt330.jpg,Skirt
/content/stylemind-colab-prep/data/processed_dataset/Skirt/skirt331.jpg,Skirt
/content/stylemind-colab-prep/data/processed_dataset/Skirt/skirt332.jpg,Skirt
/content/stylemind-colab-prep/data/processed_dataset/Skirt/skirt333.jpg,Skirt
/content/stylemind-colab-prep/data/processed_dataset/Skirt/skirt334.jpg,Skirt
/content/stylemind-colab-prep/data/processed_dataset/Skirt/skirt335.jpg,Skirt
/content/stylemind-colab-prep/data/processed_dataset/Skirt/skirt336.jpg,Skirt
/content/stylemind-colab-prep/data/processed_dataset/Skirt/skirt337.jpg,Skirt
/content/stylemind-colab-prep/data/processed_dataset/Skirt/skirt338.jpg,Skirt
/content/stylemind-colab-prep/data/processed_dataset/Skirt/skirt339.jpg,Skirt
/content/stylemind-colab-prep/data/processed_dataset/Skirt/skirt340.jpg,Skirt
/content/stylemind-colab-prep/data/processed_dataset/Skirt/skirt341.jpg,Skirt
/content/stylemind-colab-prep/data/processed_dataset/Skirt/skirt342.jpg,Skirt
/content/stylemind-colab-prep/data/processed_dataset/Skirt/skirt343.jpg,Skirt
/content/stylemind-colab-prep/data/processed_dataset/Skirt/skirt344.jpg,Skirt
/content/stylemind-colab-prep/data/processed_dataset/Skirt/skirt345.jpg,Skirt
/content/stylemind-colab-prep/data/processed_dataset/Skirt/skirt346.jpg,Skirt
/content/stylemind-colab-prep/data/processed_dataset/Skirt/skirt347.jpg,Skirt
/content/stylemind-colab-prep/data/processed_dataset/Skirt/skirt348.jpg,Skirt
/content/stylemind-colab-prep/data/processed_dataset/Skirt/skirt349.jpg,Skirt
/content/stylemind-colab-prep/data/processed_dataset/Skirt/skirt350.jpg,Skirt
/content/stylemind-colab-prep/data/processed_dataset/Skirt/skirt351.jpg,Skirt
/content/stylemind-colab-prep/data/processed_dataset/Skirt/skirt352.jpg,Skirt
/content/stylemind-colab-prep/data/processed_dataset/Skirt/skirt353.jpg,Skirt
/content/stylemind-colab-prep/data/processed_dataset/Skirt/skirt354.jpg,Skirt
/content/stylemind-colab-prep/data/processed_dataset/Skirt/skirt355.jpg,Skirt
/content/stylemind-colab-prep/data/processed_dataset/Skirt/skirt356.jpg,Skirt
/content/stylemind-colab-prep/data/processed_dataset/Skirt/skirt357.jpg,Skirt
/content/stylemind-colab-prep/data/processed_dataset/Skirt/skirt358.jpg,Skirt
/content/stylemind-colab-prep/data/processed_dataset/Skirt/skirt359.jpg,Skirt
/content/stylemind-colab-prep/data/processed_dataset/Skirt/skirt360.jpg,Skirt
/content/stylemind-colab-prep/data/processed_dataset/Skirt/skirt361.jpg,Skirt
/content/stylemind-colab-prep/data/processed_dataset/Skirt/skirt362.jpg,Skirt
/content/stylemind-colab-prep/data/processed_dataset/Skirt/skirt363.jpg,Skirt
/content/stylemind-colab-prep/data/processed_dataset/Skirt/skirt364.jpg,Skirt
/content/stylemind-colab-prep/data/processed_dataset/Skirt/skirt365.jpg,Skirt
/content/stylemind-colab-prep/data/processed_dataset/Skirt/skirt366.jpg,Skirt
/content/stylemind-colab-prep/data/processed_dataset/Skirt/skirt367.jpg,Skirt
/content/stylemind-colab-prep/data/processed_dataset/Skirt/skirt368.jpg,Skirt
/content/stylemind-colab-prep/data/processed_dataset/Skirt/skirt369.jpg,Skirt
/content/stylemind-colab-prep/data/processed_dataset/Skirt/skirt370.jpg,Skirt
/content/stylemind-colab-prep/data/processed_dataset/Skirt/skirt371.jpg,Skirt
/content/stylemind-colab-prep/data/processed_dataset/Skirt/skirt372.jpg,Skirt
/content/stylemind-colab-prep/data/processed_dataset/Skirt/skirt373.jpg,Skirt
/content/stylemind-colab-prep/data/processed_dataset/Skirt/skirt374.jpg,Skirt
/content/stylemind-colab-prep/data/processed_dataset/Skirt/skirt375.jpg,Skirt
/content/stylemind-colab-prep/data/processed_dataset/Skirt/skirt376.jpg,Skirt
/content/stylemind-colab-prep/data/processed_dataset/Skirt/skirt377.jpg,Skirt
/content/stylemind-colab-prep/data/processed_dataset/Skirt/skirt378.jpg,Skirt
/content/stylemind-colab-prep/data/processed_dataset/Skirt/skirt379.jpg,Skirt
/content/stylemind-colab-prep/data/processed_dataset/Skirt/skirt380.jpg,Skirt
/content/stylemind-colab-prep/data/processed_dataset/Skirt/skirt381.jpg,Skirt
/content/stylemind-colab-prep/data/processed_dataset/Skirt/skirt382.jpg,Skirt
/content/stylemind-colab-prep/data/processed_dataset/Skirt/skirt383.jpg,Skirt
/content/stylemind-colab-prep/data/processed_dataset/Skirt/skirt384.jpg,Skirt
/content/stylemind-colab-prep/data/processed_dataset/Skirt/skirt385.jpg,Skirt
/content/stylemind-colab-prep/data/processed_dataset/Skirt/skirt386.jpg,Skirt
/content/stylemind-colab-prep/data/processed_dataset/Skirt/skirt387.jpg,Skirt
/content/stylemind-colab-prep/data/processed_dataset/Skirt/skirt388.jpg,Skirt
/content/stylemind-colab-prep/data/processed_dataset/Skirt/skirt389.jpg,Skirt
/content/stylemind-colab-prep/data/processed_dataset/Skirt/skirt390.jpg,Skirt
/content/stylemind-colab-prep/data/processed_dataset/Skirt/skirt391.jpg,Skirt
/content/stylemind-colab-prep/data/processed_dataset/Skirt/skirt392.jpg,Skirt
/content/stylemind-colab-prep/data/processed_dataset/Skirt/skirt393.jpg,Skirt
/content/stylemind-colab-prep/data/processed_dataset/Skirt/skirt394.jpg,Skirt
/content/stylemind-colab-prep/data/processed_dataset/Skirt/skirt395.jpg,Skirt
/content/stylemind-colab-prep/data/processed_dataset/Skirt/skirt396.jpg,Skirt
/content/stylemind-colab-prep/data/processed_dataset/Skirt/skirt397.jpg,Skirt
/content/stylemind-colab-prep/data/processed_dataset/Skirt/skirt398.jpg,Skirt
/content/stylemind-colab-prep/data/processed_dataset/Skirt/skirt399.jpg,Skirt
/content/stylemind-colab-prep/data/processed_dataset/Skirt/skirt400.jpg,Skirt
/content/stylemind-colab-prep/data/processed_dataset/Skirt/skirt401.jpg,Skirt
/content/stylemind-colab-prep/data/processed_dataset/Skirt/skirt402.jpg,Skirt
/content/stylemind-colab-prep/data/processed_dataset/Skirt/skirt403.jpg,Skirt
/content/stylemind-colab-prep/data/processed_dataset/Skirt/skirt404.jpg,Skirt
/content/stylemind-colab-prep/data/processed_dataset/Skirt/skirt405.jpg,Skirt
/content/stylemind-colab-prep/data/processed_dataset/Skirt/skirt406.jpg,Skirt
/content/stylemind-colab-prep/data/processed_dataset/Skirt/skirt407.jpg,Skirt
/content/stylemind-colab-prep/data/processed_dataset/Skirt/skirt408.jpg,Skirt
/content/stylemind-colab-prep/data/processed_dataset/Skirt/skirt409.jpg,Skirt
/content/stylemind-colab-prep/data/processed_dataset/Skirt/skirt410.jpg,Skirt
/content/stylemind-colab-prep/data/processed_dataset/Skirt/skirt411.jpg,Skirt
/content/stylemind-colab-prep/data/processed_dataset/Skirt/skirt412.jpg,Skirt
/content/stylemind-colab-prep/data/processed_dataset/Skirt/skirt413.jpg,Skirt
/content/stylemind-colab-prep/data/processed_dataset/Skirt/skirt414.jpg,Skirt
/content/stylemind-colab-prep/data/processed_dataset/Skirt/skirt415.jpg,Skirt
/content/stylemind-colab-prep/data/processed_dataset/Skirt/skirt416.jpg,Skirt
/content/stylemind-colab-prep/data/processed_dataset/Skirt/skirt417.jpg,Skirt
/content/stylemind-colab-prep/data/processed_dataset/Skirt/skirt418.jpg,Skirt
/content/stylemind-colab-prep/data/processed_dataset/Skirt/skirt419.jpg,Skirt
/content/stylemind-colab-prep/data/processed_dataset/Skirt/skirt420.jpg,Skirt
/content/stylemind-colab-prep/data/processed_dataset/Skirt/skirt421.jpg,Skirt
/content/stylemind-colab-prep/data/processed_dataset/Skirt/skirt422.jpg,Skirt
/content/stylemind-colab-prep/data/processed_dataset/Skirt/skirt423.jpg,Skirt
/content/stylemind-colab-prep/data/processed_dataset/Skirt/skirt424.jpg,Skirt
/content/stylemind-colab-prep/data/processed_dataset/Skirt/skirt425.jpg,Skirt
/content/stylemind-colab-prep/data/processed_dataset/Skirt/skirt426.jpg,Skirt
/content/stylemind-colab-prep/data/processed_dataset/Skirt/skirt427.jpg,Skirt
/content/stylemind-colab-prep/data/processed_dataset/Skirt/skirt428.jpg,Skirt
/content/stylemind-colab-prep/data/processed_dataset/Skirt/skirt429.jpg,Skirt
/content/stylemind-colab-prep/data/processed_dataset/Skirt/skirt430.jpg,Skirt
/content/stylemind-colab-prep/data/processed_dataset/Skirt/skirt431.jpg,Skirt
/content/stylemind-colab-prep/data/processed_dataset/Skirt/skirt432.jpg,Skirt
/content/stylemind-colab-prep/data/processed_dataset/Skirt/skirt433.jpg,Skirt
/content/stylemind-colab-prep/data/processed_dataset/Skirt/skirt434.jpg,Skirt
/content/stylemind-colab-prep/data/processed_dataset/Skirt/skirt435.jpg,Skirt
/content/stylemind-colab-prep/data/processed_dataset/Skirt/skirt436.jpg,Skirt
/content/stylemind-colab-prep/data/processed_dataset/Skirt/skirt437.jpg,Skirt
/content/stylemind-colab-prep/data/processed_dataset/Skirt/skirt438.jpg,Skirt
/content/stylemind-colab-prep/data/processed_dataset/Skirt/skirt439.jpg,Skirt
/content/stylemind-colab-prep/data/processed_dataset/Skirt/skirt440.jpg,Skirt
/content/stylemind-colab-prep/data/processed_dataset/Skirt/skirt441.jpg,Skirt
/content/stylemind-colab-prep/data/processed_dataset/Skirt/skirt442.jpg,Skirt
/content/stylemind-colab-prep/data/processed_dataset/Skirt/skirt443.jpg,Skirt
/content/stylemind-colab-prep/data/processed_dataset/Skirt/skirt444.jpg,Skirt
/content/stylemind-colab-prep/data/processed_dataset/Skirt/skirt445.jpg,Skirt
/content/stylemind-colab-prep/data/processed_dataset/Skirt/skirt446.jpg,Skirt
/content/stylemind-colab-prep/data/processed_dataset/Skirt/skirt447.jpg,Skirt
/content/stylemind-colab-prep/data/processed_dataset/Skirt/skirt448.jpg,Skirt
/content/stylemind-colab-prep/data/processed_dataset/Skirt/skirt449.jpg,Skirt
/content/stylemind-colab-prep/data/processed_dataset/Skirt/skirt450.jpg,Skirt
/content/stylemind-colab-prep/data/processed_dataset/Top/top001.jpg,Top
/content/stylemind-colab-prep/data/processed_dataset/Top/top002.jpg,Top
/content/stylemind-colab-prep/data/processed_dataset/Top/top003.jpg,Top
/content/stylemind-colab-prep/data/processed_dataset/Top/top004.jpg,Top
/content/stylemind-colab-prep/data/processed_dataset/Top/top005.jpg,Top
/content/stylemind-colab-prep/data/processed_dataset/Top/top006.jpg,Top
/content/stylemind-colab-prep/data/processed_dataset/Top/top007.jpg,Top
/content/stylemind-colab-prep/data/processed_dataset/Top/top008.jpg,Top
/content/stylemind-colab-prep/data/processed_dataset/Top/top009.jpg,Top
/content/stylemind-colab-prep/data/processed_dataset/Top/top010.jpg,Top
/content/stylemind-colab-prep/data/processed_dataset/Top/top011.jpg,Top
/content/stylemind-colab-prep/data/processed_dataset/Top/top012.jpg,Top
/content/stylemind-colab-prep/data/processed_dataset/Top/top013.jpg,Top
/content/stylemind-colab-prep/data/processed_dataset/Top/top014.jpg,Top
/content/stylemind-colab-prep/data/processed_dataset/Top/top015.jpg,Top
/content/stylemind-colab-prep/data/processed_dataset/Top/top016.jpg,Top
/content/stylemind-colab-prep/data/processed_dataset/Top/top017.jpg,Top
/content/stylemind-colab-prep/data/processed_dataset/Top/top018.jpg,Top
/content/stylemind-colab-prep/data/processed_dataset/Top/top019.jpg,Top
/content/stylemind-colab-prep/data/processed_dataset/Top/top020.jpg,Top
/content/stylemind-colab-prep/data/processed_dataset/Top/top021.jpg,Top
/content/stylemind-colab-prep/data/processed_dataset/Top/top022.jpg,Top
/content/stylemind-colab-prep/data/processed_dataset/Top/top023.jpg,Top
/content/stylemind-colab-prep/data/processed_dataset/Top/top024.jpg,Top
/content/stylemind-colab-prep/data/processed_dataset/Top/top025.jpg,Top
/content/stylemind-colab-prep/data/processed_dataset/Top/top026.jpg,Top
/content/stylemind-colab-prep/data/processed_dataset/Top/top027.jpg,Top
/content/stylemind-colab-prep/data/processed_dataset/Top/top028.jpg,Top
/content/stylemind-colab-prep/data/processed_dataset/Top/top029.jpg,Top
/content/stylemind-colab-prep/data/processed_dataset/Top/top030.jpg,Top
/content/stylemind-colab-prep/data/processed_dataset/Top/top031.jpg,Top
/content/stylemind-colab-prep/data/processed_dataset/Top/top032.jpg,Top
/content/stylemind-colab-prep/data/processed_dataset/Top/top033.jpg,Top
/content/stylemind-colab-prep/data/processed_dataset/Top/top034.jpg,Top
/content/stylemind-colab-prep/data/processed_dataset/Top/top035.jpg,Top
/content/stylemind-colab-prep/data/processed_dataset/Top/top036.jpg,Top
/content/stylemind-colab-prep/data/processed_dataset/Top/top037.jpg,Top
/content/stylemind-colab-prep/data/processed_dataset/Top/top038.jpg,Top
/content/stylemind-colab-prep/data/processed_dataset/Top/top039.jpg,Top
/content/stylemind-colab-prep/data/processed_dataset/Top/top040.jpg,Top
/content/stylemind-colab-prep/data/processed_dataset/Top/top041.jpg,Top
/content/stylemind-colab-prep/data/processed_dataset/Top/top042.jpg,Top
/content/stylemind-colab-prep/data/processed_dataset/Top/top043.jpg,Top
/content/stylemind-colab-prep/data/processed_dataset/Top/top044.jpg,Top
/content/stylemind-colab-prep/data/processed_dataset/Top/top045.jpg,Top
/content/stylemind-colab-prep/data/processed_dataset/Top/top046.jpg,Top
/content/stylemind-colab-prep/data/processed_dataset/Top/top047.jpg,Top
/content/stylemind-colab-prep/data/processed_dataset/Top/top048.jpg,Top
/content/stylemind-colab-prep/data/processed_dataset/Top/top049.jpg,Top
/content/stylemind-colab-prep/data/processed_dataset/Top/top050.jpg,Top
/content/stylemind-colab-prep/data/processed_dataset/Top/top051.jpg,Top
/content/stylemind-colab-prep/data/processed_dataset/Top/top052.jpg,Top
/content/stylemind-colab-prep/data/processed_dataset/Top/top053.jpg,Top
/content/stylemind-colab-prep/data/processed_dataset/Top/top054.jpg,Top
/content/stylemind-colab-prep/data/processed_dataset/Top/top055.jpg,Top
/content/stylemind-colab-prep/data/processed_dataset/Top/top056.jpg,Top
/content/stylemind-colab-prep/data/processed_dataset/Top/top057.jpg,Top
/content/stylemind-colab-prep/data/processed_dataset/Top/top058.jpg,Top
/content/stylemind-colab-prep/data/processed_dataset/Top/top059.jpg,Top
/content/stylemind-colab-prep/data/processed_dataset/Top/top060.jpg,Top
/content/stylemind-colab-prep/data/processed_dataset/Top/top061.jpg,Top
/content/stylemind-colab-prep/data/processed_dataset/Top/top062.jpg,Top
/content/stylemind-colab-prep/data/processed_dataset/Top/top063.jpg,Top
/content/stylemind-colab-prep/data/processed_dataset/Top/top064.jpg,Top
/content/stylemind-colab-prep/data/processed_dataset/Top/top065.jpg,Top
/content/stylemind-colab-prep/data/processed_dataset/Top/top066.jpg,Top
/content/stylemind-colab-prep/data/processed_dataset/Top/top067.jpg,Top
/content/stylemind-colab-prep/data/processed_dataset/Top/top068.jpg,Top
/content/stylemind-colab-prep/data/processed_dataset/Top/top069.jpg,Top
/content/stylemind-colab-prep/data/processed_dataset/Top/top070.jpg,Top
/content/stylemind-colab-prep/data/processed_dataset/Top/top071.jpg,Top
/content/stylemind-colab-prep/data/processed_dataset/Top/top072.jpg,Top
/content/stylemind-colab-prep/data/processed_dataset/Top/top073.jpg,Top
/content/stylemind-colab-prep/data/processed_dataset/Top/top074.jpg,Top
/content/stylemind-colab-prep/data/processed_dataset/Top/top075.jpg,Top
/content/stylemind-colab-prep/data/processed_dataset/Top/top076.jpg,Top
/content/stylemind-colab-prep/data/processed_dataset/Top/top077.jpg,Top
/content/stylemind-colab-prep/data/processed_dataset/Top/top078.jpg,Top
/content/stylemind-colab-prep/data/processed_dataset/Top/top079.jpg,Top
/content/stylemind-colab-prep/data/processed_dataset/Top/top080.jpg,Top
/content/stylemind-colab-prep/data/processed_dataset/Top/top081.jpg,Top
/content/stylemind-colab-prep/data/processed_dataset/Top/top082.jpg,Top
/content/stylemind-colab-prep/data/processed_dataset/Top/top083.jpg,Top
/content/stylemind-colab-prep/data/processed_dataset/Top/top084.jpg,Top
/content/stylemind-colab-prep/data/processed_dataset/Top/top085.jpg,Top
/content/stylemind-colab-prep/data/processed_dataset/Top/top086.jpg,Top
/content/stylemind-colab-prep/data/processed_dataset/Top/top087.jpg,Top
/content/stylemind-colab-prep/data/processed_dataset/Top/top088.jpg,Top
/content/stylemind-colab-prep/data/processed_dataset/Top/top089.jpg,Top
/content/stylemind-colab-prep/data/processed_dataset/Top/top090.jpg,Top
/content/stylemind-colab-prep/data/processed_dataset/Top/top091.jpg,Top
/content/stylemind-colab-prep/data/processed_dataset/Top/top092.jpg,Top
/content/stylemind-colab-prep/data/processed_dataset/Top/top093.jpg,Top
/content/stylemind-colab-prep/data/processed_dataset/Top/top094.jpg,Top
/content/stylemind-colab-prep/data/processed_dataset/Top/top095.jpg,Top
/content/stylemind-colab-prep/data/processed_dataset/Top/top096.jpg,Top
/content/stylemind-colab-prep/data/processed_dataset/Top/top097.jpg,Top
/content/stylemind-colab-prep/data/processed_dataset/Top/top098.jpg,Top
/content/stylemind-colab-prep/data/processed_dataset/Top/top099.jpg,Top
/content/stylemind-colab-prep/data/processed_dataset/Top/top100.jpg,Top
/content/stylemind-colab-prep/data/processed_dataset/Top/top101.jpg,Top
/content/stylemind-colab-prep/data/processed_dataset/Top/top102.jpg,Top
/content/stylemind-colab-prep/data/processed_dataset/Top/top103.jpg,Top
/content/stylemind-colab-prep/data/processed_dataset/Top/top104.jpg,Top
/content/stylemind-colab-prep/data/processed_dataset/Top/top105.jpg,Top
/content/stylemind-colab-prep/data/processed_dataset/Top/top106.jpg,Top
/content/stylemind-colab-prep/data/processed_dataset/Top/top107.jpg,Top
/content/stylemind-colab-prep/data/processed_dataset/Top/top108.jpg,Top
/content/stylemind-colab-prep/data/processed_dataset/Top/top109.jpg,Top
/content/stylemind-colab-prep/data/processed_dataset/Top/top110.jpg,Top
/content/stylemind-colab-prep/data/processed_dataset/Top/top111.jpg,Top
/content/stylemind-colab-prep/data/processed_dataset/Top/top112.jpg,Top
/content/stylemind-colab-prep/data/processed_dataset/Top/top113.jpg,Top
/content/stylemind-colab-prep/data/processed_dataset/Top/top114.jpg,Top
/content/stylemind-colab-prep/data/processed_dataset/Top/top115.jpg,Top
/content/stylemind-colab-prep/data/processed_dataset/Top/top116.jpg,Top
/content/stylemind-colab-prep/data/processed_dataset/Top/top117.jpg,Top
/content/stylemind-colab-prep/data/processed_dataset/Top/top118.jpg,Top
/content/stylemind-colab-prep/data/processed_dataset/Top/top119.jpg,Top
/content/stylemind-colab-prep/data/processed_dataset/Top/top120.jpg,Top
/content/stylemind-colab-prep/data/processed_dataset/Top/top121.jpg,Top
/content/stylemind-colab-prep/data/processed_dataset/Top/top122.jpg,Top
/content/stylemind-colab-prep/data/processed_dataset/Top/top123.jpg,Top
/content/stylemind-colab-prep/data/processed_dataset/Top/top124.jpg,Top
/content/stylemind-colab-prep/data/processed_dataset/Top/top125.jpg,Top
/content/stylemind-colab-prep/data/processed_dataset/Top/top126.jpg,Top
/content/stylemind-colab-prep/data/processed_dataset/Top/top127.jpg,Top
/content/stylemind-colab-prep/data/processed_dataset/Top/top128.jpg,Top
/content/stylemind-colab-prep/data/processed_dataset/Top/top129.jpg,Top
/content/stylemind-colab-prep/data/processed_dataset/Top/top130.jpg,Top
/content/stylemind-colab-prep/data/processed_dataset/Top/top131.jpg,Top
/content/stylemind-colab-prep/data/processed_dataset/Top/top132.jpg,Top
/content/stylemind-colab-prep/data/processed_dataset/Top/top133.jpg,Top
/content/stylemind-colab-prep/data/processed_dataset/Top/top134.jpg,Top
/content/stylemind-colab-prep/data/processed_dataset/Top/top135.jpg,Top
/content/stylemind-colab-prep/data/processed_dataset/Top/top136.jpg,Top
/content/stylemind-colab-prep/data/processed_dataset/Top/top137.jpg,Top
/content/stylemind-colab-prep/data/processed_dataset/Top/top138.jpg,Top
/content/stylemind-colab-prep/data/processed_dataset/Top/top139.jpg,Top
/content/stylemind-colab-prep/data/processed_dataset/Top/top140.jpg,Top
/content/stylemind-colab-prep/data/processed_dataset/Top/top141.jpg,Top
/content/stylemind-colab-prep/data/processed_dataset/Top/top142.jpg,Top
/content/stylemind-colab-prep/data/processed_dataset/Top/top143.jpg,Top
/content/stylemind-colab-prep/data/processed_dataset/Top/top144.jpg,Top
/content/stylemind-colab-prep/data/processed_dataset/Top/top145.jpg,Top
/content/stylemind-colab-prep/data/processed_dataset/Top/top146.jpg,Top
/content/stylemind-colab-prep/data/processed_dataset/Top/top147.jpg,Top
/content/stylemind-colab-prep/data/processed_dataset/Top/top148.jpg,Top
/content/stylemind-colab-prep/data/processed_dataset/Top/top149.jpg,Top
/content/stylemind-colab-prep/data/processed_dataset/Top/top150.jpg,Top
/content/stylemind-colab-prep/data/processed_dataset/Top/top151.jpg,Top
/content/stylemind-colab-prep/data/processed_dataset/Top/top152.jpg,Top
/content/stylemind-colab-prep/data/processed_dataset/Top/top153.jpg,Top
/content/stylemind-colab-prep/data/processed_dataset/Top/top154.jpg,Top
/content/stylemind-colab-prep/data/processed_dataset/Top/top155.jpg,Top
/content/stylemind-colab-prep/data/processed_dataset/Top/top156.jpg,Top
/content/stylemind-colab-prep/data/processed_dataset/Top/top157.jpg,Top
/content/stylemind-colab-prep/data/processed_dataset/Top/top158.jpg,Top
/content/stylemind-colab-prep/data/processed_dataset/Top/top159.jpg,Top
/content/stylemind-colab-prep/data/processed_dataset/Top/top160.jpg,Top
/content/stylemind-colab-prep/data/processed_dataset/Top/top161.jpg,Top
/content/stylemind-colab-prep/data/processed_dataset/Top/top162.jpg,Top
/content/stylemind-colab-prep/data/processed_dataset/Top/top163.jpg,Top
/content/stylemind-colab-prep/data/processed_dataset/Top/top164.jpg,Top
/content/stylemind-colab-prep/data/processed_dataset/Top/top165.jpg,Top
/content/stylemind-colab-prep/data/processed_dataset/Top/top166.jpg,Top
/content/stylemind-colab-prep/data/processed_dataset/Top/top167.jpg,Top
/content/stylemind-colab-prep/data/processed_dataset/Top/top168.jpg,Top
/content/stylemind-colab-prep/data/processed_dataset/Top/top169.jpg,Top
/content/stylemind-colab-prep/data/processed_dataset/Top/top170.jpg,Top
/content/stylemind-colab-prep/data/processed_dataset/Top/top171.jpg,Top
/content/stylemind-colab-prep/data/processed_dataset/Top/top172.jpg,Top
/content/stylemind-colab-prep/data/processed_dataset/Top/top173.jpg,Top
/content/stylemind-colab-prep/data/processed_dataset/Top/top174.jpg,Top
/content/stylemind-colab-prep/data/processed_dataset/Top/top175.jpg,Top
/content/stylemind-colab-prep/data/processed_dataset/Top/top176.jpg,Top
/content/stylemind-colab-prep/data/processed_dataset/Top/top177.jpg,Top
/content/stylemind-colab-prep/data/processed_dataset/Top/top178.jpg,Top
/content/stylemind-colab-prep/data/processed_dataset/Top/top179.jpg,Top
/content/stylemind-colab-prep/data/processed_dataset/Top/top180.jpg,Top
/content/stylemind-colab-prep/data/processed_dataset/Top/top181.jpg,Top
/content/stylemind-colab-prep/data/processed_dataset/Top/top182.jpg,Top
/content/stylemind-colab-prep/data/processed_dataset/Top/top183.jpg,Top
/content/stylemind-colab-prep/data/processed_dataset/Top/top184.jpg,Top
/content/stylemind-colab-prep/data/processed_dataset/Top/top185.jpg,Top
/content/stylemind-colab-prep/data/processed_dataset/Top/top186.jpg,Top
/content/stylemind-colab-prep/data/processed_dataset/Top/top187.jpg,Top
/content/stylemind-colab-prep/data/processed_dataset/Top/top188.jpg,Top
/content/stylemind-colab-prep/data/processed_dataset/Top/top189.jpg,Top
/content/stylemind-colab-prep/data/processed_dataset/Top/top190.jpg,Top
/content/stylemind-colab-prep/data/processed_dataset/Top/top191.jpg,Top
/content/stylemind-colab-prep/data/processed_dataset/Top/top192.jpg,Top
/content/stylemind-colab-prep/data/processed_dataset/Top/top193.jpg,Top
/content/stylemind-colab-prep/data/processed_dataset/Top/top194.jpg,Top
/content/stylemind-colab-prep/data/processed_dataset/Top/top195.jpg,Top
/content/stylemind-colab-prep/data/processed_dataset/Top/top196.jpg,Top
/content/stylemind-colab-prep/data/processed_dataset/Top/top197.jpg,Top
/content/stylemind-colab-prep/data/processed_dataset/Top/top198.jpg,Top
/content/stylemind-colab-prep/data/processed_dataset/Top/top199.jpg,Top
/content/stylemind-colab-prep/data/processed_dataset/Top/top200.jpg,Top
/content/stylemind-colab-prep/data/processed_dataset/Top/top201.jpg,Top
/content/stylemind-colab-prep/data/processed_dataset/Top/top202.jpg,Top
/content/stylemind-colab-prep/data/processed_dataset/Top/top203.jpg,Top
/content/stylemind-colab-prep/data/processed_dataset/Top/top204.jpg,Top
/content/stylemind-colab-prep/data/processed_dataset/Top/top205.jpg,Top
/content/stylemind-colab-prep/data/processed_dataset/Top/top206.jpg,Top
/content/stylemind-colab-prep/data/processed_dataset/Top/top207.jpg,Top
/content/stylemind-colab-prep/data/processed_dataset/Top/top208.jpg,Top
/content/stylemind-colab-prep/data/processed_dataset/Top/top209.jpg,Top
/content/stylemind-colab-prep/data/processed_dataset/Top/top210.jpg,Top
/content/stylemind-colab-prep/data/processed_dataset/Top/top211.jpg,Top
/content/stylemind-colab-prep/data/processed_dataset/Top/top212.jpg,Top
/content/stylemind-colab-prep/data/processed_dataset/Top/top213.jpg,Top
/content/stylemind-colab-prep/data/processed_dataset/Top/top214.jpg,Top
/content/stylemind-colab-prep/data/processed_dataset/Top/top215.jpg,Top
/content/stylemind-colab-prep/data/processed_dataset/Top/top216.jpg,Top
/content/stylemind-colab-prep/data/processed_dataset/Top/top217.jpg,Top
/content/stylemind-colab-prep/data/processed_dataset/Top/top218.jpg,Top
/content/stylemind-colab-prep/data/processed_dataset/Top/top219.jpg,Top
/content/stylemind-colab-prep/data/processed_dataset/Top/top220.jpg,Top
/content/stylemind-colab-prep/data/processed_dataset/Top/top221.jpg,Top
/content/stylemind-colab-prep/data/processed_dataset/Top/top222.jpg,Top
/content/stylemind-colab-prep/data/processed_dataset/Top/top223.jpg,Top
/content/stylemind-colab-prep/data/processed_dataset/Top/top224.jpg,Top
/content/stylemind-colab-prep/data/processed_dataset/Top/top225.jpg,Top
/content/stylemind-colab-prep/data/processed_dataset/Top/top226.jpg,Top
/content/stylemind-colab-prep/data/processed_dataset/Top/top227.jpg,Top
/content/stylemind-colab-prep/data/processed_dataset/Top/top228.jpg,Top
/content/stylemind-colab-prep/data/processed_dataset/Top/top229.jpg,Top
/content/stylemind-colab-prep/data/processed_dataset/Top/top230.jpg,Top
/content/stylemind-colab-prep/data/processed_dataset/Top/top231.jpg,Top
/content/stylemind-colab-prep/data/processed_dataset/Top/top232.jpg,Top
/content/stylemind-colab-prep/data/processed_dataset/Top/top233.jpg,Top
/content/stylemind-colab-prep/data/processed_dataset/Top/top234.jpg,Top
/content/stylemind-colab-prep/data/processed_dataset/Top/top235.jpg,Top
/content/stylemind-colab-prep/data/processed_dataset/Top/top236.jpg,Top
/content/stylemind-colab-prep/data/processed_dataset/Top/top237.jpg,Top
/content/stylemind-colab-prep/data/processed_dataset/Top/top238.jpg,Top
/content/stylemind-colab-prep/data/processed_dataset/Top/top239.jpg,Top
/content/stylemind-colab-prep/data/processed_dataset/Top/top240.jpg,Top
/content/stylemind-colab-prep/data/processed_dataset/Top/top241.jpg,Top
/content/stylemind-colab-prep/data/processed_dataset/Top/top242.jpg,Top
/content/stylemind-colab-prep/data/processed_dataset/Top/top243.jpg,Top
/content/stylemind-colab-prep/data/processed_dataset/Top/top244.jpg,Top
/content/stylemind-colab-prep/data/processed_dataset/Top/top245.jpg,Top
/content/stylemind-colab-prep/data/processed_dataset/Top/top246.jpg,Top
/content/stylemind-colab-prep/data/processed_dataset/Top/top247.jpg,Top
/content/stylemind-colab-prep/data/processed_dataset/Top/top248.jpg,Top
/content/stylemind-colab-prep/data/processed_dataset/Top/top249.jpg,Top
/content/stylemind-colab-prep/data/processed_dataset/Top/top250.jpg,Top
/content/stylemind-colab-prep/data/processed_dataset/Top/top251.jpg,Top
/content/stylemind-colab-prep/data/processed_dataset/Top/top252.jpg,Top
/content/stylemind-colab-prep/data/processed_dataset/Top/top253.jpg,Top
/content/stylemind-colab-prep/data/processed_dataset/Top/top254.jpg,Top
/content/stylemind-colab-prep/data/processed_dataset/Top/top255.jpg,Top
/content/stylemind-colab-prep/data/processed_dataset/Top/top256.jpg,Top
/content/stylemind-colab-prep/data/processed_dataset/Top/top257.jpg,Top
/content/stylemind-colab-prep/data/processed_dataset/Top/top258.jpg,Top
/content/stylemind-colab-prep/data/processed_dataset/Top/top259.jpg,Top
/content/stylemind-colab-prep/data/processed_dataset/Top/top260.jpg,Top
/content/stylemind-colab-prep/data/processed_dataset/Top/top261.jpg,Top
/content/stylemind-colab-prep/data/processed_dataset/Top/top262.jpg,Top
/content/stylemind-colab-prep/data/processed_dataset/Top/top263.jpg,Top
/content/stylemind-colab-prep/data/processed_dataset/Top/top264.jpg,Top
/content/stylemind-colab-prep/data/processed_dataset/Top/top265.jpg,Top
/content/stylemind-colab-prep/data/processed_dataset/Top/top266.jpg,Top
/content/stylemind-colab-prep/data/processed_dataset/Top/top267.jpg,Top
/content/stylemind-colab-prep/data/processed_dataset/Top/top268.jpg,Top
/content/stylemind-colab-prep/data/processed_dataset/Top/top269.jpg,Top
/content/stylemind-colab-prep/data/processed_dataset/Top/top270.jpg,Top
/content/stylemind-colab-prep/data/processed_dataset/Top/top271.jpg,Top
/content/stylemind-colab-prep/data/processed_dataset/Top/top272.jpg,Top
/content/stylemind-colab-prep/data/processed_dataset/Top/top273.jpg,Top
/content/stylemind-colab-prep/data/processed_dataset/Top/top274.jpg,Top
/content/stylemind-colab-prep/data/processed_dataset/Top/top275.jpg,Top
/content/stylemind-colab-prep/data/processed_dataset/Top/top276.jpg,Top
/content/stylemind-colab-prep/data/processed_dataset/Top/top277.jpg,Top
/content/stylemind-colab-prep/data/processed_dataset/Top/top278.jpg,Top
/content/stylemind-colab-prep/data/processed_dataset/Top/top279.jpg,Top
/content/stylemind-colab-prep/data/processed_dataset/Top/top280.jpg,Top
/content/stylemind-colab-prep/data/processed_dataset/Top/top281.jpg,Top
/content/stylemind-colab-prep/data/processed_dataset/Top/top282.jpg,Top
/content/stylemind-colab-prep/data/processed_dataset/Top/top283.jpg,Top
/content/stylemind-colab-prep/data/processed_dataset/Top/top284.jpg,Top
/content/stylemind-colab-prep/data/processed_dataset/Top/top285.jpg,Top
/content/stylemind-colab-prep/data/processed_dataset/Top/top286.jpg,Top
/content/stylemind-colab-prep/data/processed_dataset/Top/top287.jpg,Top
/content/stylemind-colab-prep/data/processed_dataset/Top/top288.jpg,Top
/content/stylemind-colab-prep/data/processed_dataset/Top/top289.jpg,Top
/content/stylemind-colab-prep/data/processed_dataset/Top/top290.jpg,Top
/content/stylemind-colab-prep/data/processed_dataset/Top/top291.jpg,Top
/content/stylemind-colab-prep/data/processed_dataset/Top/top292.jpg,Top
/content/stylemind-colab-prep/data/processed_dataset/Top/top293.jpg,Top
/content/stylemind-colab-prep/data/processed_dataset/Top/top294.jpg,Top
/content/stylemind-colab-prep/data/processed_dataset/Top/top295.jpg,Top
/content/stylemind-colab-prep/data/processed_dataset/Top/top296.jpg,Top
/content/stylemind-colab-prep/data/processed_dataset/Top/top297.jpg,Top
/content/stylemind-colab-prep/data/processed_dataset/Top/top298.jpg,Top
/content/stylemind-colab-prep/data/processed_dataset/Top/top299.jpg,Top
/content/stylemind-colab-prep/data/processed_dataset/Top/top300.jpg,Top
/content/stylemind-colab-prep/data/processed_dataset/Top/top301.jpg,Top
/content/stylemind-colab-prep/data/processed_dataset/Top/top302.jpg,Top
/content/stylemind-colab-prep/data/processed_dataset/Top/top303.jpg,Top
/content/stylemind-colab-prep/data/processed_dataset/Top/top304.jpg,Top
/content/stylemind-colab-prep/data/processed_dataset/Top/top305.jpg,Top
/content/stylemind-colab-prep/data/processed_dataset/Top/top306.jpg,Top
/content/stylemind-colab-prep/data/processed_dataset/Top/top307.jpg,Top
/content/stylemind-colab-prep/data/processed_dataset/Top/top308.jpg,Top
/content/stylemind-colab-prep/data/processed_dataset/Top/top309.jpg,Top
/content/stylemind-colab-prep/data/processed_dataset/Top/top310.jpg,Top
/content/stylemind-colab-prep/data/processed_dataset/Top/top311.jpg,Top
/content/stylemind-colab-prep/data/processed_dataset/Top/top312.jpg,Top
/content/stylemind-colab-prep/data/processed_dataset/Top/top313.jpg,Top
/content/stylemind-colab-prep/data/processed_dataset/Top/top314.jpg,Top
/content/stylemind-colab-prep/data/processed_dataset/Top/top315.jpg,Top
/content/stylemind-colab-prep/data/processed_dataset/Top/top316.jpg,Top
/content/stylemind-colab-prep/data/processed_dataset/Top/top317.jpg,Top
/content/stylemind-colab-prep/data/processed_dataset/Top/top318.jpg,Top
/content/stylemind-colab-prep/data/processed_dataset/Top/top319.jpg,Top
/content/stylemind-colab-prep/data/processed_dataset/Top/top320.jpg,Top
/content/stylemind-colab-prep/data/processed_dataset/Top/top321.jpg,Top
/content/stylemind-colab-prep/data/processed_dataset/Top/top322.jpg,Top
/content/stylemind-colab-prep/data/processed_dataset/Top/top323.jpg,Top
/content/stylemind-colab-prep/data/processed_dataset/Top/top324.jpg,Top
/content/stylemind-colab-prep/data/processed_dataset/Top/top325.jpg,Top
/content/stylemind-colab-prep/data/processed_dataset/Top/top326.jpg,Top
/content/stylemind-colab-prep/data/processed_dataset/Top/top327.jpg,Top
/content/stylemind-colab-prep/data/processed_dataset/Top/top328.jpg,Top
/content/stylemind-colab-prep/data/processed_dataset/Top/top329.jpg,Top
/content/stylemind-colab-prep/data/processed_dataset/Top/top330.jpg,Top
/content/stylemind-colab-prep/data/processed_dataset/Top/top331.jpg,Top
/content/stylemind-colab-prep/data/processed_dataset/Top/top332.jpg,Top
/content/stylemind-colab-prep/data/processed_dataset/Top/top333.jpg,Top
/content/stylemind-colab-prep/data/processed_dataset/Top/top334.jpg,Top
/content/stylemind-colab-prep/data/processed_dataset/Top/top335.jpg,Top
/content/stylemind-colab-prep/data/processed_dataset/Top/top336.jpg,Top
/content/stylemind-colab-prep/data/processed_dataset/Top/top337.jpg,Top
/content/stylemind-colab-prep/data/processed_dataset/Top/top338.jpg,Top
/content/stylemind-colab-prep/data/processed_dataset/Top/top339.jpg,Top
/content/stylemind-colab-prep/data/processed_dataset/Top/top340.jpg,Top
/content/stylemind-colab-prep/data/processed_dataset/Top/top341.jpg,Top
/content/stylemind-colab-prep/data/processed_dataset/Top/top342.jpg,Top
/content/stylemind-colab-prep/data/processed_dataset/Top/top343.jpg,Top
/content/stylemind-colab-prep/data/processed_dataset/Top/top344.jpg,Top
/content/stylemind-colab-prep/data/processed_dataset/Top/top345.jpg,Top
/content/stylemind-colab-prep/data/processed_dataset/Top/top346.jpg,Top
/content/stylemind-colab-prep/data/processed_dataset/Top/top347.jpg,Top
/content/stylemind-colab-prep/data/processed_dataset/Top/top348.jpg,Top
/content/stylemind-colab-prep/data/processed_dataset/Top/top349.jpg,Top
/content/stylemind-colab-prep/data/processed_dataset/Top/top350.jpg,Top
/content/stylemind-colab-prep/data/processed_dataset/Top/top351.jpg,Top
/content/stylemind-colab-prep/data/processed_dataset/Top/top352.jpg,Top
/content/stylemind-colab-prep/data/processed_dataset/Top/top353.jpg,Top
/content/stylemind-colab-prep/data/processed_dataset/Top/top354.jpg,Top
/content/stylemind-colab-prep/data/processed_dataset/Top/top355.jpg,Top
/content/stylemind-colab-prep/data/processed_dataset/Top/top356.jpg,Top
/content/stylemind-colab-prep/data/processed_dataset/Top/top357.jpg,Top
/content/stylemind-colab-prep/data/processed_dataset/Top/top358.jpg,Top
/content/stylemind-colab-prep/data/processed_dataset/Top/top359.jpg,Top
/content/stylemind-colab-prep/data/processed_dataset/Top/top360.jpg,Top
/content/stylemind-colab-prep/data/processed_dataset/Top/top361.jpg,Top
/content/stylemind-colab-prep/data/processed_dataset/Top/top362.jpg,Top
/content/stylemind-colab-prep/data/processed_dataset/Top/top363.jpg,Top
/content/stylemind-colab-prep/data/processed_dataset/Top/top364.jpg,Top
/content/stylemind-colab-prep/data/processed_dataset/Top/top365.jpg,Top
/content/stylemind-colab-prep/data/processed_dataset/Top/top366.jpg,Top
/content/stylemind-colab-prep/data/processed_dataset/Top/top367.jpg,Top
/content/stylemind-colab-prep/data/processed_dataset/Top/top368.jpg,Top
/content/stylemind-colab-prep/data/processed_dataset/Top/top369.jpg,Top
/content/stylemind-colab-prep/data/processed_dataset/Top/top370.jpg,Top
/content/stylemind-colab-prep/data/processed_dataset/Top/top371.jpg,Top
/content/stylemind-colab-prep/data/processed_dataset/Top/top372.jpg,Top
/content/stylemind-colab-prep/data/processed_dataset/Top/top373.jpg,Top
/content/stylemind-colab-prep/data/processed_dataset/Top/top374.jpg,Top
/content/stylemind-colab-prep/data/processed_dataset/Top/top375.jpg,Top
/content/stylemind-colab-prep/data/processed_dataset/Top/top376.jpg,Top
/content/stylemind-colab-prep/data/processed_dataset/Top/top377.jpg,Top
/content/stylemind-colab-prep/data/processed_dataset/Top/top378.jpg,Top
/content/stylemind-colab-prep/data/processed_dataset/Top/top379.jpg,Top
/content/stylemind-colab-prep/data/processed_dataset/Top/top380.jpg,Top
/content/stylemind-colab-prep/data/processed_dataset/Top/top381.jpg,Top
/content/stylemind-colab-prep/data/processed_dataset/Top/top382.jpg,Top
/content/stylemind-colab-prep/data/processed_dataset/Top/top383.jpg,Top
/content/stylemind-colab-prep/data/processed_dataset/Top/top384.jpg,Top
/content/stylemind-colab-prep/data/processed_dataset/Top/top385.jpg,Top
/content/stylemind-colab-prep/data/processed_dataset/Top/top386.jpg,Top
/content/stylemind-colab-prep/data/processed_dataset/Top/top387.jpg,Top
/content/stylemind-colab-prep/data/processed_dataset/Top/top388.jpg,Top
/content/stylemind-colab-prep/data/processed_dataset/Top/top389.jpg,Top
/content/stylemind-colab-prep/data/processed_dataset/Top/top390.jpg,Top
/content/stylemind-colab-prep/data/processed_dataset/Top/top391.jpg,Top
/content/stylemind-colab-prep/data/processed_dataset/Top/top392.jpg,Top
/content/stylemind-colab-prep/data/processed_dataset/Top/top393.jpg,Top
/content/stylemind-colab-prep/data/processed_dataset/Top/top394.jpg,Top
/content/stylemind-colab-prep/data/processed_dataset/Top/top395.jpg,Top
/content/stylemind-colab-prep/data/processed_dataset/Top/top396.jpg,Top
/content/stylemind-colab-prep/data/processed_dataset/Top/top397.jpg,Top
/content/stylemind-colab-prep/data/processed_dataset/Top/top398.jpg,Top
/content/stylemind-colab-prep/data/processed_dataset/Top/top399.jpg,Top
/content/stylemind-colab-prep/data/processed_dataset/Top/top400.jpg,Top
/content/stylemind-colab-prep/data/processed_dataset/Warmwear/winter001.jpg,Warmwear
/content/stylemind-colab-prep/data/processed_dataset/Warmwear/winter002.jpg,Warmwear
/content/stylemind-colab-prep/data/processed_dataset/Warmwear/winter003.jpg,Warmwear
/content/stylemind-colab-prep/data/processed_dataset/Warmwear/winter004.jpg,Warmwear
/content/stylemind-colab-prep/data/processed_dataset/Warmwear/winter005.jpg,Warmwear
/content/stylemind-colab-prep/data/processed_dataset/Warmwear/winter006.jpg,Warmwear
/content/stylemind-colab-prep/data/processed_dataset/Warmwear/winter007.jpg,Warmwear
/content/stylemind-colab-prep/data/processed_dataset/Warmwear/winter008.jpg,Warmwear
/content/stylemind-colab-prep/data/processed_dataset/Warmwear/winter009.jpg,Warmwear
/content/stylemind-colab-prep/data/processed_dataset/Warmwear/winter010.jpg,Warmwear
/content/stylemind-colab-prep/data/processed_dataset/Warmwear/winter011.jpg,Warmwear
/content/stylemind-colab-prep/data/processed_dataset/Warmwear/winter012.jpg,Warmwear
/content/stylemind-colab-prep/data/processed_dataset/Warmwear/winter013.jpg,Warmwear
/content/stylemind-colab-prep/data/processed_dataset/Warmwear/winter014.jpg,Warmwear
/content/stylemind-colab-prep/data/processed_dataset/Warmwear/winter015.jpg,Warmwear
/content/stylemind-colab-prep/data/processed_dataset/Warmwear/winter016.jpg,Warmwear
/content/stylemind-colab-prep/data/processed_dataset/Warmwear/winter017.jpg,Warmwear
/content/stylemind-colab-prep/data/processed_dataset/Warmwear/winter018.jpg,Warmwear
/content/stylemind-colab-prep/data/processed_dataset/Warmwear/winter019.jpg,Warmwear
/content/stylemind-colab-prep/data/processed_dataset/Warmwear/winter020.jpg,Warmwear
/content/stylemind-colab-prep/data/processed_dataset/Warmwear/winter021.jpg,Warmwear
/content/stylemind-colab-prep/data/processed_dataset/Warmwear/winter022.jpg,Warmwear
/content/stylemind-colab-prep/data/processed_dataset/Warmwear/winter023.jpg,Warmwear
/content/stylemind-colab-prep/data/processed_dataset/Warmwear/winter024.jpg,Warmwear
/content/stylemind-colab-prep/data/processed_dataset/Warmwear/winter025.jpg,Warmwear
/content/stylemind-colab-prep/data/processed_dataset/Warmwear/winter026.jpg,Warmwear
/content/stylemind-colab-prep/data/processed_dataset/Warmwear/winter027.jpg,Warmwear
/content/stylemind-colab-prep/data/processed_dataset/Warmwear/winter028.jpg,Warmwear
/content/stylemind-colab-prep/data/processed_dataset/Warmwear/winter029.jpg,Warmwear
/content/stylemind-colab-prep/data/processed_dataset/Warmwear/winter030.jpg,Warmwear
/content/stylemind-colab-prep/data/processed_dataset/Warmwear/winter031.jpg,Warmwear
/content/stylemind-colab-prep/data/processed_dataset/Warmwear/winter032.jpg,Warmwear
/content/stylemind-colab-prep/data/processed_dataset/Warmwear/winter033.jpg,Warmwear
/content/stylemind-colab-prep/data/processed_dataset/Warmwear/winter034.jpg,Warmwear
/content/stylemind-colab-prep/data/processed_dataset/Warmwear/winter035.jpg,Warmwear
/content/stylemind-colab-prep/data/processed_dataset/Warmwear/winter036.jpg,Warmwear
/content/stylemind-colab-prep/data/processed_dataset/Warmwear/winter037.jpg,Warmwear
/content/stylemind-colab-prep/data/processed_dataset/Warmwear/winter038.jpg,Warmwear
/content/stylemind-colab-prep/data/processed_dataset/Warmwear/winter039.jpg,Warmwear
/content/stylemind-colab-prep/data/processed_dataset/Warmwear/winter040.jpg,Warmwear
/content/stylemind-colab-prep/data/processed_dataset/Warmwear/winter041.jpg,Warmwear
/content/stylemind-colab-prep/data/processed_dataset/Warmwear/winter042.jpg,Warmwear
/content/stylemind-colab-prep/data/processed_dataset/Warmwear/winter043.jpg,Warmwear
/content/stylemind-colab-prep/data/processed_dataset/Warmwear/winter044.jpg,Warmwear
/content/stylemind-colab-prep/data/processed_dataset/Warmwear/winter045.jpg,Warmwear
/content/stylemind-colab-prep/data/processed_dataset/Warmwear/winter046.jpg,Warmwear
/content/stylemind-colab-prep/data/processed_dataset/Warmwear/winter047.jpg,Warmwear
/content/stylemind-colab-prep/data/processed_dataset/Warmwear/winter048.jpg,Warmwear
/content/stylemind-colab-prep/data/processed_dataset/Warmwear/winter049.jpg,Warmwear
/content/stylemind-colab-prep/data/processed_dataset/Warmwear/winter050.jpg,Warmwear
/content/stylemind-colab-prep/data/processed_dataset/Warmwear/winter051.jpg,Warmwear
/content/stylemind-colab-prep/data/processed_dataset/Warmwear/winter052.jpg,Warmwear
/content/stylemind-colab-prep/data/processed_dataset/Warmwear/winter053.jpg,Warmwear
/content/stylemind-colab-prep/data/processed_dataset/Warmwear/winter054.jpg,Warmwear
/content/stylemind-colab-prep/data/processed_dataset/Warmwear/winter055.jpg,Warmwear
/content/stylemind-colab-prep/data/processed_dataset/Warmwear/winter056.jpg,Warmwear
/content/stylemind-colab-prep/data/processed_dataset/Warmwear/winter057.jpg,Warmwear
/content/stylemind-colab-prep/data/processed_dataset/Warmwear/winter058.jpg,Warmwear
/content/stylemind-colab-prep/data/processed_dataset/Warmwear/winter059.jpg,Warmwear
/content/stylemind-colab-prep/data/processed_dataset/Warmwear/winter060.jpg,Warmwear
/content/stylemind-colab-prep/data/processed_dataset/Warmwear/winter061.jpg,Warmwear
/content/stylemind-colab-prep/data/processed_dataset/Warmwear/winter062.jpg,Warmwear
/content/stylemind-colab-prep/data/processed_dataset/Warmwear/winter063.jpg,Warmwear
/content/stylemind-colab-prep/data/processed_dataset/Warmwear/winter064.jpg,Warmwear
/content/stylemind-colab-prep/data/processed_dataset/Warmwear/winter065.jpg,Warmwear
/content/stylemind-colab-prep/data/processed_dataset/Warmwear/winter066.jpg,Warmwear
/content/stylemind-colab-prep/data/processed_dataset/Warmwear/winter067.jpg,Warmwear
/content/stylemind-colab-prep/data/processed_dataset/Warmwear/winter068.jpg,Warmwear
/content/stylemind-colab-prep/data/processed_dataset/Warmwear/winter069.jpg,Warmwear
/content/stylemind-colab-prep/data/processed_dataset/Warmwear/winter070.jpg,Warmwear
/content/stylemind-colab-prep/data/processed_dataset/Warmwear/winter071.jpg,Warmwear
/content/stylemind-colab-prep/data/processed_dataset/Warmwear/winter072.jpg,Warmwear
/content/stylemind-colab-prep/data/processed_dataset/Warmwear/winter073.jpg,Warmwear
/content/stylemind-colab-prep/data/processed_dataset/Warmwear/winter074.jpg,Warmwear
/content/stylemind-colab-prep/data/processed_dataset/Warmwear/winter075.jpg,Warmwear
/content/stylemind-colab-prep/data/processed_dataset/Warmwear/winter076.jpg,Warmwear
/content/stylemind-colab-prep/data/processed_dataset/Warmwear/winter077.jpg,Warmwear
/content/stylemind-colab-prep/data/processed_dataset/Warmwear/winter078.jpg,Warmwear
/content/stylemind-colab-prep/data/processed_dataset/Warmwear/winter079.jpg,Warmwear
/content/stylemind-colab-prep/data/processed_dataset/Warmwear/winter080.jpg,Warmwear
/content/stylemind-colab-prep/data/processed_dataset/Warmwear/winter081.jpg,Warmwear
/content/stylemind-colab-prep/data/processed_dataset/Warmwear/winter082.jpg,Warmwear
/content/stylemind-colab-prep/data/processed_dataset/Warmwear/winter083.jpg,Warmwear
/content/stylemind-colab-prep/data/processed_dataset/Warmwear/winter084.jpg,Warmwear
/content/stylemind-colab-prep/data/processed_dataset/Warmwear/winter085.jpg,Warmwear
/content/stylemind-colab-prep/data/processed_dataset/Warmwear/winter086.jpg,Warmwear
/content/stylemind-colab-prep/data/processed_dataset/Warmwear/winter087.jpg,Warmwear
/content/stylemind-colab-prep/data/processed_dataset/Warmwear/winter088.jpg,Warmwear
/content/stylemind-colab-prep/data/processed_dataset/Warmwear/winter089.jpg,Warmwear
/content/stylemind-colab-prep/data/processed_dataset/Warmwear/winter090.jpg,Warmwear
/content/stylemind-colab-prep/data/processed_dataset/Warmwear/winter091.jpg,Warmwear
/content/stylemind-colab-prep/data/processed_dataset/Warmwear/winter092.jpg,Warmwear
/content/stylemind-colab-prep/data/processed_dataset/Warmwear/winter093.jpg,Warmwear
/content/stylemind-colab-prep/data/processed_dataset/Warmwear/winter094.jpg,Warmwear
/content/stylemind-colab-prep/data/processed_dataset/Warmwear/winter095.jpg,Warmwear
/content/stylemind-colab-prep/data/processed_dataset/Warmwear/winter096.jpg,Warmwear
/content/stylemind-colab-prep/data/processed_dataset/Warmwear/winter097.jpg,Warmwear
/content/stylemind-colab-prep/data/processed_dataset/Warmwear/winter098.jpg,Warmwear
/content/stylemind-colab-prep/data/processed_dataset/Warmwear/winter099.jpg,Warmwear
/content/stylemind-colab-prep/data/processed_dataset/Warmwear/winter100.jpg,Warmwear
/content/stylemind-colab-prep/data/processed_dataset/Warmwear/winter101.jpg,Warmwear
/content/stylemind-colab-prep/data/processed_dataset/Warmwear/winter102.jpg,Warmwear
/content/stylemind-colab-prep/data/processed_dataset/Warmwear/winter103.jpg,Warmwear
/content/stylemind-colab-prep/data/processed_dataset/Warmwear/winter104.jpg,Warmwear
/content/stylemind-colab-prep/data/processed_dataset/Warmwear/winter105.jpg,Warmwear
/content/stylemind-colab-prep/data/processed_dataset/Warmwear/winter106.jpg,Warmwear
/content/stylemind-colab-prep/data/processed_dataset/Warmwear/winter107.jpg,Warmwear
/content/stylemind-colab-prep/data/processed_dataset/Warmwear/winter108.jpg,Warmwear
/content/stylemind-colab-prep/data/processed_dataset/Warmwear/winter109.jpg,Warmwear
/content/stylemind-colab-prep/data/processed_dataset/Warmwear/winter110.jpg,Warmwear
/content/stylemind-colab-prep/data/processed_dataset/Warmwear/winter111.jpg,Warmwear
/content/stylemind-colab-prep/data/processed_dataset/Warmwear/winter112.jpg,Warmwear
/content/stylemind-colab-prep/data/processed_dataset/Warmwear/winter113.jpg,Warmwear
/content/stylemind-colab-prep/data/processed_dataset/Warmwear/winter114.jpg,Warmwear
/content/stylemind-colab-prep/data/processed_dataset/Warmwear/winter115.jpg,Warmwear
/content/stylemind-colab-prep/data/processed_dataset/Warmwear/winter116.jpg,Warmwear
/content/stylemind-colab-prep/data/processed_dataset/Warmwear/winter117.jpg,Warmwear
/content/stylemind-colab-prep/data/processed_dataset/Warmwear/winter118.jpg,Warmwear
/content/stylemind-colab-prep/data/processed_dataset/Warmwear/winter119.jpg,Warmwear
/content/stylemind-colab-prep/data/processed_dataset/Warmwear/winter120.jpg,Warmwear
/content/stylemind-colab-prep/data/processed_dataset/Warmwear/winter121.jpg,Warmwear
/content/stylemind-colab-prep/data/processed_dataset/Warmwear/winter122.jpg,Warmwear
/content/stylemind-colab-prep/data/processed_dataset/Warmwear/winter123.jpg,Warmwear
/content/stylemind-colab-prep/data/processed_dataset/Warmwear/winter124.jpg,Warmwear
/content/stylemind-colab-prep/data/processed_dataset/Warmwear/winter125.jpg,Warmwear
/content/stylemind-colab-prep/data/processed_dataset/Warmwear/winter126.jpg,Warmwear
/content/stylemind-colab-prep/data/processed_dataset/Warmwear/winter127.jpg,Warmwear
/content/stylemind-colab-prep/data/processed_dataset/Warmwear/winter128.jpg,Warmwear
/content/stylemind-colab-prep/data/processed_dataset/Warmwear/winter129.jpg,Warmwear
/content/stylemind-colab-prep/data/processed_dataset/Warmwear/winter130.jpg,Warmwear
/content/stylemind-colab-prep/data/processed_dataset/Warmwear/winter131.jpg,Warmwear
/content/stylemind-colab-prep/data/processed_dataset/Warmwear/winter132.jpg,Warmwear
/content/stylemind-colab-prep/data/processed_dataset/Warmwear/winter133.jpg,Warmwear
/content/stylemind-colab-prep/data/processed_dataset/Warmwear/winter134.jpg,Warmwear
/content/stylemind-colab-prep/data/processed_dataset/Warmwear/winter135.jpg,Warmwear
/content/stylemind-colab-prep/data/processed_dataset/Warmwear/winter136.jpg,Warmwear
/content/stylemind-colab-prep/data/processed_dataset/Warmwear/winter137.jpg,Warmwear
/content/stylemind-colab-prep/data/processed_dataset/Warmwear/winter138.jpg,Warmwear
/content/stylemind-colab-prep/data/processed_dataset/Warmwear/winter139.jpg,Warmwear
/content/stylemind-colab-prep/data/processed_dataset/Warmwear/winter140.jpg,Warmwear
/content/stylemind-colab-prep/data/processed_dataset/Warmwear/winter141.jpg,Warmwear
/content/stylemind-colab-prep/data/processed_dataset/Warmwear/winter142.jpg,Warmwear
/content/stylemind-colab-prep/data/processed_dataset/Warmwear/winter143.jpg,Warmwear
/content/stylemind-colab-prep/data/processed_dataset/Warmwear/winter144.jpg,Warmwear
/content/stylemind-colab-prep/data/processed_dataset/Warmwear/winter145.jpg,Warmwear
/content/stylemind-colab-prep/data/processed_dataset/Warmwear/winter146.jpg,Warmwear
/content/stylemind-colab-prep/data/processed_dataset/Warmwear/winter147.jpg,Warmwear
/content/stylemind-colab-prep/data/processed_dataset/Warmwear/winter148.jpg,Warmwear
/content/stylemind-colab-prep/data/processed_dataset/Warmwear/winter149.jpg,Warmwear
/content/stylemind-colab-prep/data/processed_dataset/Warmwear/winter150.jpg,Warmwear
/content/stylemind-colab-prep/data/processed_dataset/Warmwear/winter151.jpg,Warmwear
/content/stylemind-colab-prep/data/processed_dataset/Warmwear/winter152.jpg,Warmwear
/content/stylemind-colab-prep/data/processed_dataset/Warmwear/winter153.jpg,Warmwear
/content/stylemind-colab-prep/data/processed_dataset/Warmwear/winter154.jpg,Warmwear
/content/stylemind-colab-prep/data/processed_dataset/Warmwear/winter155.jpg,Warmwear
/content/stylemind-colab-prep/data/processed_dataset/Warmwear/winter156.jpg,Warmwear
/content/stylemind-colab-prep/data/processed_dataset/Warmwear/winter157.jpg,Warmwear
/content/stylemind-colab-prep/data/processed_dataset/Warmwear/winter158.jpg,Warmwear
/content/stylemind-colab-prep/data/processed_dataset/Warmwear/winter159.jpg,Warmwear
/content/stylemind-colab-prep/data/processed_dataset/Warmwear/winter160.jpg,Warmwear
/content/stylemind-colab-prep/data/processed_dataset/Warmwear/winter161.jpg,Warmwear
/content/stylemind-colab-prep/data/processed_dataset/Warmwear/winter162.jpg,Warmwear
/content/stylemind-colab-prep/data/processed_dataset/Warmwear/winter163.jpg,Warmwear
/content/stylemind-colab-prep/data/processed_dataset/Warmwear/winter164.jpg,Warmwear
/content/stylemind-colab-prep/data/processed_dataset/Warmwear/winter165.jpg,Warmwear
/content/stylemind-colab-prep/data/processed_dataset/Warmwear/winter166.jpg,Warmwear
/content/stylemind-colab-prep/data/processed_dataset/Warmwear/winter167.jpg,Warmwear
/content/stylemind-colab-prep/data/processed_dataset/Warmwear/winter168.jpg,Warmwear
/content/stylemind-colab-prep/data/processed_dataset/Warmwear/winter169.jpg,Warmwear
/content/stylemind-colab-prep/data/processed_dataset/Warmwear/winter170.jpg,Warmwear
/content/stylemind-colab-prep/data/processed_dataset/Warmwear/winter171.jpg,Warmwear
/content/stylemind-colab-prep/data/processed_dataset/Warmwear/winter172.jpg,Warmwear
/content/stylemind-colab-prep/data/processed_dataset/Warmwear/winter173.jpg,Warmwear
/content/stylemind-colab-prep/data/processed_dataset/Warmwear/winter174.jpg,Warmwear
/content/stylemind-colab-prep/data/processed_dataset/Warmwear/winter175.jpg,Warmwear
/content/stylemind-colab-prep/data/processed_dataset/Warmwear/winter176.jpg,Warmwear
/content/stylemind-colab-prep/data/processed_dataset/Warmwear/winter177.jpg,Warmwear
/content/stylemind-colab-prep/data/processed_dataset/Warmwear/winter178.jpg,Warmwear
/content/stylemind-colab-prep/data/processed_dataset/Warmwear/winter179.jpg,Warmwear
/content/stylemind-colab-prep/data/processed_dataset/Warmwear/winter180.jpg,Warmwear
/content/stylemind-colab-prep/data/processed_dataset/Warmwear/winter181.jpg,Warmwear
/content/stylemind-colab-prep/data/processed_dataset/Warmwear/winter182.jpg,Warmwear
/content/stylemind-colab-prep/data/processed_dataset/Warmwear/winter183.jpg,Warmwear
/content/stylemind-colab-prep/data/processed_dataset/Warmwear/winter184.jpg,Warmwear
/content/stylemind-colab-prep/data/processed_dataset/Warmwear/winter185.jpg,Warmwear
/content/stylemind-colab-prep/data/processed_dataset/Warmwear/winter186.jpg,Warmwear
/content/stylemind-colab-prep/data/processed_dataset/Warmwear/winter187.jpg,Warmwear
/content/stylemind-colab-prep/data/processed_dataset/Warmwear/winter188.jpg,Warmwear
/content/stylemind-colab-prep/data/processed_dataset/Warmwear/winter189.jpg,Warmwear
/content/stylemind-colab-prep/data/processed_dataset/Warmwear/winter190.jpg,Warmwear
/content/stylemind-colab-prep/data/processed_dataset/Warmwear/winter191.jpg,Warmwear
/content/stylemind-colab-prep/data/processed_dataset/Warmwear/winter192.jpg,Warmwear
/content/stylemind-colab-prep/data/processed_dataset/Warmwear/winter193.jpg,Warmwear
/content/stylemind-colab-prep/data/processed_dataset/Warmwear/winter194.jpg,Warmwear
/content/stylemind-colab-prep/data/processed_dataset/Warmwear/winter195.jpg,Warmwear
/content/stylemind-colab-prep/data/processed_dataset/Warmwear/winter196.jpg,Warmwear
/content/stylemind-colab-prep/data/processed_dataset/Warmwear/winter197.jpg,Warmwear
/content/stylemind-colab-prep/data/processed_dataset/Warmwear/winter198.jpg,Warmwear
/content/stylemind-colab-prep/data/processed_dataset/Warmwear/winter199.jpg,Warmwear
/content/stylemind-colab-prep/data/processed_dataset/Warmwear/winter200.jpg,Warmwear
/content/stylemind-colab-prep/data/processed_dataset/Warmwear/winter201.jpg,Warmwear
/content/stylemind-colab-prep/data/processed_dataset/Warmwear/winter202.jpg,Warmwear
/content/stylemind-colab-prep/data/processed_dataset/Warmwear/winter203.jpg,Warmwear
/content/stylemind-colab-prep/data/processed_dataset/Warmwear/winter204.jpg,Warmwear
/content/stylemind-colab-prep/data/processed_dataset/Warmwear/winter205.jpg,Warmwear
/content/stylemind-colab-prep/data/processed_dataset/Warmwear/winter206.jpg,Warmwear
/content/stylemind-colab-prep/data/processed_dataset/Warmwear/winter207.jpg,Warmwear
/content/stylemind-colab-prep/data/processed_dataset/Warmwear/winter208.jpg,Warmwear
/content/stylemind-colab-prep/data/processed_dataset/Warmwear/winter209.jpg,Warmwear
/content/stylemind-colab-prep/data/processed_dataset/Warmwear/winter210.jpg,Warmwear
/content/stylemind-colab-prep/data/processed_dataset/Warmwear/winter211.jpg,Warmwear
/content/stylemind-colab-prep/data/processed_dataset/Warmwear/winter212.jpg,Warmwear
/content/stylemind-colab-prep/data/processed_dataset/Warmwear/winter213.jpg,Warmwear
/content/stylemind-colab-prep/data/processed_dataset/Warmwear/winter214.jpg,Warmwear
/content/stylemind-colab-prep/data/processed_dataset/Warmwear/winter215.jpg,Warmwear
/content/stylemind-colab-prep/data/processed_dataset/Warmwear/winter216.jpg,Warmwear
/content/stylemind-colab-prep/data/processed_dataset/Warmwear/winter217.jpg,Warmwear
/content/stylemind-colab-prep/data/processed_dataset/Warmwear/winter218.jpg,Warmwear
/content/stylemind-colab-prep/data/processed_dataset/Warmwear/winter219.jpg,Warmwear
/content/stylemind-colab-prep/data/processed_dataset/Warmwear/winter220.jpg,Warmwear
/content/stylemind-colab-prep/data/processed_dataset/Warmwear/winter221.jpg,Warmwear
/content/stylemind-colab-prep/data/processed_dataset/Warmwear/winter222.jpg,Warmwear
/content/stylemind-colab-prep/data/processed_dataset/Warmwear/winter223.jpg,Warmwear
/content/stylemind-colab-prep/data/processed_dataset/Warmwear/winter224.jpg,Warmwear
/content/stylemind-colab-prep/data/processed_dataset/Warmwear/winter225.jpg,Warmwear
/content/stylemind-colab-prep/data/processed_dataset/Warmwear/winter226.jpg,Warmwear
/content/stylemind-colab-prep/data/processed_dataset/Warmwear/winter227.jpg,Warmwear
/content/stylemind-colab-prep/data/processed_dataset/Warmwear/winter228.jpg,Warmwear
/content/stylemind-colab-prep/data/processed_dataset/Warmwear/winter229.jpg,Warmwear
/content/stylemind-colab-prep/data/processed_dataset/Warmwear/winter230.jpg,Warmwear
/content/stylemind-colab-prep/data/processed_dataset/Warmwear/winter231.jpg,Warmwear
/content/stylemind-colab-prep/data/processed_dataset/Warmwear/winter232.jpg,Warmwear
/content/stylemind-colab-prep/data/processed_dataset/Warmwear/winter233.jpg,Warmwear
/content/stylemind-colab-prep/data/processed_dataset/Warmwear/winter234.jpg,Warmwear
/content/stylemind-colab-prep/data/processed_dataset/Warmwear/winter235.jpg,Warmwear
/content/stylemind-colab-prep/data/processed_dataset/Warmwear/winter236.jpg,Warmwear
/content/stylemind-colab-prep/data/processed_dataset/Warmwear/winter237.jpg,Warmwear
/content/stylemind-colab-prep/data/processed_dataset/Warmwear/winter238.jpg,Warmwear
/content/stylemind-colab-prep/data/processed_dataset/Warmwear/winter239.jpg,Warmwear
/content/stylemind-colab-prep/data/processed_dataset/Warmwear/winter240.jpg,Warmwear
/content/stylemind-colab-prep/data/processed_dataset/Warmwear/winter241.jpg,Warmwear
/content/stylemind-colab-prep/data/processed_dataset/Warmwear/winter242.jpg,Warmwear
/content/stylemind-colab-prep/data/processed_dataset/Warmwear/winter243.jpg,Warmwear
/content/stylemind-colab-prep/data/processed_dataset/Warmwear/winter244.jpg,Warmwear
/content/stylemind-colab-prep/data/processed_dataset/Warmwear/winter245.jpg,Warmwear
/content/stylemind-colab-prep/data/processed_dataset/Warmwear/winter246.jpg,Warmwear
/content/stylemind-colab-prep/data/processed_dataset/Warmwear/winter247.jpg,Warmwear
/content/stylemind-colab-prep/data/processed_dataset/Warmwear/winter248.jpg,Warmwear
/content/stylemind-colab-prep/data/processed_dataset/Warmwear/winter249.jpg,Warmwear
/content/stylemind-colab-prep/data/processed_dataset/Warmwear/winter250.jpg,Warmwear
/content/stylemind-colab-prep/data/processed_dataset/Warmwear/winter251.jpg,Warmwear
/content/stylemind-colab-prep/data/processed_dataset/Warmwear/winter252.jpg,Warmwear
/content/stylemind-colab-prep/data/processed_dataset/Warmwear/winter253.jpg,Warmwear
/content/stylemind-colab-prep/data/processed_dataset/Warmwear/winter254.jpg,Warmwear
/content/stylemind-colab-prep/data/processed_dataset/Warmwear/winter255.jpg,Warmwear
/content/stylemind-colab-prep/data/processed_dataset/Warmwear/winter256.jpg,Warmwear
/content/stylemind-colab-prep/data/processed_dataset/Warmwear/winter257.jpg,Warmwear
/content/stylemind-colab-prep/data/processed_dataset/Warmwear/winter258.jpg,Warmwear
/content/stylemind-colab-prep/data/processed_dataset/Warmwear/winter259.jpg,Warmwear
/content/stylemind-colab-prep/data/processed_dataset/Warmwear/winter260.jpg,Warmwear
/content/stylemind-colab-prep/data/processed_dataset/Warmwear/winter261.jpg,Warmwear
/content/stylemind-colab-prep/data/processed_dataset/Warmwear/winter262.jpg,Warmwear
/content/stylemind-colab-prep/data/processed_dataset/Warmwear/winter263.jpg,Warmwear
/content/stylemind-colab-prep/data/processed_dataset/Warmwear/winter264.jpg,Warmwear
/content/stylemind-colab-prep/data/processed_dataset/Warmwear/winter265.jpg,Warmwear
/content/stylemind-colab-prep/data/processed_dataset/Warmwear/winter266.jpg,Warmwear
/content/stylemind-colab-prep/data/processed_dataset/Warmwear/winter267.jpg,Warmwear
/content/stylemind-colab-prep/data/processed_dataset/Warmwear/winter268.jpg,Warmwear
/content/stylemind-colab-prep/data/processed_dataset/Warmwear/winter269.jpg,Warmwear
/content/stylemind-colab-prep/data/processed_dataset/Warmwear/winter270.jpg,Warmwear
/content/stylemind-colab-prep/data/processed_dataset/Warmwear/winter271.jpg,Warmwear
/content/stylemind-colab-prep/data/processed_dataset/Warmwear/winter272.jpg,Warmwear
/content/stylemind-colab-prep/data/processed_dataset/Warmwear/winter273.jpg,Warmwear
/content/stylemind-colab-prep/data/processed_dataset/Warmwear/winter274.jpg,Warmwear
/content/stylemind-colab-prep/data/processed_dataset/Warmwear/winter275.jpg,Warmwear
/content/stylemind-colab-prep/data/processed_dataset/Warmwear/winter276.jpg,Warmwear
/content/stylemind-colab-prep/data/processed_dataset/Warmwear/winter277.jpg,Warmwear
/content/stylemind-colab-prep/data/processed_dataset/Warmwear/winter278.jpg,Warmwear
/content/stylemind-colab-prep/data/processed_dataset/Warmwear/winter279.jpg,Warmwear
/content/stylemind-colab-prep/data/processed_dataset/Warmwear/winter280.jpg,Warmwear
/content/stylemind-colab-prep/data/processed_dataset/Warmwear/winter281.jpg,Warmwear
/content/stylemind-colab-prep/data/processed_dataset/Warmwear/winter282.jpg,Warmwear
/content/stylemind-colab-prep/data/processed_dataset/Warmwear/winter283.jpg,Warmwear
/content/stylemind-colab-prep/data/processed_dataset/Warmwear/winter284.jpg,Warmwear
/content/stylemind-colab-prep/data/processed_dataset/Warmwear/winter285.jpg,Warmwear
/content/stylemind-colab-prep/data/processed_dataset/Warmwear/winter286.jpg,Warmwear
/content/stylemind-colab-prep/data/processed_dataset/Warmwear/winter287.jpg,Warmwear
/content/stylemind-colab-prep/data/processed_dataset/Warmwear/winter288.jpg,Warmwear
/content/stylemind-colab-prep/data/processed_dataset/Warmwear/winter289.jpg,Warmwear
/content/stylemind-colab-prep/data/processed_dataset/Warmwear/winter290.jpg,Warmwear
/content/stylemind-colab-prep/data/processed_dataset/Warmwear/winter291.jpg,Warmwear
/content/stylemind-colab-prep/data/processed_dataset/Warmwear/winter292.jpg,Warmwear
/content/stylemind-colab-prep/data/processed_dataset/Warmwear/winter293.jpg,Warmwear
/content/stylemind-colab-prep/data/processed_dataset/Warmwear/winter294.jpg,Warmwear
/content/stylemind-colab-prep/data/processed_dataset/Warmwear/winter295.jpg,Warmwear
/content/stylemind-colab-prep/data/processed_dataset/Warmwear/winter296.jpg,Warmwear
/content/stylemind-colab-prep/data/processed_dataset/Warmwear/winter297.jpg,Warmwear
/content/stylemind-colab-prep/data/processed_dataset/Warmwear/winter298.jpg,Warmwear
/content/stylemind-colab-prep/data/processed_dataset/Warmwear/winter299.jpg,Warmwear
/content/stylemind-colab-prep/data/processed_dataset/Warmwear/winter300.jpg,Warmwear
/content/stylemind-colab-prep/data/processed_dataset/Warmwear/winter301.jpg,Warmwear
/content/stylemind-colab-prep/data/processed_dataset/Warmwear/winter302.jpg,Warmwear
/content/stylemind-colab-prep/data/processed_dataset/Warmwear/winter303.jpg,Warmwear
/content/stylemind-colab-prep/data/processed_dataset/Warmwear/winter304.jpg,Warmwear
/content/stylemind-colab-prep/data/processed_dataset/Warmwear/winter305.jpg,Warmwear
/content/stylemind-colab-prep/data/processed_dataset/Warmwear/winter306.jpg,Warmwear
/content/stylemind-colab-prep/data/processed_dataset/Warmwear/winter307.jpg,Warmwear
/content/stylemind-colab-prep/data/processed_dataset/Warmwear/winter308.jpg,Warmwear
/content/stylemind-colab-prep/data/processed_dataset/Warmwear/winter309.jpg,Warmwear
/content/stylemind-colab-prep/data/processed_dataset/Warmwear/winter310.jpg,Warmwear
/content/stylemind-colab-prep/data/processed_dataset/Warmwear/winter311.jpg,Warmwear
/content/stylemind-colab-prep/data/processed_dataset/Warmwear/winter312.jpg,Warmwear
/content/stylemind-colab-prep/data/processed_dataset/Warmwear/winter313.jpg,Warmwear
/content/stylemind-colab-prep/data/processed_dataset/Warmwear/winter314.jpg,Warmwear
/content/stylemind-colab-prep/data/processed_dataset/Warmwear/winter315.jpg,Warmwear
/content/stylemind-colab-prep/data/processed_dataset/Warmwear/winter316.jpg,Warmwear
/content/stylemind-colab-prep/data/processed_dataset/Warmwear/winter317.jpg,Warmwear
/content/stylemind-colab-prep/data/processed_dataset/Warmwear/winter318.jpg,Warmwear
/content/stylemind-colab-prep/data/processed_dataset/Warmwear/winter319.jpg,Warmwear
/content/stylemind-colab-prep/data/processed_dataset/Warmwear/winter320.jpg,Warmwear
/content/stylemind-colab-prep/data/processed_dataset/Warmwear/winter321.jpg,Warmwear
/content/stylemind-colab-prep/data/processed_dataset/Warmwear/winter322.jpg,Warmwear
/content/stylemind-colab-prep/data/processed_dataset/Warmwear/winter323.jpg,Warmwear
/content/stylemind-colab-prep/data/processed_dataset/Warmwear/winter324.jpg,Warmwear
/content/stylemind-colab-prep/data/processed_dataset/Warmwear/winter325.jpg,Warmwear
/content/stylemind-colab-prep/data/processed_dataset/Warmwear/winter326.jpg,Warmwear
/content/stylemind-colab-prep/data/processed_dataset/Warmwear/winter327.jpg,Warmwear
/content/stylemind-colab-prep/data/processed_dataset/Warmwear/winter328.jpg,Warmwear
/content/stylemind-colab-prep/data/processed_dataset/Warmwear/winter329.jpg,Warmwear
/content/stylemind-colab-prep/data/processed_dataset/Warmwear/winter330.jpg,Warmwear
/content/stylemind-colab-prep/data/processed_dataset/Warmwear/winter331.jpg,Warmwear
/content/stylemind-colab-prep/data/processed_dataset/Warmwear/winter332.jpg,Warmwear
/content/stylemind-colab-prep/data/processed_dataset/Warmwear/winter333.jpg,Warmwear
/content/stylemind-colab-prep/data/processed_dataset/Warmwear/winter334.jpg,Warmwear
/content/stylemind-colab-prep/data/processed_dataset/Warmwear/winter335.jpg,Warmwear
/content/stylemind-colab-prep/data/processed_dataset/Warmwear/winter336.jpg,Warmwear
/content/stylemind-colab-prep/data/processed_dataset/Warmwear/winter337.jpg,Warmwear
/content/stylemind-colab-prep/data/processed_dataset/Warmwear/winter338.jpg,Warmwear
/content/stylemind-colab-prep/data/processed_dataset/Warmwear/winter339.jpg,Warmwear
/content/stylemind-colab-prep/data/processed_dataset/Warmwear/winter340.jpg,Warmwear
/content/stylemind-colab-prep/data/processed_dataset/Warmwear/winter341.jpg,Warmwear
/content/stylemind-colab-prep/data/processed_dataset/Warmwear/winter342.jpg,Warmwear
/content/stylemind-colab-prep/data/processed_dataset/Warmwear/winter343.jpg,Warmwear
/content/stylemind-colab-prep/data/processed_dataset/Warmwear/winter344.jpg,Warmwear
/content/stylemind-colab-prep/data/processed_dataset/Warmwear/winter345.jpg,Warmwear
/content/stylemind-colab-prep/data/processed_dataset/Warmwear/winter346.jpg,Warmwear
/content/stylemind-colab-prep/data/processed_dataset/Warmwear/winter347.jpg,Warmwear
/content/stylemind-colab-prep/data/processed_dataset/Warmwear/winter348.jpg,Warmwear
/content/stylemind-colab-prep/data/processed_dataset/Warmwear/winter349.jpg,Warmwear
/content/stylemind-colab-prep/data/processed_dataset/Warmwear/winter350.jpg,Warmwear
/content/stylemind-colab-prep/data/processed_dataset/Warmwear/winter351.jpg,Warmwear
/content/stylemind-colab-prep/data/processed_dataset/Warmwear/winter352.jpg,Warmwear
/content/stylemind-colab-prep/data/processed_dataset/Warmwear/winter353.jpg,Warmwear
/content/stylemind-colab-prep/data/processed_dataset/Warmwear/winter354.jpg,Warmwear
/content/stylemind-colab-prep/data/processed_dataset/Warmwear/winter355.jpg,Warmwear
/content/stylemind-colab-prep/data/processed_dataset/Warmwear/winter356.jpg,Warmwear
/content/stylemind-colab-prep/data/processed_dataset/Warmwear/winter357.jpg,Warmwear
/content/stylemind-colab-prep/data/processed_dataset/Warmwear/winter358.jpg,Warmwear
/content/stylemind-colab-prep/data/processed_dataset/Warmwear/winter359.jpg,Warmwear
/content/stylemind-colab-prep/data/processed_dataset/Warmwear/winter360.jpg,Warmwear
/content/stylemind-colab-prep/data/processed_dataset/Warmwear/winter361.jpg,Warmwear
/content/stylemind-colab-prep/data/processed_dataset/Warmwear/winter362.jpg,Warmwear
/content/stylemind-colab-prep/data/processed_dataset/Warmwear/winter363.jpg,Warmwear
/content/stylemind-colab-prep/data/processed_dataset/Warmwear/winter364.jpg,Warmwear
/content/stylemind-colab-prep/data/processed_dataset/Warmwear/winter365.jpg,Warmwear
/content/stylemind-colab-prep/data/processed_dataset/Warmwear/winter366.jpg,Warmwear
/content/stylemind-colab-prep/data/processed_dataset/Warmwear/winter367.jpg,Warmwear
/content/stylemind-colab-prep/data/processed_dataset/Warmwear/winter368.jpg,Warmwear
/content/stylemind-colab-prep/data/processed_dataset/Warmwear/winter369.jpg,Warmwear
/content/stylemind-colab-prep/data/processed_dataset/Warmwear/winter370.jpg,Warmwear
/content/stylemind-colab-prep/data/processed_dataset/Warmwear/winter371.jpg,Warmwear
/content/stylemind-colab-prep/data/processed_dataset/Warmwear/winter372.jpg,Warmwear
/content/stylemind-colab-prep/data/processed_dataset/Warmwear/winter373.jpg,Warmwear
/content/stylemind-colab-prep/data/processed_dataset/Warmwear/winter374.jpg,Warmwear
/content/stylemind-colab-prep/data/processed_dataset/Warmwear/winter375.jpg,Warmwear
/content/stylemind-colab-prep/data/processed_dataset/Warmwear/winter376.jpg,Warmwear
/content/stylemind-colab-prep/data/processed_dataset/Warmwear/winter377.jpg,Warmwear
/content/stylemind-colab-prep/data/processed_dataset/Warmwear/winter378.jpg,Warmwear
/content/stylemind-colab-prep/data/processed_dataset/Warmwear/winter379.jpg,Warmwear
/content/stylemind-colab-prep/data/processed_dataset/Warmwear/winter380.jpg,Warmwear
/content/stylemind-colab-prep/data/processed_dataset/Warmwear/winter381.jpg,Warmwear
/content/stylemind-colab-prep/data/processed_dataset/Warmwear/winter382.jpg,Warmwear
/content/stylemind-colab-prep/data/processed_dataset/Warmwear/winter383.jpg,Warmwear
/content/stylemind-colab-prep/data/processed_dataset/Warmwear/winter384.jpg,Warmwear
/content/stylemind-colab-prep/data/processed_dataset/Warmwear/winter385.jpg,Warmwear
/content/stylemind-colab-prep/data/processed_dataset/Warmwear/winter386.jpg,Warmwear
/content/stylemind-colab-prep/data/processed_dataset/Warmwear/winter387.jpg,Warmwear
/content/stylemind-colab-prep/data/processed_dataset/Warmwear/winter388.jpg,Warmwear
/content/stylemind-colab-prep/data/processed_dataset/Warmwear/winter389.jpg,Warmwear
/content/stylemind-colab-prep/data/processed_dataset/Warmwear/winter390.jpg,Warmwear
/content/stylemind-colab-prep/data/processed_dataset/Warmwear/winter391.jpg,Warmwear
/content/stylemind-colab-prep/data/processed_dataset/Warmwear/winter392.jpg,Warmwear
/content/stylemind-colab-prep/data/processed_dataset/Warmwear/winter393.jpg,Warmwear
/content/stylemind-colab-prep/data/processed_dataset/Warmwear/winter394.jpg,Warmwear
/content/stylemind-colab-prep/data/processed_dataset/Warmwear/winter395.jpg,Warmwear
/content/stylemind-colab-prep/data/processed_dataset/Warmwear/winter396.jpg,Warmwear
/content/stylemind-colab-prep/data/processed_dataset/Warmwear/winter397.jpg,Warmwear
/content/stylemind-colab-prep/data/processed_dataset/Warmwear/winter398.jpg,Warmwear
/content/stylemind-colab-prep/data/processed_dataset/Warmwear/winter399.jpg,Warmwear
/content/stylemind-colab-prep/data/processed_dataset/Warmwear/winter400.jpg,Warmwear
