filepath,category,texture,texture_confidence,season,season_confidence,season_gap,season_source
C:\Users\Lenovo\Desktop\StyleMind\stylemind-cnn-training-pipeline\data\processed_dataset\Dress\dress389.jpg,Dress,solid,0.2063,summer,0.2093,0.0415,clip
C:\Users\Lenovo\Desktop\StyleMind\stylemind-cnn-training-pipeline\data\processed_dataset\Formal_Pant\formal_pant106.jpg,Formal_Pant,solid,0.2148,summer,0.1652,0.0125,clip
C:\Users\Lenovo\Desktop\StyleMind\stylemind-cnn-training-pipeline\data\processed_dataset\Pants\pant401.jpg,Pants,graphic,0.1755,all-season,0.1396,0.0036,low_confidence_fallback
C:\Users\Lenovo\Desktop\StyleMind\stylemind-cnn-training-pipeline\data\processed_dataset\Warmwear\winter287.jpg,Warmwear,floral,0.2318,all-season,0.1923,0.0003,low_confidence_fallback
C:\Users\Lenovo\Desktop\StyleMind\stylemind-cnn-training-pipeline\data\processed_dataset\Shirt\shirt131.jpg,Shirt,solid,0.2606,summer,0.261,0.0657,clip
C:\Users\Lenovo\Desktop\StyleMind\stylemind-cnn-training-pipeline\data\processed_dataset\Warmwear\winter231.jpg,Warmwear,solid,0.2423,all-season,0.2475,0.0029,low_confidence_fallback
C:\Users\Lenovo\Desktop\StyleMind\stylemind-cnn-training-pipeline\data\processed_dataset\Pants\pant346.jpg,Pants,solid,0.2022,fall,0.1768,0.0232,clip
C:\Users\Lenovo\Desktop\StyleMind\stylemind-cnn-training-pipeline\data\processed_dataset\Shirt\shirt089.jpg,Shirt,solid,0.2355,all-season,0.2046,0.0086,low_confidence_fallback
C:\Users\Lenovo\Desktop\StyleMind\stylemind-cnn-training-pipeline\data\processed_dataset\Jacket\jacket136.jpg,Jacket,solid,0.2645,all-season,0.2577,0.008,low_confidence_fallback
C:\Users\Lenovo\Desktop\StyleMind\stylemind-cnn-training-pipeline\data\processed_dataset\Shorts\shorts327.jpg,Shorts,solid,0.1926,summer,0.192,0.0501,clip
C:\Users\Lenovo\Desktop\StyleMind\stylemind-cnn-training-pipeline\data\processed_dataset\Dress\dress070.jpg,Dress,pleated,0.1732,summer,0.1533,0.045,clip
C:\Users\Lenovo\Desktop\StyleMind\stylemind-cnn-training-pipeline\data\processed_dataset\Jacket\jacket058.jpg,Jacket,solid,0.1907,all-season,0.188,0.0067,low_confidence_fallback
C:\Users\Lenovo\Desktop\StyleMind\stylemind-cnn-training-pipeline\data\processed_dataset\Top\top106.jpg,Top,solid,0.1849,summer,0.1804,0.045,clip
C:\Users\Lenovo\Desktop\StyleMind\stylemind-cnn-training-pipeline\data\processed_dataset\Dress\dress226.jpg,Dress,pleated,0.2718,summer,0.2087,0.0472,clip
C:\Users\Lenovo\Desktop\StyleMind\stylemind-cnn-training-pipeline\data\processed_dataset\Dress\dress393.jpg,Dress,striped,0.2258,summer,0.1879,0.0834,clip
C:\Users\Lenovo\Desktop\StyleMind\stylemind-cnn-training-pipeline\data\processed_dataset\Top\top333.jpg,Top,floral,0.2764,summer,0.2432,0.0843,clip
C:\Users\Lenovo\Desktop\StyleMind\stylemind-cnn-training-pipeline\data\processed_dataset\Top\top100.jpg,Top,embroidered,0.2494,summer,0.2339,0.0544,clip
C:\Users\Lenovo\Desktop\StyleMind\stylemind-cnn-training-pipeline\data\processed_dataset\Skirt\skirt130.jpg,Skirt,pleated,0.2741,summer,0.2002,0.0253,clip
C:\Users\Lenovo\Desktop\StyleMind\stylemind-cnn-training-pipeline\data\processed_dataset\Jacket\jacket133.jpg,Jacket,solid,0.215,fall,0.2368,0.0416,clip
C:\Users\Lenovo\Desktop\StyleMind\stylemind-cnn-training-pipeline\data\processed_dataset\Formal_Pant\formal_pant258.jpg,Formal_Pant,solid,0.1778,summer,0.1438,0.0164,clip
C:\Users\Lenovo\Desktop\StyleMind\stylemind-cnn-training-pipeline\data\processed_dataset\Jacket\jacket337.jpg,Jacket,solid,0.1862,fall,0.2165,0.0191,clip
C:\Users\Lenovo\Desktop\StyleMind\stylemind-cnn-training-pipeline\data\processed_dataset\Pants\pant341.jpg,Pants,solid,0.1825,winter,0.1726,0.0123,clip
C:\Users\Lenovo\Desktop\StyleMind\stylemind-cnn-training-pipeline\data\processed_dataset\Warmwear\winter239.jpg,Warmwear,solid,0.2393,all-season,0.221,0.0003,low_confidence_fallback
C:\Users\Lenovo\Desktop\StyleMind\stylemind-cnn-training-pipeline\data\processed_dataset\Warmwear\winter264.jpg,Warmwear,checkered,0.2127,winter,0.2106,0.0264,clip
C:\Users\Lenovo\Desktop\StyleMind\stylemind-cnn-training-pipeline\data\processed_dataset\Top\top302.jpg,Top,solid,0.2357,summer,0.2302,0.066,clip
C:\Users\Lenovo\Desktop\StyleMind\stylemind-cnn-training-pipeline\data\processed_dataset\Skirt\skirt414.jpg,Skirt,pleated,0.2358,summer,0.1908,0.0126,clip
C:\Users\Lenovo\Desktop\StyleMind\stylemind-cnn-training-pipeline\data\processed_dataset\Jacket\jacket210.jpg,Jacket,solid,0.2441,winter,0.2808,0.0258,clip
C:\Users\Lenovo\Desktop\StyleMind\stylemind-cnn-training-pipeline\data\processed_dataset\Shirt\shirt343.jpg,Shirt,solid,0.2658,summer,0.2455,0.0787,clip
C:\Users\Lenovo\Desktop\StyleMind\stylemind-cnn-training-pipeline\data\processed_dataset\Pants\pant417.jpg,Pants,solid,0.1762,all-season,0.1496,0.0036,low_confidence_fallback
C:\Users\Lenovo\Desktop\StyleMind\stylemind-cnn-training-pipeline\data\processed_dataset\Blazer\blazer209.jpg,Blazer,solid,0.1731,fall,0.2184,0.0265,clip
C:\Users\Lenovo\Desktop\StyleMind\stylemind-cnn-training-pipeline\data\processed_dataset\Shorts\shorts364.jpg,Shorts,solid,0.2273,summer,0.2089,0.052,clip
C:\Users\Lenovo\Desktop\StyleMind\stylemind-cnn-training-pipeline\data\processed_dataset\Warmwear\winter163.jpg,Warmwear,solid,0.2128,all-season,0.1792,0.0011,low_confidence_fallback
C:\Users\Lenovo\Desktop\StyleMind\stylemind-cnn-training-pipeline\data\processed_dataset\Shorts\shorts282.jpg,Shorts,solid,0.1774,summer,0.185,0.0246,clip
C:\Users\Lenovo\Desktop\StyleMind\stylemind-cnn-training-pipeline\data\processed_dataset\Jacket\jacket348.jpg,Jacket,solid,0.2237,all-season,0.2192,0.0046,low_confidence_fallback
C:\Users\Lenovo\Desktop\StyleMind\stylemind-cnn-training-pipeline\data\processed_dataset\Shorts\shorts198.jpg,Shorts,solid,0.1761,summer,0.1743,0.0602,clip
C:\Users\Lenovo\Desktop\StyleMind\stylemind-cnn-training-pipeline\data\processed_dataset\Shirt\shirt020.jpg,Shirt,solid,0.257,summer,0.2167,0.0229,clip
C:\Users\Lenovo\Desktop\StyleMind\stylemind-cnn-training-pipeline\data\processed_dataset\Blazer\blazer001.jpg,Blazer,solid,0.2361,fall,0.2402,0.0299,clip
C:\Users\Lenovo\Desktop\StyleMind\stylemind-cnn-training-pipeline\data\processed_dataset\Formal_Pant\formal_pant170.jpg,Formal_Pant,solid,0.1685,all-season,0.1346,0.0016,low_confidence_fallback
C:\Users\Lenovo\Desktop\StyleMind\stylemind-cnn-training-pipeline\data\processed_dataset\Pants\pant385.jpg,Pants,solid,0.2231,fall,0.1806,0.02,clip
C:\Users\Lenovo\Desktop\StyleMind\stylemind-cnn-training-pipeline\data\processed_dataset\Top\top343.jpg,Top,embroidered,0.2092,summer,0.2107,0.0803,clip
C:\Users\Lenovo\Desktop\StyleMind\stylemind-cnn-training-pipeline\data\processed_dataset\Blazer\blazer038.jpg,Blazer,pleated,0.2203,fall,0.1832,0.0373,clip
C:\Users\Lenovo\Desktop\StyleMind\stylemind-cnn-training-pipeline\data\processed_dataset\Dress\dress395.jpg,Dress,pleated,0.2417,summer,0.23,0.0809,clip
C:\Users\Lenovo\Desktop\StyleMind\stylemind-cnn-training-pipeline\data\processed_dataset\Top\top293.jpg,Top,checkered,0.203,summer,0.2305,0.0834,clip
C:\Users\Lenovo\Desktop\StyleMind\stylemind-cnn-training-pipeline\data\processed_dataset\Shirt\shirt185.jpg,Shirt,solid,0.2629,summer,0.243,0.0235,clip
C:\Users\Lenovo\Desktop\StyleMind\stylemind-cnn-training-pipeline\data\processed_dataset\Shirt\shirt137.jpg,Shirt,solid,0.2436,summer,0.2704,0.0944,clip
C:\Users\Lenovo\Desktop\StyleMind\stylemind-cnn-training-pipeline\data\processed_dataset\Top\top337.jpg,Top,embroidered,0.2368,summer,0.2183,0.0698,clip
C:\Users\Lenovo\Desktop\StyleMind\stylemind-cnn-training-pipeline\data\processed_dataset\Shirt\shirt054.jpg,Shirt,striped,0.2776,summer,0.2168,0.0152,clip
C:\Users\Lenovo\Desktop\StyleMind\stylemind-cnn-training-pipeline\data\processed_dataset\Warmwear\winter138.jpg,Warmwear,solid,0.2536,all-season,0.231,0.0073,low_confidence_fallback
C:\Users\Lenovo\Desktop\StyleMind\stylemind-cnn-training-pipeline\data\processed_dataset\Shirt\shirt235.jpg,Shirt,striped,0.2668,fall,0.2077,0.0259,clip
C:\Users\Lenovo\Desktop\StyleMind\stylemind-cnn-training-pipeline\data\processed_dataset\Jacket\jacket322.jpg,Jacket,solid,0.1998,all-season,0.2077,0.0058,low_confidence_fallback
C:\Users\Lenovo\Desktop\StyleMind\stylemind-cnn-training-pipeline\data\processed_dataset\Jacket\jacket369.jpg,Jacket,solid,0.2298,all-season,0.245,0.0017,low_confidence_fallback
C:\Users\Lenovo\Desktop\StyleMind\stylemind-cnn-training-pipeline\data\processed_dataset\Shorts\shorts306.jpg,Shorts,solid,0.1653,summer,0.1394,0.043,clip
C:\Users\Lenovo\Desktop\StyleMind\stylemind-cnn-training-pipeline\data\processed_dataset\Blazer\blazer115.jpg,Blazer,embroidered,0.1904,fall,0.1999,0.0245,clip
C:\Users\Lenovo\Desktop\StyleMind\stylemind-cnn-training-pipeline\data\processed_dataset\Top\top078.jpg,Top,pleated,0.2444,summer,0.2251,0.0923,clip
C:\Users\Lenovo\Desktop\StyleMind\stylemind-cnn-training-pipeline\data\processed_dataset\Formal_Pant\formal_pant232.jpg,Formal_Pant,solid,0.2231,fall,0.2149,0.0313,clip
C:\Users\Lenovo\Desktop\StyleMind\stylemind-cnn-training-pipeline\data\processed_dataset\Shorts\shorts162.jpg,Shorts,solid,0.2342,summer,0.2008,0.0397,clip
C:\Users\Lenovo\Desktop\StyleMind\stylemind-cnn-training-pipeline\data\processed_dataset\Blazer\blazer359.jpg,Blazer,solid,0.2336,fall,0.2317,0.0315,clip
C:\Users\Lenovo\Desktop\StyleMind\stylemind-cnn-training-pipeline\data\processed_dataset\Shorts\shorts063.jpg,Shorts,solid,0.2096,summer,0.1971,0.0503,clip
C:\Users\Lenovo\Desktop\StyleMind\stylemind-cnn-training-pipeline\data\processed_dataset\Dress\dress173.jpg,Dress,floral,0.2509,summer,0.1756,0.0498,clip
C:\Users\Lenovo\Desktop\StyleMind\stylemind-cnn-training-pipeline\data\processed_dataset\Dress\dress007.jpg,Dress,floral,0.2448,summer,0.1446,0.0123,clip
C:\Users\Lenovo\Desktop\StyleMind\stylemind-cnn-training-pipeline\data\processed_dataset\Shirt\shirt313.jpg,Shirt,embroidered,0.2311,summer,0.1989,0.0371,clip
C:\Users\Lenovo\Desktop\StyleMind\stylemind-cnn-training-pipeline\data\processed_dataset\Pants\pant091.jpg,Pants,striped,0.2099,winter,0.1851,0.0101,clip
C:\Users\Lenovo\Desktop\StyleMind\stylemind-cnn-training-pipeline\data\processed_dataset\Skirt\skirt293.jpg,Skirt,pleated,0.2124,summer,0.1696,0.0376,clip
C:\Users\Lenovo\Desktop\StyleMind\stylemind-cnn-training-pipeline\data\processed_dataset\Top\top220.jpg,Top,solid,0.2631,summer,0.2187,0.0225,clip
C:\Users\Lenovo\Desktop\StyleMind\stylemind-cnn-training-pipeline\data\processed_dataset\Shorts\shorts218.jpg,Shorts,solid,0.2151,summer,0.1912,0.0644,clip
C:\Users\Lenovo\Desktop\StyleMind\stylemind-cnn-training-pipeline\data\processed_dataset\Formal_Pant\formal_pant174.jpg,Formal_Pant,solid,0.2347,all-season,0.1869,0.0066,low_confidence_fallback
C:\Users\Lenovo\Desktop\StyleMind\stylemind-cnn-training-pipeline\data\processed_dataset\Pants\pant132.jpg,Pants,solid,0.2321,summer,0.1939,0.0186,clip
C:\Users\Lenovo\Desktop\StyleMind\stylemind-cnn-training-pipeline\data\processed_dataset\Skirt\skirt217.jpg,Skirt,checkered,0.2621,all-season,0.1824,0.0094,low_confidence_fallback
C:\Users\Lenovo\Desktop\StyleMind\stylemind-cnn-training-pipeline\data\processed_dataset\Blazer\blazer324.jpg,Blazer,checkered,0.2287,fall,0.2185,0.0383,clip
C:\Users\Lenovo\Desktop\StyleMind\stylemind-cnn-training-pipeline\data\processed_dataset\Shorts\shorts204.jpg,Shorts,checkered,0.2379,summer,0.2011,0.0794,clip
C:\Users\Lenovo\Desktop\StyleMind\stylemind-cnn-training-pipeline\data\processed_dataset\Shirt\shirt080.jpg,Shirt,striped,0.2603,summer,0.2106,0.0116,clip
C:\Users\Lenovo\Desktop\StyleMind\stylemind-cnn-training-pipeline\data\processed_dataset\Skirt\skirt024.jpg,Skirt,solid,0.2277,summer,0.2246,0.0593,clip
C:\Users\Lenovo\Desktop\StyleMind\stylemind-cnn-training-pipeline\data\processed_dataset\Formal_Pant\formal_pant105.jpg,Formal_Pant,solid,0.2266,all-season,0.1797,0.0019,low_confidence_fallback
C:\Users\Lenovo\Desktop\StyleMind\stylemind-cnn-training-pipeline\data\processed_dataset\Shirt\shirt330.jpg,Shirt,solid,0.2657,summer,0.2052,0.0228,clip
C:\Users\Lenovo\Desktop\StyleMind\stylemind-cnn-training-pipeline\data\processed_dataset\Shirt\shirt357.jpg,Shirt,striped,0.2921,summer,0.2622,0.0595,clip
C:\Users\Lenovo\Desktop\StyleMind\stylemind-cnn-training-pipeline\data\processed_dataset\Skirt\skirt335.jpg,Skirt,pleated,0.2056,summer,0.1578,0.0118,clip
C:\Users\Lenovo\Desktop\StyleMind\stylemind-cnn-training-pipeline\data\processed_dataset\Dress\dress288.jpg,Dress,pleated,0.2084,summer,0.1497,0.0176,clip
C:\Users\Lenovo\Desktop\StyleMind\stylemind-cnn-training-pipeline\data\processed_dataset\Formal_Pant\formal_pant165.jpg,Formal_Pant,pleated,0.1937,fall,0.1638,0.0107,clip
C:\Users\Lenovo\Desktop\StyleMind\stylemind-cnn-training-pipeline\data\processed_dataset\Warmwear\winter214.jpg,Warmwear,solid,0.2525,winter,0.2355,0.0129,clip
C:\Users\Lenovo\Desktop\StyleMind\stylemind-cnn-training-pipeline\data\processed_dataset\Top\top231.jpg,Top,solid,0.2387,summer,0.233,0.0603,clip
C:\Users\Lenovo\Desktop\StyleMind\stylemind-cnn-training-pipeline\data\processed_dataset\Jacket\jacket426.jpg,Jacket,solid,0.1673,winter,0.2204,0.0209,clip
C:\Users\Lenovo\Desktop\StyleMind\stylemind-cnn-training-pipeline\data\processed_dataset\Dress\dress020.jpg,Dress,solid,0.1841,summer,0.2141,0.0874,clip
C:\Users\Lenovo\Desktop\StyleMind\stylemind-cnn-training-pipeline\data\processed_dataset\Blazer\blazer362.jpg,Blazer,solid,0.2167,fall,0.2342,0.0372,clip
C:\Users\Lenovo\Desktop\StyleMind\stylemind-cnn-training-pipeline\data\processed_dataset\Blazer\blazer117.jpg,Blazer,solid,0.2514,fall,0.2606,0.0413,clip
C:\Users\Lenovo\Desktop\StyleMind\stylemind-cnn-training-pipeline\data\processed_dataset\Formal_Pant\formal_pant055.jpg,Formal_Pant,solid,0.1981,all-season,0.1615,0.0033,low_confidence_fallback
C:\Users\Lenovo\Desktop\StyleMind\stylemind-cnn-training-pipeline\data\processed_dataset\Formal_Pant\formal_pant129.jpg,Formal_Pant,solid,0.2079,all-season,0.1531,0.0018,low_confidence_fallback
C:\Users\Lenovo\Desktop\StyleMind\stylemind-cnn-training-pipeline\data\processed_dataset\Dress\dress305.jpg,Dress,embroidered,0.2083,summer,0.1585,0.0475,clip
C:\Users\Lenovo\Desktop\StyleMind\stylemind-cnn-training-pipeline\data\processed_dataset\Dress\dress263.jpg,Dress,solid,0.1775,summer,0.1757,0.0476,clip
C:\Users\Lenovo\Desktop\StyleMind\stylemind-cnn-training-pipeline\data\processed_dataset\Warmwear\winter310.jpg,Warmwear,embroidered,0.1757,all-season,0.1593,0.0063,low_confidence_fallback
C:\Users\Lenovo\Desktop\StyleMind\stylemind-cnn-training-pipeline\data\processed_dataset\Top\top248.jpg,Top,pleated,0.2262,summer,0.2238,0.0668,clip
C:\Users\Lenovo\Desktop\StyleMind\stylemind-cnn-training-pipeline\data\processed_dataset\Shirt\shirt017.jpg,Shirt,striped,0.2427,summer,0.2194,0.0765,clip
C:\Users\Lenovo\Desktop\StyleMind\stylemind-cnn-training-pipeline\data\processed_dataset\Pants\pant437.jpg,Pants,solid,0.2001,all-season,0.1625,0.0023,low_confidence_fallback
C:\Users\Lenovo\Desktop\StyleMind\stylemind-cnn-training-pipeline\data\processed_dataset\Blazer\blazer282.jpg,Blazer,embroidered,0.229,fall,0.2267,0.052,clip
C:\Users\Lenovo\Desktop\StyleMind\stylemind-cnn-training-pipeline\data\processed_dataset\Formal_Pant\formal_pant332.jpg,Formal_Pant,pleated,0.2314,all-season,0.1731,0.0005,low_confidence_fallback
C:\Users\Lenovo\Desktop\StyleMind\stylemind-cnn-training-pipeline\data\processed_dataset\Warmwear\winter127.jpg,Warmwear,striped,0.2243,winter,0.1945,0.0156,clip
C:\Users\Lenovo\Desktop\StyleMind\stylemind-cnn-training-pipeline\data\processed_dataset\Shorts\shorts416.jpg,Shorts,embroidered,0.1671,summer,0.1554,0.025,clip
C:\Users\Lenovo\Desktop\StyleMind\stylemind-cnn-training-pipeline\data\processed_dataset\Shorts\shorts239.jpg,Shorts,solid,0.1857,all-season,0.1564,0.0026,low_confidence_fallback
C:\Users\Lenovo\Desktop\StyleMind\stylemind-cnn-training-pipeline\data\processed_dataset\Dress\dress360.jpg,Dress,graphic,0.1562,summer,0.1404,0.0271,clip
C:\Users\Lenovo\Desktop\StyleMind\stylemind-cnn-training-pipeline\data\processed_dataset\Top\top391.jpg,Top,pleated,0.2782,summer,0.2473,0.0542,clip
C:\Users\Lenovo\Desktop\StyleMind\stylemind-cnn-training-pipeline\data\processed_dataset\Shirt\shirt190.jpg,Shirt,solid,0.2589,summer,0.2007,0.0103,clip
C:\Users\Lenovo\Desktop\StyleMind\stylemind-cnn-training-pipeline\data\processed_dataset\Top\top133.jpg,Top,floral,0.2735,summer,0.2307,0.0685,clip
C:\Users\Lenovo\Desktop\StyleMind\stylemind-cnn-training-pipeline\data\processed_dataset\Pants\pant137.jpg,Pants,solid,0.2009,summer,0.1711,0.0152,clip
C:\Users\Lenovo\Desktop\StyleMind\stylemind-cnn-training-pipeline\data\processed_dataset\Pants\pant268.jpg,Pants,solid,0.2159,all-season,0.1752,0.0097,low_confidence_fallback
C:\Users\Lenovo\Desktop\StyleMind\stylemind-cnn-training-pipeline\data\processed_dataset\Pants\pant120.jpg,Pants,solid,0.2001,winter,0.1737,0.0186,clip
C:\Users\Lenovo\Desktop\StyleMind\stylemind-cnn-training-pipeline\data\processed_dataset\Shorts\shorts077.jpg,Shorts,solid,0.2367,summer,0.2289,0.0561,clip
C:\Users\Lenovo\Desktop\StyleMind\stylemind-cnn-training-pipeline\data\processed_dataset\Skirt\skirt380.jpg,Skirt,solid,0.2076,summer,0.2057,0.043,clip
C:\Users\Lenovo\Desktop\StyleMind\stylemind-cnn-training-pipeline\data\processed_dataset\Jacket\jacket051.jpg,Jacket,solid,0.1903,fall,0.1858,0.0386,clip
C:\Users\Lenovo\Desktop\StyleMind\stylemind-cnn-training-pipeline\data\processed_dataset\Shirt\shirt110.jpg,Shirt,solid,0.2773,summer,0.2258,0.0304,clip
C:\Users\Lenovo\Desktop\StyleMind\stylemind-cnn-training-pipeline\data\processed_dataset\Warmwear\winter121.jpg,Warmwear,solid,0.2219,fall,0.2541,0.0296,clip
C:\Users\Lenovo\Desktop\StyleMind\stylemind-cnn-training-pipeline\data\processed_dataset\Pants\pant045.jpg,Pants,solid,0.1884,all-season,0.1694,0.0005,low_confidence_fallback
C:\Users\Lenovo\Desktop\StyleMind\stylemind-cnn-training-pipeline\data\processed_dataset\Top\top143.jpg,Top,pleated,0.2166,summer,0.228,0.0837,clip
C:\Users\Lenovo\Desktop\StyleMind\stylemind-cnn-training-pipeline\data\processed_dataset\Formal_Pant\formal_pant351.jpg,Formal_Pant,solid,0.21,all-season,0.1814,0.0069,low_confidence_fallback
C:\Users\Lenovo\Desktop\StyleMind\stylemind-cnn-training-pipeline\data\processed_dataset\Skirt\skirt257.jpg,Skirt,solid,0.192,all-season,0.1422,0.0003,low_confidence_fallback
C:\Users\Lenovo\Desktop\StyleMind\stylemind-cnn-training-pipeline\data\processed_dataset\Blazer\blazer197.jpg,Blazer,solid,0.2229,fall,0.2151,0.0116,clip
C:\Users\Lenovo\Desktop\StyleMind\stylemind-cnn-training-pipeline\data\processed_dataset\Pants\pant347.jpg,Pants,solid,0.1923,all-season,0.1513,0.0043,low_confidence_fallback
C:\Users\Lenovo\Desktop\StyleMind\stylemind-cnn-training-pipeline\data\processed_dataset\Dress\dress256.jpg,Dress,solid,0.2884,winter,0.293,0.0419,clip
C:\Users\Lenovo\Desktop\StyleMind\stylemind-cnn-training-pipeline\data\processed_dataset\Blazer\blazer430.jpg,Blazer,solid,0.2251,fall,0.2384,0.0234,clip
C:\Users\Lenovo\Desktop\StyleMind\stylemind-cnn-training-pipeline\data\processed_dataset\Shorts\shorts055.jpg,Shorts,solid,0.1751,summer,0.1735,0.0205,clip
C:\Users\Lenovo\Desktop\StyleMind\stylemind-cnn-training-pipeline\data\processed_dataset\Dress\dress328.jpg,Dress,solid,0.214,summer,0.195,0.0353,clip
C:\Users\Lenovo\Desktop\StyleMind\stylemind-cnn-training-pipeline\data\processed_dataset\Warmwear\winter384.jpg,Warmwear,solid,0.2098,winter,0.2175,0.0262,clip
C:\Users\Lenovo\Desktop\StyleMind\stylemind-cnn-training-pipeline\data\processed_dataset\Warmwear\winter356.jpg,Warmwear,graphic,0.172,winter,0.1537,0.0343,clip
C:\Users\Lenovo\Desktop\StyleMind\stylemind-cnn-training-pipeline\data\processed_dataset\Pants\pant119.jpg,Pants,solid,0.2109,all-season,0.1705,0.0065,low_confidence_fallback
C:\Users\Lenovo\Desktop\StyleMind\stylemind-cnn-training-pipeline\data\processed_dataset\Pants\pant290.jpg,Pants,solid,0.1653,all-season,0.134,0.0074,low_confidence_fallback
C:\Users\Lenovo\Desktop\StyleMind\stylemind-cnn-training-pipeline\data\processed_dataset\Shirt\shirt192.jpg,Shirt,solid,0.2759,summer,0.2264,0.0183,clip
C:\Users\Lenovo\Desktop\StyleMind\stylemind-cnn-training-pipeline\data\processed_dataset\Top\top190.jpg,Top,floral,0.2169,summer,0.2325,0.0903,clip
C:\Users\Lenovo\Desktop\StyleMind\stylemind-cnn-training-pipeline\data\processed_dataset\Skirt\skirt348.jpg,Skirt,pleated,0.2131,summer,0.1791,0.0195,clip
C:\Users\Lenovo\Desktop\StyleMind\stylemind-cnn-training-pipeline\data\processed_dataset\Shorts\shorts300.jpg,Shorts,solid,0.1777,summer,0.15,0.0114,clip
C:\Users\Lenovo\Desktop\StyleMind\stylemind-cnn-training-pipeline\data\processed_dataset\Pants\pant384.jpg,Pants,solid,0.2084,all-season,0.1628,0.0001,low_confidence_fallback
C:\Users\Lenovo\Desktop\StyleMind\stylemind-cnn-training-pipeline\data\processed_dataset\Formal_Pant\formal_pant266.jpg,Formal_Pant,solid,0.1921,all-season,0.1686,0.0079,low_confidence_fallback
C:\Users\Lenovo\Desktop\StyleMind\stylemind-cnn-training-pipeline\data\processed_dataset\Shorts\shorts366.jpg,Shorts,solid,0.1889,summer,0.1575,0.0134,clip
C:\Users\Lenovo\Desktop\StyleMind\stylemind-cnn-training-pipeline\data\processed_dataset\Jacket\jacket184.jpg,Jacket,solid,0.2091,all-season,0.2165,0.0074,low_confidence_fallback
C:\Users\Lenovo\Desktop\StyleMind\stylemind-cnn-training-pipeline\data\processed_dataset\Shorts\shorts083.jpg,Shorts,solid,0.2041,all-season,0.1681,0.0061,low_confidence_fallback
C:\Users\Lenovo\Desktop\StyleMind\stylemind-cnn-training-pipeline\data\processed_dataset\Top\top199.jpg,Top,solid,0.2496,summer,0.231,0.0434,clip
C:\Users\Lenovo\Desktop\StyleMind\stylemind-cnn-training-pipeline\data\processed_dataset\Formal_Pant\formal_pant230.jpg,Formal_Pant,solid,0.2188,summer,0.1927,0.0137,clip
C:\Users\Lenovo\Desktop\StyleMind\stylemind-cnn-training-pipeline\data\processed_dataset\Warmwear\winter195.jpg,Warmwear,graphic,0.2133,all-season,0.1599,0.005,low_confidence_fallback
C:\Users\Lenovo\Desktop\StyleMind\stylemind-cnn-training-pipeline\data\processed_dataset\Jacket\jacket182.jpg,Jacket,solid,0.1318,all-season,0.1419,0.0033,low_confidence_fallback
C:\Users\Lenovo\Desktop\StyleMind\stylemind-cnn-training-pipeline\data\processed_dataset\Pants\pant252.jpg,Pants,solid,0.1857,winter,0.1568,0.0153,clip
C:\Users\Lenovo\Desktop\StyleMind\stylemind-cnn-training-pipeline\data\processed_dataset\Pants\pant240.jpg,Pants,solid,0.2271,fall,0.1943,0.0195,clip
C:\Users\Lenovo\Desktop\StyleMind\stylemind-cnn-training-pipeline\data\processed_dataset\Skirt\skirt138.jpg,Skirt,floral,0.1908,summer,0.1485,0.0275,clip
C:\Users\Lenovo\Desktop\StyleMind\stylemind-cnn-training-pipeline\data\processed_dataset\Dress\dress097.jpg,Dress,pleated,0.1663,summer,0.1305,0.0252,clip
C:\Users\Lenovo\Desktop\StyleMind\stylemind-cnn-training-pipeline\data\processed_dataset\Skirt\skirt400.jpg,Skirt,pleated,0.227,summer,0.2044,0.0453,clip
C:\Users\Lenovo\Desktop\StyleMind\stylemind-cnn-training-pipeline\data\processed_dataset\Skirt\skirt383.jpg,Skirt,solid,0.2293,all-season,0.182,0.0087,low_confidence_fallback
C:\Users\Lenovo\Desktop\StyleMind\stylemind-cnn-training-pipeline\data\processed_dataset\Formal_Pant\formal_pant199.jpg,Formal_Pant,solid,0.2122,all-season,0.1679,0.0063,low_confidence_fallback
C:\Users\Lenovo\Desktop\StyleMind\stylemind-cnn-training-pipeline\data\processed_dataset\Warmwear\winter259.jpg,Warmwear,solid,0.2176,winter,0.241,0.0475,clip
C:\Users\Lenovo\Desktop\StyleMind\stylemind-cnn-training-pipeline\data\processed_dataset\Blazer\blazer156.jpg,Blazer,embroidered,0.2216,fall,0.1922,0.0354,clip
C:\Users\Lenovo\Desktop\StyleMind\stylemind-cnn-training-pipeline\data\processed_dataset\Skirt\skirt250.jpg,Skirt,pleated,0.2167,all-season,0.1792,0.0093,low_confidence_fallback
C:\Users\Lenovo\Desktop\StyleMind\stylemind-cnn-training-pipeline\data\processed_dataset\Shorts\shorts123.jpg,Shorts,solid,0.1917,summer,0.1911,0.0326,clip
C:\Users\Lenovo\Desktop\StyleMind\stylemind-cnn-training-pipeline\data\processed_dataset\Jacket\jacket329.jpg,Jacket,solid,0.2031,all-season,0.1991,0.0007,low_confidence_fallback
C:\Users\Lenovo\Desktop\StyleMind\stylemind-cnn-training-pipeline\data\processed_dataset\Shorts\shorts059.jpg,Shorts,solid,0.2338,summer,0.1886,0.0512,clip
C:\Users\Lenovo\Desktop\StyleMind\stylemind-cnn-training-pipeline\data\processed_dataset\Warmwear\winter075.jpg,Warmwear,striped,0.2542,all-season,0.2161,0.0044,low_confidence_fallback
C:\Users\Lenovo\Desktop\StyleMind\stylemind-cnn-training-pipeline\data\processed_dataset\Shirt\shirt087.jpg,Shirt,striped,0.2679,summer,0.2223,0.034,clip
C:\Users\Lenovo\Desktop\StyleMind\stylemind-cnn-training-pipeline\data\processed_dataset\Skirt\skirt015.jpg,Skirt,floral,0.26,summer,0.1851,0.0213,clip
C:\Users\Lenovo\Desktop\StyleMind\stylemind-cnn-training-pipeline\data\processed_dataset\Formal_Pant\formal_pant356.jpg,Formal_Pant,solid,0.2151,summer,0.1826,0.0144,clip
C:\Users\Lenovo\Desktop\StyleMind\stylemind-cnn-training-pipeline\data\processed_dataset\Shirt\shirt132.jpg,Shirt,solid,0.2697,summer,0.2689,0.0769,clip
C:\Users\Lenovo\Desktop\StyleMind\stylemind-cnn-training-pipeline\data\processed_dataset\Warmwear\winter145.jpg,Warmwear,solid,0.235,all-season,0.2125,0.0027,low_confidence_fallback
C:\Users\Lenovo\Desktop\StyleMind\stylemind-cnn-training-pipeline\data\processed_dataset\Shorts\shorts319.jpg,Shorts,embroidered,0.2378,summer,0.2086,0.0588,clip
C:\Users\Lenovo\Desktop\StyleMind\stylemind-cnn-training-pipeline\data\processed_dataset\Dress\dress270.jpg,Dress,solid,0.2179,summer,0.1718,0.0154,clip
C:\Users\Lenovo\Desktop\StyleMind\stylemind-cnn-training-pipeline\data\processed_dataset\Warmwear\winter085.jpg,Warmwear,solid,0.2159,winter,0.2206,0.0421,clip
C:\Users\Lenovo\Desktop\StyleMind\stylemind-cnn-training-pipeline\data\processed_dataset\Top\top361.jpg,Top,solid,0.2537,summer,0.2402,0.0417,clip
C:\Users\Lenovo\Desktop\StyleMind\stylemind-cnn-training-pipeline\data\processed_dataset\Shirt\shirt364.jpg,Shirt,striped,0.2851,summer,0.2325,0.025,clip
C:\Users\Lenovo\Desktop\StyleMind\stylemind-cnn-training-pipeline\data\processed_dataset\Dress\dress299.jpg,Dress,floral,0.2489,summer,0.1812,0.0253,clip
C:\Users\Lenovo\Desktop\StyleMind\stylemind-cnn-training-pipeline\data\processed_dataset\Jacket\jacket191.jpg,Jacket,solid,0.1872,fall,0.2058,0.0176,clip
C:\Users\Lenovo\Desktop\StyleMind\stylemind-cnn-training-pipeline\data\processed_dataset\Skirt\skirt402.jpg,Skirt,solid,0.2048,summer,0.1643,0.0188,clip
C:\Users\Lenovo\Desktop\StyleMind\stylemind-cnn-training-pipeline\data\processed_dataset\Jacket\jacket379.jpg,Jacket,solid,0.1968,all-season,0.1807,0.0024,low_confidence_fallback
C:\Users\Lenovo\Desktop\StyleMind\stylemind-cnn-training-pipeline\data\processed_dataset\Blazer\blazer098.jpg,Blazer,solid,0.1882,fall,0.2066,0.0311,clip
C:\Users\Lenovo\Desktop\StyleMind\stylemind-cnn-training-pipeline\data\processed_dataset\Jacket\jacket186.jpg,Jacket,solid,0.2248,all-season,0.2634,0.0083,low_confidence_fallback
C:\Users\Lenovo\Desktop\StyleMind\stylemind-cnn-training-pipeline\data\processed_dataset\Top\top096.jpg,Top,solid,0.2199,summer,0.2016,0.0343,clip
C:\Users\Lenovo\Desktop\StyleMind\stylemind-cnn-training-pipeline\data\processed_dataset\Formal_Pant\formal_pant254.jpg,Formal_Pant,solid,0.228,summer,0.1886,0.0147,clip
C:\Users\Lenovo\Desktop\StyleMind\stylemind-cnn-training-pipeline\data\processed_dataset\Blazer\blazer109.jpg,Blazer,checkered,0.2085,fall,0.2423,0.03,clip
C:\Users\Lenovo\Desktop\StyleMind\stylemind-cnn-training-pipeline\data\processed_dataset\Shorts\shorts434.jpg,Shorts,solid,0.2333,summer,0.1924,0.0347,clip
C:\Users\Lenovo\Desktop\StyleMind\stylemind-cnn-training-pipeline\data\processed_dataset\Shirt\shirt008.jpg,Shirt,solid,0.2164,all-season,0.1775,0.0049,low_confidence_fallback
C:\Users\Lenovo\Desktop\StyleMind\stylemind-cnn-training-pipeline\data\processed_dataset\Top\top382.jpg,Top,floral,0.2624,summer,0.2692,0.1091,clip
C:\Users\Lenovo\Desktop\StyleMind\stylemind-cnn-training-pipeline\data\processed_dataset\Pants\pant327.jpg,Pants,solid,0.2211,summer,0.1951,0.0135,clip
C:\Users\Lenovo\Desktop\StyleMind\stylemind-cnn-training-pipeline\data\processed_dataset\Blazer\blazer138.jpg,Blazer,solid,0.1807,fall,0.2019,0.0378,clip
C:\Users\Lenovo\Desktop\StyleMind\stylemind-cnn-training-pipeline\data\processed_dataset\Jacket\jacket334.jpg,Jacket,solid,0.2623,all-season,0.2456,0.0036,low_confidence_fallback
C:\Users\Lenovo\Desktop\StyleMind\stylemind-cnn-training-pipeline\data\processed_dataset\Top\top313.jpg,Top,solid,0.2008,summer,0.2178,0.0687,clip
C:\Users\Lenovo\Desktop\StyleMind\stylemind-cnn-training-pipeline\data\processed_dataset\Skirt\skirt022.jpg,Skirt,checkered,0.2728,all-season,0.1964,0.0071,low_confidence_fallback
C:\Users\Lenovo\Desktop\StyleMind\stylemind-cnn-training-pipeline\data\processed_dataset\Formal_Pant\formal_pant221.jpg,Formal_Pant,striped,0.2138,summer,0.1617,0.0308,clip
C:\Users\Lenovo\Desktop\StyleMind\stylemind-cnn-training-pipeline\data\processed_dataset\Warmwear\winter232.jpg,Warmwear,solid,0.2332,fall,0.2081,0.0152,clip
C:\Users\Lenovo\Desktop\StyleMind\stylemind-cnn-training-pipeline\data\processed_dataset\Top\top245.jpg,Top,solid,0.2607,summer,0.239,0.0666,clip
C:\Users\Lenovo\Desktop\StyleMind\stylemind-cnn-training-pipeline\data\processed_dataset\Shirt\shirt176.jpg,Shirt,solid,0.2345,summer,0.2158,0.0283,clip
C:\Users\Lenovo\Desktop\StyleMind\stylemind-cnn-training-pipeline\data\processed_dataset\Jacket\jacket373.jpg,Jacket,solid,0.1925,all-season,0.2113,0.0064,low_confidence_fallback
C:\Users\Lenovo\Desktop\StyleMind\stylemind-cnn-training-pipeline\data\processed_dataset\Shirt\shirt387.jpg,Shirt,striped,0.2575,fall,0.2318,0.0229,clip
C:\Users\Lenovo\Desktop\StyleMind\stylemind-cnn-training-pipeline\data\processed_dataset\Warmwear\winter193.jpg,Warmwear,graphic,0.1766,all-season,0.1638,0.0087,low_confidence_fallback
C:\Users\Lenovo\Desktop\StyleMind\stylemind-cnn-training-pipeline\data\processed_dataset\Jacket\jacket306.jpg,Jacket,solid,0.1907,fall,0.208,0.0219,clip
C:\Users\Lenovo\Desktop\StyleMind\stylemind-cnn-training-pipeline\data\processed_dataset\Skirt\skirt085.jpg,Skirt,pleated,0.2737,summer,0.2047,0.0152,clip
C:\Users\Lenovo\Desktop\StyleMind\stylemind-cnn-training-pipeline\data\processed_dataset\Top\top201.jpg,Top,solid,0.245,summer,0.2114,0.0459,clip
C:\Users\Lenovo\Desktop\StyleMind\stylemind-cnn-training-pipeline\data\processed_dataset\Skirt\skirt299.jpg,Skirt,solid,0.1848,summer,0.175,0.0332,clip
C:\Users\Lenovo\Desktop\StyleMind\stylemind-cnn-training-pipeline\data\processed_dataset\Skirt\skirt242.jpg,Skirt,checkered,0.2501,all-season,0.1591,0.0082,low_confidence_fallback
C:\Users\Lenovo\Desktop\StyleMind\stylemind-cnn-training-pipeline\data\processed_dataset\Blazer\blazer275.jpg,Blazer,checkered,0.1883,fall,0.215,0.0244,clip
C:\Users\Lenovo\Desktop\StyleMind\stylemind-cnn-training-pipeline\data\processed_dataset\Blazer\blazer143.jpg,Blazer,checkered,0.2509,fall,0.25,0.058,clip
C:\Users\Lenovo\Desktop\StyleMind\stylemind-cnn-training-pipeline\data\processed_dataset\Formal_Pant\formal_pant035.jpg,Formal_Pant,solid,0.2189,all-season,0.1706,0.0091,low_confidence_fallback
C:\Users\Lenovo\Desktop\StyleMind\stylemind-cnn-training-pipeline\data\processed_dataset\Dress\dress079.jpg,Dress,solid,0.19,summer,0.2099,0.0375,clip
C:\Users\Lenovo\Desktop\StyleMind\stylemind-cnn-training-pipeline\data\processed_dataset\Pants\pant397.jpg,Pants,solid,0.1989,all-season,0.1566,0.0022,low_confidence_fallback
C:\Users\Lenovo\Desktop\StyleMind\stylemind-cnn-training-pipeline\data\processed_dataset\Shorts\shorts305.jpg,Shorts,solid,0.2307,summer,0.1976,0.0214,clip
C:\Users\Lenovo\Desktop\StyleMind\stylemind-cnn-training-pipeline\data\processed_dataset\Blazer\blazer232.jpg,Blazer,solid,0.2087,fall,0.2181,0.0339,clip
C:\Users\Lenovo\Desktop\StyleMind\stylemind-cnn-training-pipeline\data\processed_dataset\Shirt\shirt113.jpg,Shirt,striped,0.2501,summer,0.2434,0.0727,clip
C:\Users\Lenovo\Desktop\StyleMind\stylemind-cnn-training-pipeline\data\processed_dataset\Top\top340.jpg,Top,floral,0.2377,summer,0.2375,0.086,clip
C:\Users\Lenovo\Desktop\StyleMind\stylemind-cnn-training-pipeline\data\processed_dataset\Skirt\skirt005.jpg,Skirt,floral,0.2337,summer,0.2149,0.0824,clip
C:\Users\Lenovo\Desktop\StyleMind\stylemind-cnn-training-pipeline\data\processed_dataset\Formal_Pant\formal_pant358.jpg,Formal_Pant,solid,0.2256,all-season,0.1732,0.0049,low_confidence_fallback
C:\Users\Lenovo\Desktop\StyleMind\stylemind-cnn-training-pipeline\data\processed_dataset\Shorts\shorts179.jpg,Shorts,solid,0.187,summer,0.1471,0.0158,clip
C:\Users\Lenovo\Desktop\StyleMind\stylemind-cnn-training-pipeline\data\processed_dataset\Shorts\shorts137.jpg,Shorts,solid,0.2063,winter,0.1847,0.0253,clip
C:\Users\Lenovo\Desktop\StyleMind\stylemind-cnn-training-pipeline\data\processed_dataset\Blazer\blazer321.jpg,Blazer,solid,0.2013,fall,0.198,0.045,clip
C:\Users\Lenovo\Desktop\StyleMind\stylemind-cnn-training-pipeline\data\processed_dataset\Pants\pant404.jpg,Pants,embroidered,0.2036,all-season,0.1538,0.0087,low_confidence_fallback
C:\Users\Lenovo\Desktop\StyleMind\stylemind-cnn-training-pipeline\data\processed_dataset\Shirt\shirt039.jpg,Shirt,solid,0.2485,summer,0.2157,0.0227,clip
C:\Users\Lenovo\Desktop\StyleMind\stylemind-cnn-training-pipeline\data\processed_dataset\Warmwear\winter204.jpg,Warmwear,embroidered,0.1816,winter,0.1715,0.0229,clip
C:\Users\Lenovo\Desktop\StyleMind\stylemind-cnn-training-pipeline\data\processed_dataset\Warmwear\winter197.jpg,Warmwear,solid,0.2497,all-season,0.1922,0.0095,low_confidence_fallback
C:\Users\Lenovo\Desktop\StyleMind\stylemind-cnn-training-pipeline\data\processed_dataset\Pants\pant149.jpg,Pants,solid,0.2382,all-season,0.1942,0.0074,low_confidence_fallback
C:\Users\Lenovo\Desktop\StyleMind\stylemind-cnn-training-pipeline\data\processed_dataset\Skirt\skirt113.jpg,Skirt,solid,0.2095,all-season,0.1884,0.0092,low_confidence_fallback
C:\Users\Lenovo\Desktop\StyleMind\stylemind-cnn-training-pipeline\data\processed_dataset\Pants\pant342.jpg,Pants,solid,0.1975,all-season,0.1739,0.0022,low_confidence_fallback
C:\Users\Lenovo\Desktop\StyleMind\stylemind-cnn-training-pipeline\data\processed_dataset\Blazer\blazer012.jpg,Blazer,solid,0.2214,fall,0.2026,0.0242,clip
C:\Users\Lenovo\Desktop\StyleMind\stylemind-cnn-training-pipeline\data\processed_dataset\Shorts\shorts042.jpg,Shorts,solid,0.209,winter,0.194,0.0146,clip
C:\Users\Lenovo\Desktop\StyleMind\stylemind-cnn-training-pipeline\data\processed_dataset\Blazer\blazer210.jpg,Blazer,solid,0.2145,fall,0.2402,0.0398,clip
C:\Users\Lenovo\Desktop\StyleMind\stylemind-cnn-training-pipeline\data\processed_dataset\Warmwear\winter283.jpg,Warmwear,striped,0.1827,fall,0.1991,0.0164,clip
C:\Users\Lenovo\Desktop\StyleMind\stylemind-cnn-training-pipeline\data\processed_dataset\Dress\dress107.jpg,Dress,solid,0.156,all-season,0.1294,0.0087,low_confidence_fallback
C:\Users\Lenovo\Desktop\StyleMind\stylemind-cnn-training-pipeline\data\processed_dataset\Jacket\jacket170.jpg,Jacket,solid,0.206,all-season,0.2348,0.0088,low_confidence_fallback
C:\Users\Lenovo\Desktop\StyleMind\stylemind-cnn-training-pipeline\data\processed_dataset\Shorts\shorts296.jpg,Shorts,solid,0.2179,summer,0.1994,0.0176,clip
C:\Users\Lenovo\Desktop\StyleMind\stylemind-cnn-training-pipeline\data\processed_dataset\Top\top097.jpg,Top,solid,0.2775,summer,0.2429,0.0885,clip
C:\Users\Lenovo\Desktop\StyleMind\stylemind-cnn-training-pipeline\data\processed_dataset\Skirt\skirt074.jpg,Skirt,solid,0.2646,summer,0.2004,0.0151,clip
C:\Users\Lenovo\Desktop\StyleMind\stylemind-cnn-training-pipeline\data\processed_dataset\Pants\pant118.jpg,Pants,solid,0.2063,summer,0.1675,0.0125,clip
C:\Users\Lenovo\Desktop\StyleMind\stylemind-cnn-training-pipeline\data\processed_dataset\Skirt\skirt127.jpg,Skirt,striped,0.1979,summer,0.1869,0.0285,clip
C:\Users\Lenovo\Desktop\StyleMind\stylemind-cnn-training-pipeline\data\processed_dataset\Warmwear\winter077.jpg,Warmwear,checkered,0.2323,fall,0.2227,0.0276,clip
C:\Users\Lenovo\Desktop\StyleMind\stylemind-cnn-training-pipeline\data\processed_dataset\Top\top321.jpg,Top,striped,0.2554,summer,0.2378,0.0819,clip
C:\Users\Lenovo\Desktop\StyleMind\stylemind-cnn-training-pipeline\data\processed_dataset\Jacket\jacket405.jpg,Jacket,solid,0.1986,fall,0.1957,0.02,clip
C:\Users\Lenovo\Desktop\StyleMind\stylemind-cnn-training-pipeline\data\processed_dataset\Shirt\shirt308.jpg,Shirt,solid,0.2585,summer,0.2254,0.0218,clip
C:\Users\Lenovo\Desktop\StyleMind\stylemind-cnn-training-pipeline\data\processed_dataset\Blazer\blazer108.jpg,Blazer,solid,0.2123,fall,0.2329,0.0178,clip
C:\Users\Lenovo\Desktop\StyleMind\stylemind-cnn-training-pipeline\data\processed_dataset\Jacket\jacket346.jpg,Jacket,solid,0.2305,winter,0.2605,0.025,clip
C:\Users\Lenovo\Desktop\StyleMind\stylemind-cnn-training-pipeline\data\processed_dataset\Warmwear\winter150.jpg,Warmwear,striped,0.2567,winter,0.2067,0.0198,clip
C:\Users\Lenovo\Desktop\StyleMind\stylemind-cnn-training-pipeline\data\processed_dataset\Warmwear\winter101.jpg,Warmwear,checkered,0.2644,all-season,0.2016,0.0081,low_confidence_fallback
C:\Users\Lenovo\Desktop\StyleMind\stylemind-cnn-training-pipeline\data\processed_dataset\Jacket\jacket067.jpg,Jacket,solid,0.2452,fall,0.244,0.0168,clip
C:\Users\Lenovo\Desktop\StyleMind\stylemind-cnn-training-pipeline\data\processed_dataset\Shorts\shorts437.jpg,Shorts,solid,0.2157,summer,0.1747,0.0318,clip
C:\Users\Lenovo\Desktop\StyleMind\stylemind-cnn-training-pipeline\data\processed_dataset\Blazer\blazer323.jpg,Blazer,checkered,0.2392,fall,0.2276,0.0535,clip
C:\Users\Lenovo\Desktop\StyleMind\stylemind-cnn-training-pipeline\data\processed_dataset\Shorts\shorts127.jpg,Shorts,solid,0.1655,summer,0.1711,0.0667,clip
C:\Users\Lenovo\Desktop\StyleMind\stylemind-cnn-training-pipeline\data\processed_dataset\Blazer\blazer243.jpg,Blazer,solid,0.2061,fall,0.2342,0.0484,clip
C:\Users\Lenovo\Desktop\StyleMind\stylemind-cnn-training-pipeline\data\processed_dataset\Dress\dress150.jpg,Dress,pleated,0.2451,summer,0.2157,0.038,clip
C:\Users\Lenovo\Desktop\StyleMind\stylemind-cnn-training-pipeline\data\processed_dataset\Formal_Pant\formal_pant135.jpg,Formal_Pant,solid,0.23,all-season,0.1849,0.0032,low_confidence_fallback
C:\Users\Lenovo\Desktop\StyleMind\stylemind-cnn-training-pipeline\data\processed_dataset\Warmwear\winter020.jpg,Warmwear,solid,0.2029,winter,0.1784,0.016,clip
C:\Users\Lenovo\Desktop\StyleMind\stylemind-cnn-training-pipeline\data\processed_dataset\Dress\dress040.jpg,Dress,floral,0.253,summer,0.1987,0.0708,clip
C:\Users\Lenovo\Desktop\StyleMind\stylemind-cnn-training-pipeline\data\processed_dataset\Dress\dress140.jpg,Dress,floral,0.2156,summer,0.1777,0.0749,clip
C:\Users\Lenovo\Desktop\StyleMind\stylemind-cnn-training-pipeline\data\processed_dataset\Blazer\blazer083.jpg,Blazer,solid,0.2268,fall,0.2335,0.0417,clip
C:\Users\Lenovo\Desktop\StyleMind\stylemind-cnn-training-pipeline\data\processed_dataset\Blazer\blazer333.jpg,Blazer,solid,0.1866,fall,0.1861,0.0304,clip
C:\Users\Lenovo\Desktop\StyleMind\stylemind-cnn-training-pipeline\data\processed_dataset\Shirt\shirt086.jpg,Shirt,striped,0.287,summer,0.221,0.043,clip
C:\Users\Lenovo\Desktop\StyleMind\stylemind-cnn-training-pipeline\data\processed_dataset\Pants\pant251.jpg,Pants,solid,0.1873,fall,0.1649,0.0124,clip
C:\Users\Lenovo\Desktop\StyleMind\stylemind-cnn-training-pipeline\data\processed_dataset\Shorts\shorts264.jpg,Shorts,solid,0.2009,summer,0.1879,0.038,clip
C:\Users\Lenovo\Desktop\StyleMind\stylemind-cnn-training-pipeline\data\processed_dataset\Top\top347.jpg,Top,checkered,0.2881,summer,0.2099,0.051,clip
C:\Users\Lenovo\Desktop\StyleMind\stylemind-cnn-training-pipeline\data\processed_dataset\Blazer\blazer444.jpg,Blazer,checkered,0.2568,fall,0.223,0.0243,clip
C:\Users\Lenovo\Desktop\StyleMind\stylemind-cnn-training-pipeline\data\processed_dataset\Blazer\blazer195.jpg,Blazer,solid,0.2158,fall,0.2242,0.0222,clip
C:\Users\Lenovo\Desktop\StyleMind\stylemind-cnn-training-pipeline\data\processed_dataset\Warmwear\winter142.jpg,Warmwear,solid,0.2509,all-season,0.2415,0.0093,low_confidence_fallback
C:\Users\Lenovo\Desktop\StyleMind\stylemind-cnn-training-pipeline\data\processed_dataset\Formal_Pant\formal_pant298.jpg,Formal_Pant,solid,0.1972,summer,0.1656,0.0256,clip
C:\Users\Lenovo\Desktop\StyleMind\stylemind-cnn-training-pipeline\data\processed_dataset\Blazer\blazer183.jpg,Blazer,checkered,0.2368,fall,0.2399,0.0524,clip
C:\Users\Lenovo\Desktop\StyleMind\stylemind-cnn-training-pipeline\data\processed_dataset\Jacket\jacket070.jpg,Jacket,solid,0.2514,fall,0.2476,0.018,clip
C:\Users\Lenovo\Desktop\StyleMind\stylemind-cnn-training-pipeline\data\processed_dataset\Top\top170.jpg,Top,pleated,0.2452,all-season,0.2214,0.0001,low_confidence_fallback
C:\Users\Lenovo\Desktop\StyleMind\stylemind-cnn-training-pipeline\data\processed_dataset\Top\top235.jpg,Top,graphic,0.2476,summer,0.1839,0.0373,clip
C:\Users\Lenovo\Desktop\StyleMind\stylemind-cnn-training-pipeline\data\processed_dataset\Jacket\jacket057.jpg,Jacket,solid,0.2031,all-season,0.2081,0.0029,low_confidence_fallback
C:\Users\Lenovo\Desktop\StyleMind\stylemind-cnn-training-pipeline\data\processed_dataset\Pants\pant297.jpg,Pants,solid,0.2167,all-season,0.1967,0.0064,low_confidence_fallback
C:\Users\Lenovo\Desktop\StyleMind\stylemind-cnn-training-pipeline\data\processed_dataset\Blazer\blazer326.jpg,Blazer,solid,0.2265,all-season,0.1912,0.0041,low_confidence_fallback
C:\Users\Lenovo\Desktop\StyleMind\stylemind-cnn-training-pipeline\data\processed_dataset\Formal_Pant\formal_pant278.jpg,Formal_Pant,solid,0.1761,summer,0.1407,0.0113,clip
C:\Users\Lenovo\Desktop\StyleMind\stylemind-cnn-training-pipeline\data\processed_dataset\Jacket\jacket078.jpg,Jacket,solid,0.1813,winter,0.2037,0.029,clip
C:\Users\Lenovo\Desktop\StyleMind\stylemind-cnn-training-pipeline\data\processed_dataset\Warmwear\winter395.jpg,Warmwear,solid,0.2011,all-season,0.172,0.0009,low_confidence_fallback
C:\Users\Lenovo\Desktop\StyleMind\stylemind-cnn-training-pipeline\data\processed_dataset\Shirt\shirt063.jpg,Shirt,solid,0.2691,summer,0.2537,0.0528,clip
C:\Users\Lenovo\Desktop\StyleMind\stylemind-cnn-training-pipeline\data\processed_dataset\Blazer\blazer061.jpg,Blazer,solid,0.2572,fall,0.2478,0.0245,clip
C:\Users\Lenovo\Desktop\StyleMind\stylemind-cnn-training-pipeline\data\processed_dataset\Skirt\skirt310.jpg,Skirt,solid,0.217,summer,0.207,0.0437,clip
C:\Users\Lenovo\Desktop\StyleMind\stylemind-cnn-training-pipeline\data\processed_dataset\Shorts\shorts004.jpg,Shorts,solid,0.1931,summer,0.1838,0.0557,clip
C:\Users\Lenovo\Desktop\StyleMind\stylemind-cnn-training-pipeline\data\processed_dataset\Jacket\jacket371.jpg,Jacket,solid,0.2387,summer,0.2425,0.0157,clip
C:\Users\Lenovo\Desktop\StyleMind\stylemind-cnn-training-pipeline\data\processed_dataset\Shorts\shorts232.jpg,Shorts,solid,0.226,summer,0.2368,0.0606,clip
C:\Users\Lenovo\Desktop\StyleMind\stylemind-cnn-training-pipeline\data\processed_dataset\Formal_Pant\formal_pant092.jpg,Formal_Pant,solid,0.1795,fall,0.1544,0.0108,clip
C:\Users\Lenovo\Desktop\StyleMind\stylemind-cnn-training-pipeline\data\processed_dataset\Pants\pant447.jpg,Pants,solid,0.2389,winter,0.2105,0.0204,clip
C:\Users\Lenovo\Desktop\StyleMind\stylemind-cnn-training-pipeline\data\processed_dataset\Shorts\shorts001.jpg,Shorts,embroidered,0.1877,summer,0.1667,0.0387,clip
C:\Users\Lenovo\Desktop\StyleMind\stylemind-cnn-training-pipeline\data\processed_dataset\Pants\pant164.jpg,Pants,solid,0.2138,all-season,0.1772,0.0066,low_confidence_fallback
C:\Users\Lenovo\Desktop\StyleMind\stylemind-cnn-training-pipeline\data\processed_dataset\Dress\dress141.jpg,Dress,floral,0.1986,summer,0.2003,0.0529,clip
C:\Users\Lenovo\Desktop\StyleMind\stylemind-cnn-training-pipeline\data\processed_dataset\Pants\pant304.jpg,Pants,solid,0.2207,summer,0.2146,0.0508,clip
C:\Users\Lenovo\Desktop\StyleMind\stylemind-cnn-training-pipeline\data\processed_dataset\Jacket\jacket328.jpg,Jacket,solid,0.1677,summer,0.1889,0.0223,clip
C:\Users\Lenovo\Desktop\StyleMind\stylemind-cnn-training-pipeline\data\processed_dataset\Dress\dress400.jpg,Dress,pleated,0.1933,all-season,0.1685,0.0057,low_confidence_fallback
C:\Users\Lenovo\Desktop\StyleMind\stylemind-cnn-training-pipeline\data\processed_dataset\Top\top268.jpg,Top,floral,0.2965,summer,0.2355,0.0805,clip
C:\Users\Lenovo\Desktop\StyleMind\stylemind-cnn-training-pipeline\data\processed_dataset\Skirt\skirt003.jpg,Skirt,floral,0.2477,summer,0.1651,0.0207,clip
C:\Users\Lenovo\Desktop\StyleMind\stylemind-cnn-training-pipeline\data\processed_dataset\Jacket\jacket030.jpg,Jacket,solid,0.2478,all-season,0.2446,0.0054,low_confidence_fallback
C:\Users\Lenovo\Desktop\StyleMind\stylemind-cnn-training-pipeline\data\processed_dataset\Jacket\jacket409.jpg,Jacket,solid,0.2392,all-season,0.2261,0.0085,low_confidence_fallback
C:\Users\Lenovo\Desktop\StyleMind\stylemind-cnn-training-pipeline\data\processed_dataset\Shorts\shorts429.jpg,Shorts,graphic,0.203,summer,0.164,0.0158,clip
C:\Users\Lenovo\Desktop\StyleMind\stylemind-cnn-training-pipeline\data\processed_dataset\Jacket\jacket288.jpg,Jacket,solid,0.2276,all-season,0.2298,0.0025,low_confidence_fallback
C:\Users\Lenovo\Desktop\StyleMind\stylemind-cnn-training-pipeline\data\processed_dataset\Warmwear\winter117.jpg,Warmwear,striped,0.2666,all-season,0.2322,0.0051,low_confidence_fallback
C:\Users\Lenovo\Desktop\StyleMind\stylemind-cnn-training-pipeline\data\processed_dataset\Dress\dress155.jpg,Dress,pleated,0.2336,summer,0.2009,0.0594,clip
C:\Users\Lenovo\Desktop\StyleMind\stylemind-cnn-training-pipeline\data\processed_dataset\Skirt\skirt170.jpg,Skirt,solid,0.2419,fall,0.2097,0.0178,clip
C:\Users\Lenovo\Desktop\StyleMind\stylemind-cnn-training-pipeline\data\processed_dataset\Top\top107.jpg,Top,checkered,0.2585,summer,0.2223,0.0869,clip
C:\Users\Lenovo\Desktop\StyleMind\stylemind-cnn-training-pipeline\data\processed_dataset\Warmwear\winter147.jpg,Warmwear,solid,0.2166,all-season,0.2124,0.007,low_confidence_fallback
C:\Users\Lenovo\Desktop\StyleMind\stylemind-cnn-training-pipeline\data\processed_dataset\Formal_Pant\formal_pant153.jpg,Formal_Pant,solid,0.2214,all-season,0.1759,0.0008,low_confidence_fallback
C:\Users\Lenovo\Desktop\StyleMind\stylemind-cnn-training-pipeline\data\processed_dataset\Skirt\skirt185.jpg,Skirt,pleated,0.2219,summer,0.1896,0.0337,clip
C:\Users\Lenovo\Desktop\StyleMind\stylemind-cnn-training-pipeline\data\processed_dataset\Skirt\skirt300.jpg,Skirt,solid,0.2119,summer,0.1868,0.0207,clip
C:\Users\Lenovo\Desktop\StyleMind\stylemind-cnn-training-pipeline\data\processed_dataset\Shirt\shirt056.jpg,Shirt,solid,0.2748,summer,0.2449,0.0142,clip
C:\Users\Lenovo\Desktop\StyleMind\stylemind-cnn-training-pipeline\data\processed_dataset\Dress\dress125.jpg,Dress,pleated,0.2211,summer,0.1595,0.0399,clip
C:\Users\Lenovo\Desktop\StyleMind\stylemind-cnn-training-pipeline\data\processed_dataset\Skirt\skirt253.jpg,Skirt,pleated,0.2614,summer,0.2191,0.014,clip
C:\Users\Lenovo\Desktop\StyleMind\stylemind-cnn-training-pipeline\data\processed_dataset\Shorts\shorts096.jpg,Shorts,solid,0.1626,summer,0.1659,0.034,clip
C:\Users\Lenovo\Desktop\StyleMind\stylemind-cnn-training-pipeline\data\processed_dataset\Pants\pant059.jpg,Pants,embroidered,0.1924,winter,0.1896,0.0219,clip
C:\Users\Lenovo\Desktop\StyleMind\stylemind-cnn-training-pipeline\data\processed_dataset\Warmwear\winter105.jpg,Warmwear,embroidered,0.1871,all-season,0.1824,0.0002,low_confidence_fallback
C:\Users\Lenovo\Desktop\StyleMind\stylemind-cnn-training-pipeline\data\processed_dataset\Dress\dress368.jpg,Dress,striped,0.2583,summer,0.1783,0.0183,clip
C:\Users\Lenovo\Desktop\StyleMind\stylemind-cnn-training-pipeline\data\processed_dataset\Blazer\blazer433.jpg,Blazer,solid,0.2302,fall,0.2504,0.0435,clip
C:\Users\Lenovo\Desktop\StyleMind\stylemind-cnn-training-pipeline\data\processed_dataset\Skirt\skirt298.jpg,Skirt,pleated,0.2197,fall,0.187,0.0213,clip
C:\Users\Lenovo\Desktop\StyleMind\stylemind-cnn-training-pipeline\data\processed_dataset\Warmwear\winter292.jpg,Warmwear,striped,0.2212,winter,0.1984,0.0117,clip
C:\Users\Lenovo\Desktop\StyleMind\stylemind-cnn-training-pipeline\data\processed_dataset\Jacket\jacket104.jpg,Jacket,solid,0.2154,all-season,0.2286,0.0015,low_confidence_fallback
C:\Users\Lenovo\Desktop\StyleMind\stylemind-cnn-training-pipeline\data\processed_dataset\Pants\pant224.jpg,Pants,solid,0.1966,fall,0.1496,0.0111,clip
C:\Users\Lenovo\Desktop\StyleMind\stylemind-cnn-training-pipeline\data\processed_dataset\Formal_Pant\formal_pant251.jpg,Formal_Pant,solid,0.1963,fall,0.1906,0.0164,clip
C:\Users\Lenovo\Desktop\StyleMind\stylemind-cnn-training-pipeline\data\processed_dataset\Dress\dress356.jpg,Dress,pleated,0.207,summer,0.1619,0.0119,clip
C:\Users\Lenovo\Desktop\StyleMind\stylemind-cnn-training-pipeline\data\processed_dataset\Pants\pant227.jpg,Pants,embroidered,0.182,all-season,0.1295,0.0009,low_confidence_fallback
C:\Users\Lenovo\Desktop\StyleMind\stylemind-cnn-training-pipeline\data\processed_dataset\Top\top036.jpg,Top,graphic,0.1913,summer,0.1977,0.042,clip
C:\Users\Lenovo\Desktop\StyleMind\stylemind-cnn-training-pipeline\data\processed_dataset\Jacket\jacket438.jpg,Jacket,solid,0.2284,summer,0.2238,0.0186,clip
C:\Users\Lenovo\Desktop\StyleMind\stylemind-cnn-training-pipeline\data\processed_dataset\Skirt\skirt285.jpg,Skirt,pleated,0.2165,summer,0.1684,0.0149,clip
C:\Users\Lenovo\Desktop\StyleMind\stylemind-cnn-training-pipeline\data\processed_dataset\Dress\dress266.jpg,Dress,solid,0.1999,fall,0.1821,0.0105,clip
C:\Users\Lenovo\Desktop\StyleMind\stylemind-cnn-training-pipeline\data\processed_dataset\Blazer\blazer228.jpg,Blazer,striped,0.2579,fall,0.2138,0.0311,clip
C:\Users\Lenovo\Desktop\StyleMind\stylemind-cnn-training-pipeline\data\processed_dataset\Formal_Pant\formal_pant125.jpg,Formal_Pant,solid,0.2193,all-season,0.1681,0.0016,low_confidence_fallback
C:\Users\Lenovo\Desktop\StyleMind\stylemind-cnn-training-pipeline\data\processed_dataset\Shorts\shorts215.jpg,Shorts,embroidered,0.1864,summer,0.1804,0.0468,clip
C:\Users\Lenovo\Desktop\StyleMind\stylemind-cnn-training-pipeline\data\processed_dataset\Shorts\shorts115.jpg,Shorts,striped,0.248,summer,0.2054,0.0612,clip
C:\Users\Lenovo\Desktop\StyleMind\stylemind-cnn-training-pipeline\data\processed_dataset\Skirt\skirt235.jpg,Skirt,solid,0.1864,all-season,0.1871,0.0087,low_confidence_fallback
C:\Users\Lenovo\Desktop\StyleMind\stylemind-cnn-training-pipeline\data\processed_dataset\Pants\pant201.jpg,Pants,solid,0.1849,winter,0.1681,0.0184,clip
C:\Users\Lenovo\Desktop\StyleMind\stylemind-cnn-training-pipeline\data\processed_dataset\Shirt\shirt071.jpg,Shirt,solid,0.2689,summer,0.2508,0.0727,clip
C:\Users\Lenovo\Desktop\StyleMind\stylemind-cnn-training-pipeline\data\processed_dataset\Dress\dress145.jpg,Dress,checkered,0.272,summer,0.2031,0.0441,clip
C:\Users\Lenovo\Desktop\StyleMind\stylemind-cnn-training-pipeline\data\processed_dataset\Shorts\shorts067.jpg,Shorts,solid,0.2096,summer,0.2109,0.0179,clip
C:\Users\Lenovo\Desktop\StyleMind\stylemind-cnn-training-pipeline\data\processed_dataset\Skirt\skirt105.jpg,Skirt,pleated,0.248,all-season,0.1827,0.0056,low_confidence_fallback
C:\Users\Lenovo\Desktop\StyleMind\stylemind-cnn-training-pipeline\data\processed_dataset\Shirt\shirt105.jpg,Shirt,solid,0.2462,summer,0.2507,0.0607,clip
C:\Users\Lenovo\Desktop\StyleMind\stylemind-cnn-training-pipeline\data\processed_dataset\Dress\dress172.jpg,Dress,floral,0.1721,summer,0.187,0.0477,clip
C:\Users\Lenovo\Desktop\StyleMind\stylemind-cnn-training-pipeline\data\processed_dataset\Shirt\shirt307.jpg,Shirt,striped,0.2696,summer,0.226,0.0738,clip
C:\Users\Lenovo\Desktop\StyleMind\stylemind-cnn-training-pipeline\data\processed_dataset\Shorts\shorts422.jpg,Shorts,solid,0.1873,summer,0.1854,0.0414,clip
C:\Users\Lenovo\Desktop\StyleMind\stylemind-cnn-training-pipeline\data\processed_dataset\Shorts\shorts272.jpg,Shorts,solid,0.2121,summer,0.2171,0.0324,clip
C:\Users\Lenovo\Desktop\StyleMind\stylemind-cnn-training-pipeline\data\processed_dataset\Formal_Pant\formal_pant352.jpg,Formal_Pant,solid,0.2283,fall,0.1852,0.0102,clip
C:\Users\Lenovo\Desktop\StyleMind\stylemind-cnn-training-pipeline\data\processed_dataset\Blazer\blazer262.jpg,Blazer,solid,0.2099,all-season,0.2096,0.0074,low_confidence_fallback
C:\Users\Lenovo\Desktop\StyleMind\stylemind-cnn-training-pipeline\data\processed_dataset\Formal_Pant\formal_pant313.jpg,Formal_Pant,solid,0.2026,all-season,0.1631,0.0001,low_confidence_fallback
C:\Users\Lenovo\Desktop\StyleMind\stylemind-cnn-training-pipeline\data\processed_dataset\Blazer\blazer273.jpg,Blazer,solid,0.1792,fall,0.2201,0.0389,clip
C:\Users\Lenovo\Desktop\StyleMind\stylemind-cnn-training-pipeline\data\processed_dataset\Formal_Pant\formal_pant333.jpg,Formal_Pant,striped,0.2203,all-season,0.1702,0.0006,low_confidence_fallback
C:\Users\Lenovo\Desktop\StyleMind\stylemind-cnn-training-pipeline\data\processed_dataset\Skirt\skirt246.jpg,Skirt,checkered,0.251,fall,0.1971,0.02,clip
C:\Users\Lenovo\Desktop\StyleMind\stylemind-cnn-training-pipeline\data\processed_dataset\Jacket\jacket143.jpg,Jacket,solid,0.1653,winter,0.228,0.0579,clip
C:\Users\Lenovo\Desktop\StyleMind\stylemind-cnn-training-pipeline\data\processed_dataset\Formal_Pant\formal_pant088.jpg,Formal_Pant,solid,0.2136,winter,0.1941,0.0102,clip
C:\Users\Lenovo\Desktop\StyleMind\stylemind-cnn-training-pipeline\data\processed_dataset\Dress\dress199.jpg,Dress,floral,0.2214,summer,0.1864,0.0503,clip
C:\Users\Lenovo\Desktop\StyleMind\stylemind-cnn-training-pipeline\data\processed_dataset\Jacket\jacket049.jpg,Jacket,solid,0.1867,fall,0.1812,0.0179,clip
C:\Users\Lenovo\Desktop\StyleMind\stylemind-cnn-training-pipeline\data\processed_dataset\Formal_Pant\formal_pant110.jpg,Formal_Pant,solid,0.1859,all-season,0.1427,0.003,low_confidence_fallback
C:\Users\Lenovo\Desktop\StyleMind\stylemind-cnn-training-pipeline\data\processed_dataset\Blazer\blazer184.jpg,Blazer,checkered,0.221,fall,0.1929,0.0216,clip
C:\Users\Lenovo\Desktop\StyleMind\stylemind-cnn-training-pipeline\data\processed_dataset\Dress\dress333.jpg,Dress,solid,0.2414,summer,0.2357,0.0891,clip
C:\Users\Lenovo\Desktop\StyleMind\stylemind-cnn-training-pipeline\data\processed_dataset\Jacket\jacket408.jpg,Jacket,solid,0.19,all-season,0.2411,0.009,low_confidence_fallback
C:\Users\Lenovo\Desktop\StyleMind\stylemind-cnn-training-pipeline\data\processed_dataset\Warmwear\winter112.jpg,Warmwear,striped,0.2593,winter,0.2256,0.0295,clip
C:\Users\Lenovo\Desktop\StyleMind\stylemind-cnn-training-pipeline\data\processed_dataset\Shirt\shirt053.jpg,Shirt,striped,0.277,summer,0.2086,0.0102,clip
C:\Users\Lenovo\Desktop\StyleMind\stylemind-cnn-training-pipeline\data\processed_dataset\Warmwear\winter375.jpg,Warmwear,striped,0.2556,winter,0.2236,0.0268,clip
C:\Users\Lenovo\Desktop\StyleMind\stylemind-cnn-training-pipeline\data\processed_dataset\Dress\dress365.jpg,Dress,pleated,0.2292,summer,0.2027,0.0677,clip
C:\Users\Lenovo\Desktop\StyleMind\stylemind-cnn-training-pipeline\data\processed_dataset\Top\top174.jpg,Top,checkered,0.2819,all-season,0.1919,0.0012,low_confidence_fallback
C:\Users\Lenovo\Desktop\StyleMind\stylemind-cnn-training-pipeline\data\processed_dataset\Jacket\jacket316.jpg,Jacket,solid,0.1243,winter,0.1966,0.0492,clip
C:\Users\Lenovo\Desktop\StyleMind\stylemind-cnn-training-pipeline\data\processed_dataset\Shorts\shorts194.jpg,Shorts,solid,0.2021,summer,0.1952,0.0534,clip
C:\Users\Lenovo\Desktop\StyleMind\stylemind-cnn-training-pipeline\data\processed_dataset\Skirt\skirt118.jpg,Skirt,solid,0.2217,all-season,0.167,0.005,low_confidence_fallback
C:\Users\Lenovo\Desktop\StyleMind\stylemind-cnn-training-pipeline\data\processed_dataset\Skirt\skirt363.jpg,Skirt,solid,0.2452,all-season,0.1806,0.0093,low_confidence_fallback
C:\Users\Lenovo\Desktop\StyleMind\stylemind-cnn-training-pipeline\data\processed_dataset\Top\top386.jpg,Top,striped,0.2989,summer,0.2616,0.0821,clip
C:\Users\Lenovo\Desktop\StyleMind\stylemind-cnn-training-pipeline\data\processed_dataset\Blazer\blazer023.jpg,Blazer,checkered,0.2785,fall,0.2672,0.051,clip
C:\Users\Lenovo\Desktop\StyleMind\stylemind-cnn-training-pipeline\data\processed_dataset\Dress\dress267.jpg,Dress,checkered,0.2684,summer,0.1902,0.0232,clip
C:\Users\Lenovo\Desktop\StyleMind\stylemind-cnn-training-pipeline\data\processed_dataset\Warmwear\winter352.jpg,Warmwear,solid,0.1961,all-season,0.1677,0.0064,low_confidence_fallback
C:\Users\Lenovo\Desktop\StyleMind\stylemind-cnn-training-pipeline\data\processed_dataset\Blazer\blazer229.jpg,Blazer,striped,0.2279,fall,0.2094,0.0216,clip
C:\Users\Lenovo\Desktop\StyleMind\stylemind-cnn-training-pipeline\data\processed_dataset\Skirt\skirt320.jpg,Skirt,pleated,0.1997,summer,0.1958,0.0501,clip
C:\Users\Lenovo\Desktop\StyleMind\stylemind-cnn-training-pipeline\data\processed_dataset\Skirt\skirt145.jpg,Skirt,pleated,0.2425,summer,0.201,0.0356,clip
C:\Users\Lenovo\Desktop\StyleMind\stylemind-cnn-training-pipeline\data\processed_dataset\Shorts\shorts405.jpg,Shorts,solid,0.2126,summer,0.1953,0.0227,clip
C:\Users\Lenovo\Desktop\StyleMind\stylemind-cnn-training-pipeline\data\processed_dataset\Dress\dress354.jpg,Dress,floral,0.2267,summer,0.2019,0.0595,clip
C:\Users\Lenovo\Desktop\StyleMind\stylemind-cnn-training-pipeline\data\processed_dataset\Warmwear\winter256.jpg,Warmwear,floral,0.2374,all-season,0.2081,0.0058,low_confidence_fallback
C:\Users\Lenovo\Desktop\StyleMind\stylemind-cnn-training-pipeline\data\processed_dataset\Blazer\blazer024.jpg,Blazer,solid,0.2556,fall,0.2383,0.0226,clip
C:\Users\Lenovo\Desktop\StyleMind\stylemind-cnn-training-pipeline\data\processed_dataset\Blazer\blazer057.jpg,Blazer,solid,0.2519,fall,0.2281,0.0131,clip
C:\Users\Lenovo\Desktop\StyleMind\stylemind-cnn-training-pipeline\data\processed_dataset\Pants\pant019.jpg,Pants,solid,0.2191,winter,0.2236,0.0287,clip
C:\Users\Lenovo\Desktop\StyleMind\stylemind-cnn-training-pipeline\data\processed_dataset\Shorts\shorts443.jpg,Shorts,solid,0.2165,summer,0.1888,0.0354,clip
C:\Users\Lenovo\Desktop\StyleMind\stylemind-cnn-training-pipeline\data\processed_dataset\Blazer\blazer121.jpg,Blazer,solid,0.2329,fall,0.2417,0.0449,clip
C:\Users\Lenovo\Desktop\StyleMind\stylemind-cnn-training-pipeline\data\processed_dataset\Shorts\shorts064.jpg,Shorts,solid,0.2195,summer,0.2161,0.0418,clip
C:\Users\Lenovo\Desktop\StyleMind\stylemind-cnn-training-pipeline\data\processed_dataset\Shirt\shirt043.jpg,Shirt,solid,0.2472,fall,0.2008,0.0247,clip
C:\Users\Lenovo\Desktop\StyleMind\stylemind-cnn-training-pipeline\data\processed_dataset\Skirt\skirt412.jpg,Skirt,pleated,0.2187,summer,0.1664,0.038,clip
C:\Users\Lenovo\Desktop\StyleMind\stylemind-cnn-training-pipeline\data\processed_dataset\Top\top206.jpg,Top,graphic,0.2095,summer,0.1706,0.0515,clip
C:\Users\Lenovo\Desktop\StyleMind\stylemind-cnn-training-pipeline\data\processed_dataset\Shorts\shorts332.jpg,Shorts,solid,0.1739,summer,0.1782,0.0329,clip
C:\Users\Lenovo\Desktop\StyleMind\stylemind-cnn-training-pipeline\data\processed_dataset\Formal_Pant\formal_pant033.jpg,Formal_Pant,solid,0.1828,summer,0.1597,0.0185,clip
C:\Users\Lenovo\Desktop\StyleMind\stylemind-cnn-training-pipeline\data\processed_dataset\Blazer\blazer148.jpg,Blazer,striped,0.2474,fall,0.2211,0.0328,clip
C:\Users\Lenovo\Desktop\StyleMind\stylemind-cnn-training-pipeline\data\processed_dataset\Shorts\shorts350.jpg,Shorts,solid,0.1865,all-season,0.1787,0.0062,low_confidence_fallback
C:\Users\Lenovo\Desktop\StyleMind\stylemind-cnn-training-pipeline\data\processed_dataset\Shirt\shirt177.jpg,Shirt,striped,0.272,summer,0.2352,0.0451,clip
C:\Users\Lenovo\Desktop\StyleMind\stylemind-cnn-training-pipeline\data\processed_dataset\Warmwear\winter383.jpg,Warmwear,solid,0.2221,all-season,0.2175,0.0099,low_confidence_fallback
C:\Users\Lenovo\Desktop\StyleMind\stylemind-cnn-training-pipeline\data\processed_dataset\Warmwear\winter022.jpg,Warmwear,graphic,0.2129,winter,0.1899,0.0197,clip
C:\Users\Lenovo\Desktop\StyleMind\stylemind-cnn-training-pipeline\data\processed_dataset\Dress\dress342.jpg,Dress,solid,0.2211,summer,0.236,0.0876,clip
C:\Users\Lenovo\Desktop\StyleMind\stylemind-cnn-training-pipeline\data\processed_dataset\Shirt\shirt217.jpg,Shirt,solid,0.2713,summer,0.2689,0.0496,clip
C:\Users\Lenovo\Desktop\StyleMind\stylemind-cnn-training-pipeline\data\processed_dataset\Top\top142.jpg,Top,solid,0.2296,summer,0.2352,0.0687,clip
C:\Users\Lenovo\Desktop\StyleMind\stylemind-cnn-training-pipeline\data\processed_dataset\Warmwear\winter244.jpg,Warmwear,striped,0.2638,winter,0.2052,0.0109,clip
C:\Users\Lenovo\Desktop\StyleMind\stylemind-cnn-training-pipeline\data\processed_dataset\Dress\dress030.jpg,Dress,floral,0.2576,summer,0.2247,0.083,clip
C:\Users\Lenovo\Desktop\StyleMind\stylemind-cnn-training-pipeline\data\processed_dataset\Warmwear\winter201.jpg,Warmwear,solid,0.1929,winter,0.2156,0.0286,clip
C:\Users\Lenovo\Desktop\StyleMind\stylemind-cnn-training-pipeline\data\processed_dataset\Shorts\shorts091.jpg,Shorts,solid,0.2038,summer,0.1962,0.0708,clip
C:\Users\Lenovo\Desktop\StyleMind\stylemind-cnn-training-pipeline\data\processed_dataset\Shirt\shirt123.jpg,Shirt,solid,0.2725,summer,0.2466,0.0404,clip
C:\Users\Lenovo\Desktop\StyleMind\stylemind-cnn-training-pipeline\data\processed_dataset\Warmwear\winter029.jpg,Warmwear,solid,0.1951,winter,0.2067,0.0297,clip
C:\Users\Lenovo\Desktop\StyleMind\stylemind-cnn-training-pipeline\data\processed_dataset\Dress\dress134.jpg,Dress,floral,0.2499,summer,0.1717,0.062,clip
C:\Users\Lenovo\Desktop\StyleMind\stylemind-cnn-training-pipeline\data\processed_dataset\Shorts\shorts245.jpg,Shorts,embroidered,0.2197,summer,0.2065,0.063,clip
C:\Users\Lenovo\Desktop\StyleMind\stylemind-cnn-training-pipeline\data\processed_dataset\Jacket\jacket077.jpg,Jacket,solid,0.2032,all-season,0.2286,0.0087,low_confidence_fallback
C:\Users\Lenovo\Desktop\StyleMind\stylemind-cnn-training-pipeline\data\processed_dataset\Dress\dress363.jpg,Dress,pleated,0.1992,summer,0.2176,0.08,clip
C:\Users\Lenovo\Desktop\StyleMind\stylemind-cnn-training-pipeline\data\processed_dataset\Shirt\shirt267.jpg,Shirt,striped,0.254,summer,0.2369,0.0843,clip
C:\Users\Lenovo\Desktop\StyleMind\stylemind-cnn-training-pipeline\data\processed_dataset\Top\top009.jpg,Top,embroidered,0.2455,summer,0.1901,0.0252,clip
C:\Users\Lenovo\Desktop\StyleMind\stylemind-cnn-training-pipeline\data\processed_dataset\Warmwear\winter371.jpg,Warmwear,solid,0.2353,fall,0.2424,0.0329,clip
C:\Users\Lenovo\Desktop\StyleMind\stylemind-cnn-training-pipeline\data\processed_dataset\Pants\pant131.jpg,Pants,solid,0.229,summer,0.2225,0.047,clip
C:\Users\Lenovo\Desktop\StyleMind\stylemind-cnn-training-pipeline\data\processed_dataset\Shirt\shirt224.jpg,Shirt,pleated,0.2243,summer,0.2159,0.0681,clip
C:\Users\Lenovo\Desktop\StyleMind\stylemind-cnn-training-pipeline\data\processed_dataset\Top\top209.jpg,Top,solid,0.1937,summer,0.1765,0.0542,clip
C:\Users\Lenovo\Desktop\StyleMind\stylemind-cnn-training-pipeline\data\processed_dataset\Jacket\jacket330.jpg,Jacket,solid,0.222,winter,0.256,0.0334,clip
C:\Users\Lenovo\Desktop\StyleMind\stylemind-cnn-training-pipeline\data\processed_dataset\Jacket\jacket217.jpg,Jacket,solid,0.2081,winter,0.1959,0.0165,clip
C:\Users\Lenovo\Desktop\StyleMind\stylemind-cnn-training-pipeline\data\processed_dataset\Shorts\shorts387.jpg,Shorts,solid,0.2248,summer,0.2046,0.0473,clip
C:\Users\Lenovo\Desktop\StyleMind\stylemind-cnn-training-pipeline\data\processed_dataset\Top\top061.jpg,Top,solid,0.2298,summer,0.2419,0.082,clip
C:\Users\Lenovo\Desktop\StyleMind\stylemind-cnn-training-pipeline\data\processed_dataset\Jacket\jacket353.jpg,Jacket,solid,0.2048,summer,0.2093,0.0173,clip
C:\Users\Lenovo\Desktop\StyleMind\stylemind-cnn-training-pipeline\data\processed_dataset\Dress\dress355.jpg,Dress,floral,0.2291,summer,0.2111,0.0425,clip
C:\Users\Lenovo\Desktop\StyleMind\stylemind-cnn-training-pipeline\data\processed_dataset\Jacket\jacket315.jpg,Jacket,solid,0.1744,winter,0.2269,0.0143,clip
C:\Users\Lenovo\Desktop\StyleMind\stylemind-cnn-training-pipeline\data\processed_dataset\Skirt\skirt447.jpg,Skirt,pleated,0.2238,summer,0.1694,0.0184,clip
C:\Users\Lenovo\Desktop\StyleMind\stylemind-cnn-training-pipeline\data\processed_dataset\Pants\pant245.jpg,Pants,solid,0.2091,fall,0.1661,0.0135,clip
C:\Users\Lenovo\Desktop\StyleMind\stylemind-cnn-training-pipeline\data\processed_dataset\Shorts\shorts117.jpg,Shorts,solid,0.2092,summer,0.1924,0.0329,clip
C:\Users\Lenovo\Desktop\StyleMind\stylemind-cnn-training-pipeline\data\processed_dataset\Skirt\skirt107.jpg,Skirt,solid,0.2216,summer,0.1746,0.0313,clip
C:\Users\Lenovo\Desktop\StyleMind\stylemind-cnn-training-pipeline\data\processed_dataset\Formal_Pant\formal_pant283.jpg,Formal_Pant,solid,0.2142,all-season,0.1814,0.0077,low_confidence_fallback
C:\Users\Lenovo\Desktop\StyleMind\stylemind-cnn-training-pipeline\data\processed_dataset\Formal_Pant\formal_pant219.jpg,Formal_Pant,pleated,0.1869,all-season,0.1476,0.002,low_confidence_fallback
C:\Users\Lenovo\Desktop\StyleMind\stylemind-cnn-training-pipeline\data\processed_dataset\Shirt\shirt250.jpg,Shirt,pleated,0.2464,fall,0.2369,0.0362,clip
C:\Users\Lenovo\Desktop\StyleMind\stylemind-cnn-training-pipeline\data\processed_dataset\Warmwear\winter336.jpg,Warmwear,striped,0.2581,all-season,0.2173,0.0065,low_confidence_fallback
C:\Users\Lenovo\Desktop\StyleMind\stylemind-cnn-training-pipeline\data\processed_dataset\Blazer\blazer160.jpg,Blazer,pleated,0.2212,fall,0.2158,0.025,clip
C:\Users\Lenovo\Desktop\StyleMind\stylemind-cnn-training-pipeline\data\processed_dataset\Top\top074.jpg,Top,solid,0.2721,summer,0.2211,0.0299,clip
C:\Users\Lenovo\Desktop\StyleMind\stylemind-cnn-training-pipeline\data\processed_dataset\Shirt\shirt104.jpg,Shirt,solid,0.2771,summer,0.2535,0.0436,clip
C:\Users\Lenovo\Desktop\StyleMind\stylemind-cnn-training-pipeline\data\processed_dataset\Skirt\skirt205.jpg,Skirt,pleated,0.2428,all-season,0.1891,0.0034,low_confidence_fallback
C:\Users\Lenovo\Desktop\StyleMind\stylemind-cnn-training-pipeline\data\processed_dataset\Dress\dress237.jpg,Dress,checkered,0.2472,summer,0.2053,0.0716,clip
C:\Users\Lenovo\Desktop\StyleMind\stylemind-cnn-training-pipeline\data\processed_dataset\Dress\dress261.jpg,Dress,pleated,0.2177,winter,0.2408,0.052,clip
C:\Users\Lenovo\Desktop\StyleMind\stylemind-cnn-training-pipeline\data\processed_dataset\Jacket\jacket277.jpg,Jacket,solid,0.2045,fall,0.2125,0.0109,clip
C:\Users\Lenovo\Desktop\StyleMind\stylemind-cnn-training-pipeline\data\processed_dataset\Pants\pant431.jpg,Pants,solid,0.1642,all-season,0.1342,0.0024,low_confidence_fallback
C:\Users\Lenovo\Desktop\StyleMind\stylemind-cnn-training-pipeline\data\processed_dataset\Shorts\shorts017.jpg,Shorts,striped,0.2498,summer,0.2026,0.0576,clip
C:\Users\Lenovo\Desktop\StyleMind\stylemind-cnn-training-pipeline\data\processed_dataset\Shorts\shorts445.jpg,Shorts,solid,0.2054,summer,0.1855,0.0304,clip
C:\Users\Lenovo\Desktop\StyleMind\stylemind-cnn-training-pipeline\data\processed_dataset\Blazer\blazer408.jpg,Blazer,solid,0.2078,fall,0.2537,0.0126,clip
C:\Users\Lenovo\Desktop\StyleMind\stylemind-cnn-training-pipeline\data\processed_dataset\Blazer\blazer416.jpg,Blazer,solid,0.2092,fall,0.205,0.0105,clip
C:\Users\Lenovo\Desktop\StyleMind\stylemind-cnn-training-pipeline\data\processed_dataset\Jacket\jacket124.jpg,Jacket,solid,0.2081,all-season,0.2125,0.0004,low_confidence_fallback
C:\Users\Lenovo\Desktop\StyleMind\stylemind-cnn-training-pipeline\data\processed_dataset\Shorts\shorts311.jpg,Shorts,solid,0.1828,summer,0.1602,0.0571,clip
C:\Users\Lenovo\Desktop\StyleMind\stylemind-cnn-training-pipeline\data\processed_dataset\Dress\dress275.jpg,Dress,solid,0.2518,all-season,0.2219,0.0044,low_confidence_fallback
C:\Users\Lenovo\Desktop\StyleMind\stylemind-cnn-training-pipeline\data\processed_dataset\Formal_Pant\formal_pant382.jpg,Formal_Pant,striped,0.203,all-season,0.1433,0.0051,low_confidence_fallback
C:\Users\Lenovo\Desktop\StyleMind\stylemind-cnn-training-pipeline\data\processed_dataset\Blazer\blazer325.jpg,Blazer,solid,0.2183,fall,0.2307,0.0473,clip
C:\Users\Lenovo\Desktop\StyleMind\stylemind-cnn-training-pipeline\data\processed_dataset\Skirt\skirt082.jpg,Skirt,checkered,0.2543,all-season,0.1968,0.0045,low_confidence_fallback
C:\Users\Lenovo\Desktop\StyleMind\stylemind-cnn-training-pipeline\data\processed_dataset\Skirt\skirt236.jpg,Skirt,floral,0.2454,summer,0.2229,0.0573,clip
C:\Users\Lenovo\Desktop\StyleMind\stylemind-cnn-training-pipeline\data\processed_dataset\Skirt\skirt278.jpg,Skirt,pleated,0.2546,summer,0.2239,0.0378,clip
C:\Users\Lenovo\Desktop\StyleMind\stylemind-cnn-training-pipeline\data\processed_dataset\Warmwear\winter042.jpg,Warmwear,solid,0.2063,winter,0.2301,0.039,clip
C:\Users\Lenovo\Desktop\StyleMind\stylemind-cnn-training-pipeline\data\processed_dataset\Warmwear\winter014.jpg,Warmwear,graphic,0.1869,winter,0.1616,0.0205,clip
C:\Users\Lenovo\Desktop\StyleMind\stylemind-cnn-training-pipeline\data\processed_dataset\Warmwear\winter212.jpg,Warmwear,solid,0.2345,winter,0.2833,0.0425,clip
C:\Users\Lenovo\Desktop\StyleMind\stylemind-cnn-training-pipeline\data\processed_dataset\Blazer\blazer353.jpg,Blazer,solid,0.1934,fall,0.2183,0.0434,clip
C:\Users\Lenovo\Desktop\StyleMind\stylemind-cnn-training-pipeline\data\processed_dataset\Pants\pant071.jpg,Pants,pleated,0.2263,all-season,0.1838,0.0051,low_confidence_fallback
C:\Users\Lenovo\Desktop\StyleMind\stylemind-cnn-training-pipeline\data\processed_dataset\Blazer\blazer025.jpg,Blazer,solid,0.2295,fall,0.2508,0.0605,clip
C:\Users\Lenovo\Desktop\StyleMind\stylemind-cnn-training-pipeline\data\processed_dataset\Blazer\blazer256.jpg,Blazer,solid,0.1966,fall,0.223,0.0531,clip
C:\Users\Lenovo\Desktop\StyleMind\stylemind-cnn-training-pipeline\data\processed_dataset\Top\top197.jpg,Top,pleated,0.1831,summer,0.1789,0.0538,clip
C:\Users\Lenovo\Desktop\StyleMind\stylemind-cnn-training-pipeline\data\processed_dataset\Shorts\shorts313.jpg,Shorts,solid,0.1843,all-season,0.1537,0.0043,low_confidence_fallback
C:\Users\Lenovo\Desktop\StyleMind\stylemind-cnn-training-pipeline\data\processed_dataset\Pants\pant278.jpg,Pants,solid,0.1815,winter,0.1573,0.0178,clip
C:\Users\Lenovo\Desktop\StyleMind\stylemind-cnn-training-pipeline\data\processed_dataset\Skirt\skirt301.jpg,Skirt,pleated,0.2018,all-season,0.1686,0.003,low_confidence_fallback
C:\Users\Lenovo\Desktop\StyleMind\stylemind-cnn-training-pipeline\data\processed_dataset\Dress\dress300.jpg,Dress,pleated,0.2476,summer,0.1758,0.0181,clip
C:\Users\Lenovo\Desktop\StyleMind\stylemind-cnn-training-pipeline\data\processed_dataset\Dress\dress018.jpg,Dress,floral,0.2616,summer,0.196,0.0562,clip
C:\Users\Lenovo\Desktop\StyleMind\stylemind-cnn-training-pipeline\data\processed_dataset\Pants\pant308.jpg,Pants,solid,0.2373,fall,0.1938,0.0197,clip
C:\Users\Lenovo\Desktop\StyleMind\stylemind-cnn-training-pipeline\data\processed_dataset\Shirt\shirt147.jpg,Shirt,striped,0.2528,all-season,0.2016,0.0048,low_confidence_fallback
C:\Users\Lenovo\Desktop\StyleMind\stylemind-cnn-training-pipeline\data\processed_dataset\Dress\dress391.jpg,Dress,floral,0.2459,summer,0.2135,0.049,clip
C:\Users\Lenovo\Desktop\StyleMind\stylemind-cnn-training-pipeline\data\processed_dataset\Jacket\jacket204.jpg,Jacket,solid,0.2056,summer,0.1996,0.0289,clip
C:\Users\Lenovo\Desktop\StyleMind\stylemind-cnn-training-pipeline\data\processed_dataset\Warmwear\winter381.jpg,Warmwear,embroidered,0.2193,all-season,0.2205,0.0002,low_confidence_fallback
C:\Users\Lenovo\Desktop\StyleMind\stylemind-cnn-training-pipeline\data\processed_dataset\Top\top159.jpg,Top,solid,0.279,summer,0.2907,0.0598,clip
C:\Users\Lenovo\Desktop\StyleMind\stylemind-cnn-training-pipeline\data\processed_dataset\Pants\pant300.jpg,Pants,solid,0.1929,all-season,0.1578,0.0032,low_confidence_fallback
C:\Users\Lenovo\Desktop\StyleMind\stylemind-cnn-training-pipeline\data\processed_dataset\Warmwear\winter208.jpg,Warmwear,solid,0.1981,winter,0.2041,0.0162,clip
C:\Users\Lenovo\Desktop\StyleMind\stylemind-cnn-training-pipeline\data\processed_dataset\Blazer\blazer407.jpg,Blazer,solid,0.2076,fall,0.2233,0.0465,clip
C:\Users\Lenovo\Desktop\StyleMind\stylemind-cnn-training-pipeline\data\processed_dataset\Blazer\blazer071.jpg,Blazer,striped,0.2577,all-season,0.2145,0.0095,low_confidence_fallback
C:\Users\Lenovo\Desktop\StyleMind\stylemind-cnn-training-pipeline\data\processed_dataset\Warmwear\winter190.jpg,Warmwear,solid,0.1845,winter,0.1627,0.0154,clip
C:\Users\Lenovo\Desktop\StyleMind\stylemind-cnn-training-pipeline\data\processed_dataset\Warmwear\winter083.jpg,Warmwear,embroidered,0.2135,winter,0.2054,0.028,clip
C:\Users\Lenovo\Desktop\StyleMind\stylemind-cnn-training-pipeline\data\processed_dataset\Dress\dress274.jpg,Dress,pleated,0.2621,summer,0.2296,0.056,clip
C:\Users\Lenovo\Desktop\StyleMind\stylemind-cnn-training-pipeline\data\processed_dataset\Warmwear\winter346.jpg,Warmwear,striped,0.2149,all-season,0.21,0.0028,low_confidence_fallback
C:\Users\Lenovo\Desktop\StyleMind\stylemind-cnn-training-pipeline\data\processed_dataset\Formal_Pant\formal_pant377.jpg,Formal_Pant,solid,0.2128,all-season,0.1675,0.0005,low_confidence_fallback
C:\Users\Lenovo\Desktop\StyleMind\stylemind-cnn-training-pipeline\data\processed_dataset\Blazer\blazer352.jpg,Blazer,solid,0.1908,fall,0.2552,0.032,clip
C:\Users\Lenovo\Desktop\StyleMind\stylemind-cnn-training-pipeline\data\processed_dataset\Shirt\shirt076.jpg,Shirt,pleated,0.2312,summer,0.2273,0.0827,clip
C:\Users\Lenovo\Desktop\StyleMind\stylemind-cnn-training-pipeline\data\processed_dataset\Pants\pant097.jpg,Pants,solid,0.2513,summer,0.2056,0.0385,clip
C:\Users\Lenovo\Desktop\StyleMind\stylemind-cnn-training-pipeline\data\processed_dataset\Pants\pant416.jpg,Pants,solid,0.2089,summer,0.1878,0.0114,clip
C:\Users\Lenovo\Desktop\StyleMind\stylemind-cnn-training-pipeline\data\processed_dataset\Skirt\skirt437.jpg,Skirt,pleated,0.2081,summer,0.18,0.0525,clip
C:\Users\Lenovo\Desktop\StyleMind\stylemind-cnn-training-pipeline\data\processed_dataset\Shorts\shorts024.jpg,Shorts,embroidered,0.1914,all-season,0.1866,0.009,low_confidence_fallback
C:\Users\Lenovo\Desktop\StyleMind\stylemind-cnn-training-pipeline\data\processed_dataset\Pants\pant339.jpg,Pants,solid,0.2107,winter,0.1748,0.015,clip
C:\Users\Lenovo\Desktop\StyleMind\stylemind-cnn-training-pipeline\data\processed_dataset\Warmwear\winter376.jpg,Warmwear,embroidered,0.1964,winter,0.1931,0.0175,clip
C:\Users\Lenovo\Desktop\StyleMind\stylemind-cnn-training-pipeline\data\processed_dataset\Shirt\shirt051.jpg,Shirt,solid,0.2535,summer,0.2253,0.0193,clip
C:\Users\Lenovo\Desktop\StyleMind\stylemind-cnn-training-pipeline\data\processed_dataset\Top\top376.jpg,Top,solid,0.2514,summer,0.2494,0.0522,clip
C:\Users\Lenovo\Desktop\StyleMind\stylemind-cnn-training-pipeline\data\processed_dataset\Blazer\blazer091.jpg,Blazer,solid,0.1809,fall,0.2298,0.0342,clip
C:\Users\Lenovo\Desktop\StyleMind\stylemind-cnn-training-pipeline\data\processed_dataset\Jacket\jacket305.jpg,Jacket,solid,0.1821,fall,0.2001,0.0206,clip
C:\Users\Lenovo\Desktop\StyleMind\stylemind-cnn-training-pipeline\data\processed_dataset\Dress\dress295.jpg,Dress,pleated,0.298,summer,0.2084,0.0546,clip
C:\Users\Lenovo\Desktop\StyleMind\stylemind-cnn-training-pipeline\data\processed_dataset\Top\top237.jpg,Top,solid,0.1923,summer,0.1891,0.0512,clip
C:\Users\Lenovo\Desktop\StyleMind\stylemind-cnn-training-pipeline\data\processed_dataset\Warmwear\winter307.jpg,Warmwear,graphic,0.2003,winter,0.2241,0.0344,clip
C:\Users\Lenovo\Desktop\StyleMind\stylemind-cnn-training-pipeline\data\processed_dataset\Formal_Pant\formal_pant287.jpg,Formal_Pant,solid,0.1873,summer,0.1485,0.0129,clip
C:\Users\Lenovo\Desktop\StyleMind\stylemind-cnn-training-pipeline\data\processed_dataset\Jacket\jacket419.jpg,Jacket,solid,0.2664,all-season,0.2499,0.0087,low_confidence_fallback
C:\Users\Lenovo\Desktop\StyleMind\stylemind-cnn-training-pipeline\data\processed_dataset\Skirt\skirt149.jpg,Skirt,pleated,0.2032,summer,0.1621,0.029,clip
C:\Users\Lenovo\Desktop\StyleMind\stylemind-cnn-training-pipeline\data\processed_dataset\Skirt\skirt373.jpg,Skirt,pleated,0.3,all-season,0.2079,0.0019,low_confidence_fallback
C:\Users\Lenovo\Desktop\StyleMind\stylemind-cnn-training-pipeline\data\processed_dataset\Shorts\shorts202.jpg,Shorts,solid,0.2068,summer,0.1858,0.0113,clip
C:\Users\Lenovo\Desktop\StyleMind\stylemind-cnn-training-pipeline\data\processed_dataset\Warmwear\winter038.jpg,Warmwear,solid,0.2297,all-season,0.2245,0.0015,low_confidence_fallback
C:\Users\Lenovo\Desktop\StyleMind\stylemind-cnn-training-pipeline\data\processed_dataset\Top\top305.jpg,Top,pleated,0.2542,summer,0.2639,0.0844,clip
C:\Users\Lenovo\Desktop\StyleMind\stylemind-cnn-training-pipeline\data\processed_dataset\Formal_Pant\formal_pant149.jpg,Formal_Pant,solid,0.1913,all-season,0.162,0.0091,low_confidence_fallback
C:\Users\Lenovo\Desktop\StyleMind\stylemind-cnn-training-pipeline\data\processed_dataset\Top\top186.jpg,Top,solid,0.2504,summer,0.2549,0.0614,clip
C:\Users\Lenovo\Desktop\StyleMind\stylemind-cnn-training-pipeline\data\processed_dataset\Formal_Pant\formal_pant299.jpg,Formal_Pant,solid,0.175,summer,0.1519,0.0334,clip
C:\Users\Lenovo\Desktop\StyleMind\stylemind-cnn-training-pipeline\data\processed_dataset\Warmwear\winter060.jpg,Warmwear,graphic,0.198,winter,0.1927,0.023,clip
C:\Users\Lenovo\Desktop\StyleMind\stylemind-cnn-training-pipeline\data\processed_dataset\Top\top196.jpg,Top,floral,0.1787,summer,0.1946,0.0574,clip
C:\Users\Lenovo\Desktop\StyleMind\stylemind-cnn-training-pipeline\data\processed_dataset\Shirt\shirt006.jpg,Shirt,solid,0.2532,summer,0.2104,0.0196,clip
C:\Users\Lenovo\Desktop\StyleMind\stylemind-cnn-training-pipeline\data\processed_dataset\Skirt\skirt221.jpg,Skirt,pleated,0.241,summer,0.1844,0.0186,clip
C:\Users\Lenovo\Desktop\StyleMind\stylemind-cnn-training-pipeline\data\processed_dataset\Skirt\skirt023.jpg,Skirt,solid,0.2325,summer,0.1998,0.0479,clip
C:\Users\Lenovo\Desktop\StyleMind\stylemind-cnn-training-pipeline\data\processed_dataset\Shirt\shirt262.jpg,Shirt,checkered,0.2594,summer,0.2152,0.0521,clip
C:\Users\Lenovo\Desktop\StyleMind\stylemind-cnn-training-pipeline\data\processed_dataset\Shirt\shirt322.jpg,Shirt,striped,0.2672,summer,0.1999,0.0294,clip
C:\Users\Lenovo\Desktop\StyleMind\stylemind-cnn-training-pipeline\data\processed_dataset\Formal_Pant\formal_pant267.jpg,Formal_Pant,solid,0.2189,all-season,0.1874,0.0054,low_confidence_fallback
C:\Users\Lenovo\Desktop\StyleMind\stylemind-cnn-training-pipeline\data\processed_dataset\Jacket\jacket196.jpg,Jacket,solid,0.2144,all-season,0.1979,0.0013,low_confidence_fallback
C:\Users\Lenovo\Desktop\StyleMind\stylemind-cnn-training-pipeline\data\processed_dataset\Skirt\skirt322.jpg,Skirt,pleated,0.2564,summer,0.1822,0.0237,clip
C:\Users\Lenovo\Desktop\StyleMind\stylemind-cnn-training-pipeline\data\processed_dataset\Jacket\jacket157.jpg,Jacket,solid,0.1957,winter,0.2462,0.0336,clip
C:\Users\Lenovo\Desktop\StyleMind\stylemind-cnn-training-pipeline\data\processed_dataset\Pants\pant128.jpg,Pants,solid,0.222,all-season,0.1748,0.0071,low_confidence_fallback
C:\Users\Lenovo\Desktop\StyleMind\stylemind-cnn-training-pipeline\data\processed_dataset\Jacket\jacket324.jpg,Jacket,solid,0.1706,all-season,0.2117,0.004,low_confidence_fallback
C:\Users\Lenovo\Desktop\StyleMind\stylemind-cnn-training-pipeline\data\processed_dataset\Warmwear\winter217.jpg,Warmwear,solid,0.2077,winter,0.2383,0.034,clip
C:\Users\Lenovo\Desktop\StyleMind\stylemind-cnn-training-pipeline\data\processed_dataset\Formal_Pant\formal_pant002.jpg,Formal_Pant,solid,0.2079,all-season,0.1765,0.0018,low_confidence_fallback
C:\Users\Lenovo\Desktop\StyleMind\stylemind-cnn-training-pipeline\data\processed_dataset\Shorts\shorts290.jpg,Shorts,solid,0.1656,all-season,0.1491,0.0017,low_confidence_fallback
C:\Users\Lenovo\Desktop\StyleMind\stylemind-cnn-training-pipeline\data\processed_dataset\Formal_Pant\formal_pant353.jpg,Formal_Pant,solid,0.1994,all-season,0.1525,0.0054,low_confidence_fallback
C:\Users\Lenovo\Desktop\StyleMind\stylemind-cnn-training-pipeline\data\processed_dataset\Blazer\blazer366.jpg,Blazer,solid,0.1959,all-season,0.189,0.0061,low_confidence_fallback
C:\Users\Lenovo\Desktop\StyleMind\stylemind-cnn-training-pipeline\data\processed_dataset\Shorts\shorts408.jpg,Shorts,graphic,0.2092,summer,0.1684,0.0495,clip
C:\Users\Lenovo\Desktop\StyleMind\stylemind-cnn-training-pipeline\data\processed_dataset\Skirt\skirt359.jpg,Skirt,pleated,0.2594,summer,0.1675,0.012,clip
C:\Users\Lenovo\Desktop\StyleMind\stylemind-cnn-training-pipeline\data\processed_dataset\Jacket\jacket302.jpg,Jacket,solid,0.2384,fall,0.245,0.0256,clip
C:\Users\Lenovo\Desktop\StyleMind\stylemind-cnn-training-pipeline\data\processed_dataset\Pants\pant198.jpg,Pants,solid,0.206,all-season,0.1691,0.0002,low_confidence_fallback
C:\Users\Lenovo\Desktop\StyleMind\stylemind-cnn-training-pipeline\data\processed_dataset\Blazer\blazer290.jpg,Blazer,checkered,0.2443,fall,0.2258,0.0459,clip
C:\Users\Lenovo\Desktop\StyleMind\stylemind-cnn-training-pipeline\data\processed_dataset\Pants\pant094.jpg,Pants,solid,0.1825,winter,0.1681,0.0169,clip
C:\Users\Lenovo\Desktop\StyleMind\stylemind-cnn-training-pipeline\data\processed_dataset\Shorts\shorts362.jpg,Shorts,solid,0.1763,summer,0.1697,0.0403,clip
C:\Users\Lenovo\Desktop\StyleMind\stylemind-cnn-training-pipeline\data\processed_dataset\Skirt\skirt116.jpg,Skirt,solid,0.2531,all-season,0.1818,0.0064,low_confidence_fallback
C:\Users\Lenovo\Desktop\StyleMind\stylemind-cnn-training-pipeline\data\processed_dataset\Warmwear\winter304.jpg,Warmwear,graphic,0.193,winter,0.1733,0.0228,clip
C:\Users\Lenovo\Desktop\StyleMind\stylemind-cnn-training-pipeline\data\processed_dataset\Pants\pant292.jpg,Pants,solid,0.2335,all-season,0.2046,0.0003,low_confidence_fallback
C:\Users\Lenovo\Desktop\StyleMind\stylemind-cnn-training-pipeline\data\processed_dataset\Warmwear\winter200.jpg,Warmwear,embroidered,0.2258,winter,0.2138,0.0252,clip
C:\Users\Lenovo\Desktop\StyleMind\stylemind-cnn-training-pipeline\data\processed_dataset\Top\top010.jpg,Top,graphic,0.2071,summer,0.1994,0.0386,clip
C:\Users\Lenovo\Desktop\StyleMind\stylemind-cnn-training-pipeline\data\processed_dataset\Shorts\shorts356.jpg,Shorts,solid,0.2332,summer,0.2124,0.0317,clip
C:\Users\Lenovo\Desktop\StyleMind\stylemind-cnn-training-pipeline\data\processed_dataset\Jacket\jacket376.jpg,Jacket,solid,0.2033,all-season,0.1871,0.0008,low_confidence_fallback
C:\Users\Lenovo\Desktop\StyleMind\stylemind-cnn-training-pipeline\data\processed_dataset\Formal_Pant\formal_pant244.jpg,Formal_Pant,solid,0.215,all-season,0.1721,0.0007,low_confidence_fallback
C:\Users\Lenovo\Desktop\StyleMind\stylemind-cnn-training-pipeline\data\processed_dataset\Pants\pant275.jpg,Pants,solid,0.1966,summer,0.1773,0.0277,clip
C:\Users\Lenovo\Desktop\StyleMind\stylemind-cnn-training-pipeline\data\processed_dataset\Pants\pant389.jpg,Pants,solid,0.2193,fall,0.1913,0.0191,clip
C:\Users\Lenovo\Desktop\StyleMind\stylemind-cnn-training-pipeline\data\processed_dataset\Skirt\skirt122.jpg,Skirt,solid,0.2462,summer,0.2013,0.0316,clip
C:\Users\Lenovo\Desktop\StyleMind\stylemind-cnn-training-pipeline\data\processed_dataset\Warmwear\winter135.jpg,Warmwear,solid,0.2407,all-season,0.1796,0.0035,low_confidence_fallback
C:\Users\Lenovo\Desktop\StyleMind\stylemind-cnn-training-pipeline\data\processed_dataset\Pants\pant121.jpg,Pants,solid,0.2148,all-season,0.1622,0.0091,low_confidence_fallback
C:\Users\Lenovo\Desktop\StyleMind\stylemind-cnn-training-pipeline\data\processed_dataset\Warmwear\winter213.jpg,Warmwear,solid,0.2237,winter,0.2306,0.0182,clip
C:\Users\Lenovo\Desktop\StyleMind\stylemind-cnn-training-pipeline\data\processed_dataset\Shorts\shorts412.jpg,Shorts,solid,0.1565,summer,0.1445,0.0128,clip
C:\Users\Lenovo\Desktop\StyleMind\stylemind-cnn-training-pipeline\data\processed_dataset\Formal_Pant\formal_pant249.jpg,Formal_Pant,solid,0.1808,fall,0.1528,0.0123,clip
C:\Users\Lenovo\Desktop\StyleMind\stylemind-cnn-training-pipeline\data\processed_dataset\Pants\pant210.jpg,Pants,solid,0.2011,fall,0.1766,0.0267,clip
C:\Users\Lenovo\Desktop\StyleMind\stylemind-cnn-training-pipeline\data\processed_dataset\Top\top316.jpg,Top,solid,0.2648,all-season,0.2327,0.0069,low_confidence_fallback
C:\Users\Lenovo\Desktop\StyleMind\stylemind-cnn-training-pipeline\data\processed_dataset\Skirt\skirt054.jpg,Skirt,solid,0.1994,fall,0.1792,0.0234,clip
C:\Users\Lenovo\Desktop\StyleMind\stylemind-cnn-training-pipeline\data\processed_dataset\Shorts\shorts339.jpg,Shorts,solid,0.2172,summer,0.1924,0.025,clip
C:\Users\Lenovo\Desktop\StyleMind\stylemind-cnn-training-pipeline\data\processed_dataset\Top\top342.jpg,Top,solid,0.1929,summer,0.2077,0.0661,clip
C:\Users\Lenovo\Desktop\StyleMind\stylemind-cnn-training-pipeline\data\processed_dataset\Top\top266.jpg,Top,floral,0.2142,summer,0.2309,0.064,clip
C:\Users\Lenovo\Desktop\StyleMind\stylemind-cnn-training-pipeline\data\processed_dataset\Formal_Pant\formal_pant265.jpg,Formal_Pant,solid,0.2118,all-season,0.1701,0.0047,low_confidence_fallback
C:\Users\Lenovo\Desktop\StyleMind\stylemind-cnn-training-pipeline\data\processed_dataset\Skirt\skirt199.jpg,Skirt,pleated,0.2412,summer,0.2312,0.0754,clip
C:\Users\Lenovo\Desktop\StyleMind\stylemind-cnn-training-pipeline\data\processed_dataset\Formal_Pant\formal_pant022.jpg,Formal_Pant,solid,0.1841,all-season,0.1633,0.0005,low_confidence_fallback
C:\Users\Lenovo\Desktop\StyleMind\stylemind-cnn-training-pipeline\data\processed_dataset\Shirt\shirt093.jpg,Shirt,solid,0.2393,summer,0.2128,0.0234,clip
C:\Users\Lenovo\Desktop\StyleMind\stylemind-cnn-training-pipeline\data\processed_dataset\Warmwear\winter306.jpg,Warmwear,graphic,0.2041,winter,0.2275,0.0464,clip
C:\Users\Lenovo\Desktop\StyleMind\stylemind-cnn-training-pipeline\data\processed_dataset\Dress\dress045.jpg,Dress,floral,0.2148,summer,0.1789,0.0694,clip
C:\Users\Lenovo\Desktop\StyleMind\stylemind-cnn-training-pipeline\data\processed_dataset\Shirt\shirt002.jpg,Shirt,striped,0.2704,summer,0.2431,0.0332,clip
C:\Users\Lenovo\Desktop\StyleMind\stylemind-cnn-training-pipeline\data\processed_dataset\Formal_Pant\formal_pant048.jpg,Formal_Pant,striped,0.2467,all-season,0.1832,0.0043,low_confidence_fallback
C:\Users\Lenovo\Desktop\StyleMind\stylemind-cnn-training-pipeline\data\processed_dataset\Skirt\skirt010.jpg,Skirt,checkered,0.2776,all-season,0.1812,0.0029,low_confidence_fallback
C:\Users\Lenovo\Desktop\StyleMind\stylemind-cnn-training-pipeline\data\processed_dataset\Shirt\shirt384.jpg,Shirt,solid,0.242,summer,0.2339,0.081,clip
C:\Users\Lenovo\Desktop\StyleMind\stylemind-cnn-training-pipeline\data\processed_dataset\Skirt\skirt037.jpg,Skirt,checkered,0.2656,fall,0.2076,0.0186,clip
C:\Users\Lenovo\Desktop\StyleMind\stylemind-cnn-training-pipeline\data\processed_dataset\Shorts\shorts015.jpg,Shorts,graphic,0.196,summer,0.1785,0.0453,clip
C:\Users\Lenovo\Desktop\StyleMind\stylemind-cnn-training-pipeline\data\processed_dataset\Formal_Pant\formal_pant172.jpg,Formal_Pant,solid,0.2355,all-season,0.1737,0.0016,low_confidence_fallback
C:\Users\Lenovo\Desktop\StyleMind\stylemind-cnn-training-pipeline\data\processed_dataset\Blazer\blazer194.jpg,Blazer,solid,0.2041,fall,0.2087,0.0357,clip
C:\Users\Lenovo\Desktop\StyleMind\stylemind-cnn-training-pipeline\data\processed_dataset\Top\top263.jpg,Top,solid,0.2129,summer,0.2039,0.0175,clip
C:\Users\Lenovo\Desktop\StyleMind\stylemind-cnn-training-pipeline\data\processed_dataset\Formal_Pant\formal_pant043.jpg,Formal_Pant,solid,0.1858,fall,0.1643,0.0145,clip
C:\Users\Lenovo\Desktop\StyleMind\stylemind-cnn-training-pipeline\data\processed_dataset\Shorts\shorts188.jpg,Shorts,solid,0.1965,all-season,0.1424,0.0029,low_confidence_fallback
C:\Users\Lenovo\Desktop\StyleMind\stylemind-cnn-training-pipeline\data\processed_dataset\Jacket\jacket125.jpg,Jacket,solid,0.2101,fall,0.2006,0.0114,clip
C:\Users\Lenovo\Desktop\StyleMind\stylemind-cnn-training-pipeline\data\processed_dataset\Blazer\blazer249.jpg,Blazer,checkered,0.2613,fall,0.2282,0.0365,clip
C:\Users\Lenovo\Desktop\StyleMind\stylemind-cnn-training-pipeline\data\processed_dataset\Skirt\skirt427.jpg,Skirt,pleated,0.2183,all-season,0.1469,0.0017,low_confidence_fallback
C:\Users\Lenovo\Desktop\StyleMind\stylemind-cnn-training-pipeline\data\processed_dataset\Warmwear\winter400.jpg,Warmwear,solid,0.2611,winter,0.2087,0.0129,clip
C:\Users\Lenovo\Desktop\StyleMind\stylemind-cnn-training-pipeline\data\processed_dataset\Blazer\blazer075.jpg,Blazer,striped,0.2327,fall,0.2034,0.016,clip
C:\Users\Lenovo\Desktop\StyleMind\stylemind-cnn-training-pipeline\data\processed_dataset\Formal_Pant\formal_pant027.jpg,Formal_Pant,solid,0.1953,all-season,0.1901,0.0075,low_confidence_fallback
C:\Users\Lenovo\Desktop\StyleMind\stylemind-cnn-training-pipeline\data\processed_dataset\Skirt\skirt444.jpg,Skirt,solid,0.2013,summer,0.1809,0.0472,clip
C:\Users\Lenovo\Desktop\StyleMind\stylemind-cnn-training-pipeline\data\processed_dataset\Jacket\jacket106.jpg,Jacket,solid,0.1966,fall,0.2193,0.0254,clip
C:\Users\Lenovo\Desktop\StyleMind\stylemind-cnn-training-pipeline\data\processed_dataset\Shorts\shorts138.jpg,Shorts,solid,0.1685,summer,0.1521,0.0317,clip
C:\Users\Lenovo\Desktop\StyleMind\stylemind-cnn-training-pipeline\data\processed_dataset\Warmwear\winter035.jpg,Warmwear,solid,0.1863,winter,0.1669,0.027,clip
C:\Users\Lenovo\Desktop\StyleMind\stylemind-cnn-training-pipeline\data\processed_dataset\Warmwear\winter034.jpg,Warmwear,graphic,0.1495,winter,0.1436,0.0189,clip
C:\Users\Lenovo\Desktop\StyleMind\stylemind-cnn-training-pipeline\data\processed_dataset\Formal_Pant\formal_pant263.jpg,Formal_Pant,solid,0.2032,all-season,0.1713,0.0033,low_confidence_fallback
C:\Users\Lenovo\Desktop\StyleMind\stylemind-cnn-training-pipeline\data\processed_dataset\Top\top127.jpg,Top,solid,0.2698,summer,0.2079,0.0722,clip
C:\Users\Lenovo\Desktop\StyleMind\stylemind-cnn-training-pipeline\data\processed_dataset\Shirt\shirt247.jpg,Shirt,solid,0.2019,summer,0.1865,0.0112,clip
C:\Users\Lenovo\Desktop\StyleMind\stylemind-cnn-training-pipeline\data\processed_dataset\Skirt\skirt341.jpg,Skirt,pleated,0.2185,summer,0.1939,0.0498,clip
C:\Users\Lenovo\Desktop\StyleMind\stylemind-cnn-training-pipeline\data\processed_dataset\Shorts\shorts414.jpg,Shorts,striped,0.1825,summer,0.1658,0.0183,clip
C:\Users\Lenovo\Desktop\StyleMind\stylemind-cnn-training-pipeline\data\processed_dataset\Pants\pant083.jpg,Pants,solid,0.215,all-season,0.1716,0.0074,low_confidence_fallback
C:\Users\Lenovo\Desktop\StyleMind\stylemind-cnn-training-pipeline\data\processed_dataset\Skirt\skirt053.jpg,Skirt,solid,0.2534,all-season,0.2012,0.0071,low_confidence_fallback
C:\Users\Lenovo\Desktop\StyleMind\stylemind-cnn-training-pipeline\data\processed_dataset\Warmwear\winter192.jpg,Warmwear,solid,0.2212,all-season,0.1818,0.0029,low_confidence_fallback
C:\Users\Lenovo\Desktop\StyleMind\stylemind-cnn-training-pipeline\data\processed_dataset\Jacket\jacket039.jpg,Jacket,solid,0.1758,winter,0.2438,0.0173,clip
C:\Users\Lenovo\Desktop\StyleMind\stylemind-cnn-training-pipeline\data\processed_dataset\Shirt\shirt096.jpg,Shirt,solid,0.2406,summer,0.1975,0.0162,clip
C:\Users\Lenovo\Desktop\StyleMind\stylemind-cnn-training-pipeline\data\processed_dataset\Skirt\skirt019.jpg,Skirt,floral,0.2104,all-season,0.1751,0.0003,low_confidence_fallback
C:\Users\Lenovo\Desktop\StyleMind\stylemind-cnn-training-pipeline\data\processed_dataset\Top\top352.jpg,Top,floral,0.2262,summer,0.2432,0.0701,clip
C:\Users\Lenovo\Desktop\StyleMind\stylemind-cnn-training-pipeline\data\processed_dataset\Blazer\blazer259.jpg,Blazer,solid,0.2023,all-season,0.1888,0.0096,low_confidence_fallback
C:\Users\Lenovo\Desktop\StyleMind\stylemind-cnn-training-pipeline\data\processed_dataset\Pants\pant215.jpg,Pants,solid,0.2234,all-season,0.1912,0.0051,low_confidence_fallback
C:\Users\Lenovo\Desktop\StyleMind\stylemind-cnn-training-pipeline\data\processed_dataset\Jacket\jacket448.jpg,Jacket,solid,0.2356,winter,0.2535,0.0101,clip
C:\Users\Lenovo\Desktop\StyleMind\stylemind-cnn-training-pipeline\data\processed_dataset\Shirt\shirt324.jpg,Shirt,solid,0.2433,summer,0.2367,0.0588,clip
C:\Users\Lenovo\Desktop\StyleMind\stylemind-cnn-training-pipeline\data\processed_dataset\Formal_Pant\formal_pant079.jpg,Formal_Pant,checkered,0.1997,fall,0.1498,0.0115,clip
C:\Users\Lenovo\Desktop\StyleMind\stylemind-cnn-training-pipeline\data\processed_dataset\Jacket\jacket259.jpg,Jacket,solid,0.2295,winter,0.2654,0.0124,clip
C:\Users\Lenovo\Desktop\StyleMind\stylemind-cnn-training-pipeline\data\processed_dataset\Dress\dress322.jpg,Dress,solid,0.2283,summer,0.2295,0.0489,clip
C:\Users\Lenovo\Desktop\StyleMind\stylemind-cnn-training-pipeline\data\processed_dataset\Dress\dress157.jpg,Dress,pleated,0.2276,summer,0.1823,0.0371,clip
C:\Users\Lenovo\Desktop\StyleMind\stylemind-cnn-training-pipeline\data\processed_dataset\Shorts\shorts386.jpg,Shorts,solid,0.2121,summer,0.1863,0.0202,clip
C:\Users\Lenovo\Desktop\StyleMind\stylemind-cnn-training-pipeline\data\processed_dataset\Formal_Pant\formal_pant037.jpg,Formal_Pant,solid,0.2218,fall,0.1913,0.0138,clip
C:\Users\Lenovo\Desktop\StyleMind\stylemind-cnn-training-pipeline\data\processed_dataset\Warmwear\winter160.jpg,Warmwear,solid,0.199,winter,0.181,0.0205,clip
C:\Users\Lenovo\Desktop\StyleMind\stylemind-cnn-training-pipeline\data\processed_dataset\Pants\pant328.jpg,Pants,solid,0.2124,summer,0.1871,0.0423,clip
C:\Users\Lenovo\Desktop\StyleMind\stylemind-cnn-training-pipeline\data\processed_dataset\Blazer\blazer363.jpg,Blazer,solid,0.2078,fall,0.2079,0.0258,clip
C:\Users\Lenovo\Desktop\StyleMind\stylemind-cnn-training-pipeline\data\processed_dataset\Pants\pant259.jpg,Pants,solid,0.2029,winter,0.1832,0.016,clip
C:\Users\Lenovo\Desktop\StyleMind\stylemind-cnn-training-pipeline\data\processed_dataset\Warmwear\winter342.jpg,Warmwear,striped,0.1847,winter,0.2255,0.0149,clip
C:\Users\Lenovo\Desktop\StyleMind\stylemind-cnn-training-pipeline\data\processed_dataset\Blazer\blazer031.jpg,Blazer,striped,0.2556,fall,0.2117,0.0339,clip
C:\Users\Lenovo\Desktop\StyleMind\stylemind-cnn-training-pipeline\data\processed_dataset\Blazer\blazer040.jpg,Blazer,solid,0.1931,fall,0.2045,0.0332,clip
C:\Users\Lenovo\Desktop\StyleMind\stylemind-cnn-training-pipeline\data\processed_dataset\Shorts\shorts396.jpg,Shorts,solid,0.2121,summer,0.1791,0.018,clip
C:\Users\Lenovo\Desktop\StyleMind\stylemind-cnn-training-pipeline\data\processed_dataset\Shirt\shirt090.jpg,Shirt,solid,0.1956,all-season,0.171,0.004,low_confidence_fallback
C:\Users\Lenovo\Desktop\StyleMind\stylemind-cnn-training-pipeline\data\processed_dataset\Shirt\shirt041.jpg,Shirt,checkered,0.2781,fall,0.2565,0.0464,clip
C:\Users\Lenovo\Desktop\StyleMind\stylemind-cnn-training-pipeline\data\processed_dataset\Warmwear\winter091.jpg,Warmwear,striped,0.2267,winter,0.2127,0.0155,clip
C:\Users\Lenovo\Desktop\StyleMind\stylemind-cnn-training-pipeline\data\processed_dataset\Shirt\shirt074.jpg,Shirt,pleated,0.2394,summer,0.2411,0.0737,clip
C:\Users\Lenovo\Desktop\StyleMind\stylemind-cnn-training-pipeline\data\processed_dataset\Pants\pant109.jpg,Pants,solid,0.1999,summer,0.174,0.0346,clip
C:\Users\Lenovo\Desktop\StyleMind\stylemind-cnn-training-pipeline\data\processed_dataset\Pants\pant085.jpg,Pants,solid,0.1957,all-season,0.1642,0.0022,low_confidence_fallback
C:\Users\Lenovo\Desktop\StyleMind\stylemind-cnn-training-pipeline\data\processed_dataset\Pants\pant247.jpg,Pants,solid,0.2122,all-season,0.1694,0.0065,low_confidence_fallback
C:\Users\Lenovo\Desktop\StyleMind\stylemind-cnn-training-pipeline\data\processed_dataset\Dress\dress349.jpg,Dress,floral,0.2533,summer,0.2184,0.0616,clip
C:\Users\Lenovo\Desktop\StyleMind\stylemind-cnn-training-pipeline\data\processed_dataset\Pants\pant033.jpg,Pants,solid,0.2234,winter,0.2575,0.0434,clip
C:\Users\Lenovo\Desktop\StyleMind\stylemind-cnn-training-pipeline\data\processed_dataset\Pants\pant020.jpg,Pants,solid,0.2223,winter,0.2353,0.039,clip
C:\Users\Lenovo\Desktop\StyleMind\stylemind-cnn-training-pipeline\data\processed_dataset\Dress\dress146.jpg,Dress,floral,0.2178,summer,0.1969,0.0675,clip
C:\Users\Lenovo\Desktop\StyleMind\stylemind-cnn-training-pipeline\data\processed_dataset\Skirt\skirt433.jpg,Skirt,solid,0.203,summer,0.1782,0.0458,clip
C:\Users\Lenovo\Desktop\StyleMind\stylemind-cnn-training-pipeline\data\processed_dataset\Formal_Pant\formal_pant322.jpg,Formal_Pant,solid,0.211,summer,0.1819,0.0177,clip
C:\Users\Lenovo\Desktop\StyleMind\stylemind-cnn-training-pipeline\data\processed_dataset\Pants\pant369.jpg,Pants,solid,0.166,fall,0.1529,0.0141,clip
C:\Users\Lenovo\Desktop\StyleMind\stylemind-cnn-training-pipeline\data\processed_dataset\Warmwear\winter053.jpg,Warmwear,solid,0.1952,winter,0.2048,0.0116,clip
C:\Users\Lenovo\Desktop\StyleMind\stylemind-cnn-training-pipeline\data\processed_dataset\Skirt\skirt048.jpg,Skirt,solid,0.2387,summer,0.1885,0.027,clip
C:\Users\Lenovo\Desktop\StyleMind\stylemind-cnn-training-pipeline\data\processed_dataset\Formal_Pant\formal_pant159.jpg,Formal_Pant,solid,0.2204,all-season,0.1839,0.0091,low_confidence_fallback
C:\Users\Lenovo\Desktop\StyleMind\stylemind-cnn-training-pipeline\data\processed_dataset\Warmwear\winter087.jpg,Warmwear,solid,0.2084,all-season,0.2336,0.009,low_confidence_fallback
C:\Users\Lenovo\Desktop\StyleMind\stylemind-cnn-training-pipeline\data\processed_dataset\Pants\pant323.jpg,Pants,solid,0.1627,summer,0.1167,0.0129,clip
C:\Users\Lenovo\Desktop\StyleMind\stylemind-cnn-training-pipeline\data\processed_dataset\Skirt\skirt386.jpg,Skirt,checkered,0.27,all-season,0.2058,0.0045,low_confidence_fallback
C:\Users\Lenovo\Desktop\StyleMind\stylemind-cnn-training-pipeline\data\processed_dataset\Formal_Pant\formal_pant181.jpg,Formal_Pant,solid,0.2266,summer,0.1899,0.014,clip
C:\Users\Lenovo\Desktop\StyleMind\stylemind-cnn-training-pipeline\data\processed_dataset\Top\top043.jpg,Top,solid,0.2253,summer,0.2083,0.0574,clip
C:\Users\Lenovo\Desktop\StyleMind\stylemind-cnn-training-pipeline\data\processed_dataset\Skirt\skirt220.jpg,Skirt,floral,0.2545,summer,0.2139,0.0656,clip
C:\Users\Lenovo\Desktop\StyleMind\stylemind-cnn-training-pipeline\data\processed_dataset\Shirt\shirt289.jpg,Shirt,checkered,0.2463,summer,0.1997,0.0298,clip
C:\Users\Lenovo\Desktop\StyleMind\stylemind-cnn-training-pipeline\data\processed_dataset\Formal_Pant\formal_pant188.jpg,Formal_Pant,solid,0.2103,fall,0.19,0.015,clip
C:\Users\Lenovo\Desktop\StyleMind\stylemind-cnn-training-pipeline\data\processed_dataset\Shirt\shirt169.jpg,Shirt,checkered,0.2866,summer,0.268,0.0154,clip
C:\Users\Lenovo\Desktop\StyleMind\stylemind-cnn-training-pipeline\data\processed_dataset\Pants\pant156.jpg,Pants,solid,0.2074,summer,0.1802,0.0105,clip
C:\Users\Lenovo\Desktop\StyleMind\stylemind-cnn-training-pipeline\data\processed_dataset\Skirt\skirt056.jpg,Skirt,embroidered,0.2149,fall,0.1852,0.0213,clip
C:\Users\Lenovo\Desktop\StyleMind\stylemind-cnn-training-pipeline\data\processed_dataset\Skirt\skirt337.jpg,Skirt,pleated,0.204,summer,0.1677,0.0208,clip
C:\Users\Lenovo\Desktop\StyleMind\stylemind-cnn-training-pipeline\data\processed_dataset\Shirt\shirt344.jpg,Shirt,solid,0.2557,summer,0.2607,0.0827,clip
C:\Users\Lenovo\Desktop\StyleMind\stylemind-cnn-training-pipeline\data\processed_dataset\Shorts\shorts065.jpg,Shorts,solid,0.2111,summer,0.1808,0.0262,clip
C:\Users\Lenovo\Desktop\StyleMind\stylemind-cnn-training-pipeline\data\processed_dataset\Jacket\jacket010.jpg,Jacket,solid,0.2114,winter,0.2017,0.0132,clip
C:\Users\Lenovo\Desktop\StyleMind\stylemind-cnn-training-pipeline\data\processed_dataset\Skirt\skirt274.jpg,Skirt,pleated,0.2273,all-season,0.1787,0.0074,low_confidence_fallback
C:\Users\Lenovo\Desktop\StyleMind\stylemind-cnn-training-pipeline\data\processed_dataset\Shirt\shirt287.jpg,Shirt,striped,0.2958,summer,0.2653,0.0905,clip
C:\Users\Lenovo\Desktop\StyleMind\stylemind-cnn-training-pipeline\data\processed_dataset\Dress\dress123.jpg,Dress,solid,0.1709,winter,0.1509,0.0129,clip
C:\Users\Lenovo\Desktop\StyleMind\stylemind-cnn-training-pipeline\data\processed_dataset\Shirt\shirt024.jpg,Shirt,solid,0.2552,all-season,0.2053,0.0005,low_confidence_fallback
C:\Users\Lenovo\Desktop\StyleMind\stylemind-cnn-training-pipeline\data\processed_dataset\Blazer\blazer205.jpg,Blazer,striped,0.2552,all-season,0.185,0.0015,low_confidence_fallback
C:\Users\Lenovo\Desktop\StyleMind\stylemind-cnn-training-pipeline\data\processed_dataset\Shorts\shorts262.jpg,Shorts,solid,0.2372,summer,0.2204,0.0313,clip
C:\Users\Lenovo\Desktop\StyleMind\stylemind-cnn-training-pipeline\data\processed_dataset\Pants\pant044.jpg,Pants,solid,0.2361,winter,0.2619,0.0378,clip
C:\Users\Lenovo\Desktop\StyleMind\stylemind-cnn-training-pipeline\data\processed_dataset\Skirt\skirt425.jpg,Skirt,pleated,0.2226,summer,0.1895,0.034,clip
C:\Users\Lenovo\Desktop\StyleMind\stylemind-cnn-training-pipeline\data\processed_dataset\Warmwear\winter116.jpg,Warmwear,checkered,0.2176,winter,0.2354,0.0408,clip
C:\Users\Lenovo\Desktop\StyleMind\stylemind-cnn-training-pipeline\data\processed_dataset\Jacket\jacket271.jpg,Jacket,solid,0.2005,fall,0.2101,0.0285,clip
C:\Users\Lenovo\Desktop\StyleMind\stylemind-cnn-training-pipeline\data\processed_dataset\Warmwear\winter369.jpg,Warmwear,solid,0.2387,fall,0.2472,0.0136,clip
C:\Users\Lenovo\Desktop\StyleMind\stylemind-cnn-training-pipeline\data\processed_dataset\Top\top156.jpg,Top,solid,0.2245,fall,0.2031,0.0214,clip
C:\Users\Lenovo\Desktop\StyleMind\stylemind-cnn-training-pipeline\data\processed_dataset\Pants\pant423.jpg,Pants,solid,0.1792,summer,0.162,0.0278,clip
C:\Users\Lenovo\Desktop\StyleMind\stylemind-cnn-training-pipeline\data\processed_dataset\Dress\dress119.jpg,Dress,floral,0.2084,summer,0.1628,0.0408,clip
C:\Users\Lenovo\Desktop\StyleMind\stylemind-cnn-training-pipeline\data\processed_dataset\Shirt\shirt389.jpg,Shirt,solid,0.2585,summer,0.2295,0.0784,clip
C:\Users\Lenovo\Desktop\StyleMind\stylemind-cnn-training-pipeline\data\processed_dataset\Blazer\blazer439.jpg,Blazer,embroidered,0.2255,fall,0.2129,0.0183,clip
C:\Users\Lenovo\Desktop\StyleMind\stylemind-cnn-training-pipeline\data\processed_dataset\Dress\dress326.jpg,Dress,solid,0.1988,summer,0.2206,0.0704,clip
C:\Users\Lenovo\Desktop\StyleMind\stylemind-cnn-training-pipeline\data\processed_dataset\Formal_Pant\formal_pant372.jpg,Formal_Pant,solid,0.2036,all-season,0.153,0.0039,low_confidence_fallback
C:\Users\Lenovo\Desktop\StyleMind\stylemind-cnn-training-pipeline\data\processed_dataset\Shorts\shorts394.jpg,Shorts,solid,0.2228,summer,0.2101,0.0348,clip
C:\Users\Lenovo\Desktop\StyleMind\stylemind-cnn-training-pipeline\data\processed_dataset\Shorts\shorts289.jpg,Shorts,solid,0.1955,summer,0.1991,0.0589,clip
C:\Users\Lenovo\Desktop\StyleMind\stylemind-cnn-training-pipeline\data\processed_dataset\Jacket\jacket431.jpg,Jacket,solid,0.2497,winter,0.231,0.0111,clip
C:\Users\Lenovo\Desktop\StyleMind\stylemind-cnn-training-pipeline\data\processed_dataset\Dress\dress148.jpg,Dress,floral,0.2378,summer,0.2054,0.0694,clip
C:\Users\Lenovo\Desktop\StyleMind\stylemind-cnn-training-pipeline\data\processed_dataset\Warmwear\winter180.jpg,Warmwear,solid,0.231,winter,0.1973,0.0118,clip
C:\Users\Lenovo\Desktop\StyleMind\stylemind-cnn-training-pipeline\data\processed_dataset\Shorts\shorts155.jpg,Shorts,solid,0.1854,summer,0.1773,0.0419,clip
C:\Users\Lenovo\Desktop\StyleMind\stylemind-cnn-training-pipeline\data\processed_dataset\Jacket\jacket400.jpg,Jacket,solid,0.2028,fall,0.2138,0.0286,clip
C:\Users\Lenovo\Desktop\StyleMind\stylemind-cnn-training-pipeline\data\processed_dataset\Pants\pant049.jpg,Pants,solid,0.161,winter,0.1681,0.0154,clip
C:\Users\Lenovo\Desktop\StyleMind\stylemind-cnn-training-pipeline\data\processed_dataset\Skirt\skirt255.jpg,Skirt,pleated,0.2384,summer,0.1769,0.0285,clip
C:\Users\Lenovo\Desktop\StyleMind\stylemind-cnn-training-pipeline\data\processed_dataset\Shorts\shorts267.jpg,Shorts,solid,0.1868,summer,0.166,0.023,clip
C:\Users\Lenovo\Desktop\StyleMind\stylemind-cnn-training-pipeline\data\processed_dataset\Blazer\blazer178.jpg,Blazer,solid,0.2301,fall,0.225,0.0349,clip
C:\Users\Lenovo\Desktop\StyleMind\stylemind-cnn-training-pipeline\data\processed_dataset\Jacket\jacket140.jpg,Jacket,solid,0.2292,winter,0.2273,0.026,clip
C:\Users\Lenovo\Desktop\StyleMind\stylemind-cnn-training-pipeline\data\processed_dataset\Warmwear\winter253.jpg,Warmwear,embroidered,0.2281,winter,0.2221,0.0116,clip
C:\Users\Lenovo\Desktop\StyleMind\stylemind-cnn-training-pipeline\data\processed_dataset\Shirt\shirt392.jpg,Shirt,checkered,0.2681,summer,0.2125,0.0408,clip
C:\Users\Lenovo\Desktop\StyleMind\stylemind-cnn-training-pipeline\data\processed_dataset\Skirt\skirt223.jpg,Skirt,pleated,0.2783,summer,0.2173,0.0212,clip
C:\Users\Lenovo\Desktop\StyleMind\stylemind-cnn-training-pipeline\data\processed_dataset\Dress\dress041.jpg,Dress,floral,0.2457,summer,0.1847,0.0766,clip
C:\Users\Lenovo\Desktop\StyleMind\stylemind-cnn-training-pipeline\data\processed_dataset\Shirt\shirt383.jpg,Shirt,solid,0.2322,summer,0.2274,0.0879,clip
C:\Users\Lenovo\Desktop\StyleMind\stylemind-cnn-training-pipeline\data\processed_dataset\Pants\pant266.jpg,Pants,solid,0.1746,all-season,0.1345,0.0012,low_confidence_fallback
C:\Users\Lenovo\Desktop\StyleMind\stylemind-cnn-training-pipeline\data\processed_dataset\Shorts\shorts381.jpg,Shorts,striped,0.2298,summer,0.1881,0.0531,clip
C:\Users\Lenovo\Desktop\StyleMind\stylemind-cnn-training-pipeline\data\processed_dataset\Top\top130.jpg,Top,floral,0.2104,summer,0.1907,0.0498,clip
C:\Users\Lenovo\Desktop\StyleMind\stylemind-cnn-training-pipeline\data\processed_dataset\Pants\pant260.jpg,Pants,solid,0.2081,winter,0.1798,0.0118,clip
C:\Users\Lenovo\Desktop\StyleMind\stylemind-cnn-training-pipeline\data\processed_dataset\Top\top270.jpg,Top,solid,0.1819,summer,0.2041,0.065,clip
C:\Users\Lenovo\Desktop\StyleMind\stylemind-cnn-training-pipeline\data\processed_dataset\Dress\dress046.jpg,Dress,floral,0.2378,summer,0.1953,0.0544,clip
C:\Users\Lenovo\Desktop\StyleMind\stylemind-cnn-training-pipeline\data\processed_dataset\Shorts\shorts404.jpg,Shorts,solid,0.2015,all-season,0.192,0.006,low_confidence_fallback
C:\Users\Lenovo\Desktop\StyleMind\stylemind-cnn-training-pipeline\data\processed_dataset\Top\top276.jpg,Top,floral,0.2528,summer,0.208,0.0197,clip
C:\Users\Lenovo\Desktop\StyleMind\stylemind-cnn-training-pipeline\data\processed_dataset\Pants\pant352.jpg,Pants,solid,0.1527,fall,0.1259,0.0102,clip
C:\Users\Lenovo\Desktop\StyleMind\stylemind-cnn-training-pipeline\data\processed_dataset\Pants\pant001.jpg,Pants,embroidered,0.1294,winter,0.1397,0.0336,clip
C:\Users\Lenovo\Desktop\StyleMind\stylemind-cnn-training-pipeline\data\processed_dataset\Blazer\blazer438.jpg,Blazer,embroidered,0.2277,fall,0.2043,0.0378,clip
C:\Users\Lenovo\Desktop\StyleMind\stylemind-cnn-training-pipeline\data\processed_dataset\Pants\pant276.jpg,Pants,solid,0.2051,summer,0.1824,0.0215,clip
C:\Users\Lenovo\Desktop\StyleMind\stylemind-cnn-training-pipeline\data\processed_dataset\Skirt\skirt031.jpg,Skirt,floral,0.2402,all-season,0.1945,0.0013,low_confidence_fallback
C:\Users\Lenovo\Desktop\StyleMind\stylemind-cnn-training-pipeline\data\processed_dataset\Shirt\shirt341.jpg,Shirt,checkered,0.2983,summer,0.2544,0.0677,clip
C:\Users\Lenovo\Desktop\StyleMind\stylemind-cnn-training-pipeline\data\processed_dataset\Jacket\jacket045.jpg,Jacket,solid,0.2128,all-season,0.2074,0.0056,low_confidence_fallback
C:\Users\Lenovo\Desktop\StyleMind\stylemind-cnn-training-pipeline\data\processed_dataset\Formal_Pant\formal_pant148.jpg,Formal_Pant,solid,0.2074,fall,0.1778,0.0224,clip
C:\Users\Lenovo\Desktop\StyleMind\stylemind-cnn-training-pipeline\data\processed_dataset\Formal_Pant\formal_pant021.jpg,Formal_Pant,solid,0.2059,all-season,0.1918,0.0052,low_confidence_fallback
C:\Users\Lenovo\Desktop\StyleMind\stylemind-cnn-training-pipeline\data\processed_dataset\Shorts\shorts081.jpg,Shorts,solid,0.2195,summer,0.1963,0.0396,clip
C:\Users\Lenovo\Desktop\StyleMind\stylemind-cnn-training-pipeline\data\processed_dataset\Top\top215.jpg,Top,striped,0.2112,all-season,0.1473,0.0015,low_confidence_fallback
C:\Users\Lenovo\Desktop\StyleMind\stylemind-cnn-training-pipeline\data\processed_dataset\Warmwear\winter265.jpg,Warmwear,striped,0.1934,winter,0.2182,0.0612,clip
C:\Users\Lenovo\Desktop\StyleMind\stylemind-cnn-training-pipeline\data\processed_dataset\Blazer\blazer409.jpg,Blazer,solid,0.2216,fall,0.2623,0.042,clip
C:\Users\Lenovo\Desktop\StyleMind\stylemind-cnn-training-pipeline\data\processed_dataset\Jacket\jacket198.jpg,Jacket,solid,0.1841,all-season,0.1959,0.0031,low_confidence_fallback
C:\Users\Lenovo\Desktop\StyleMind\stylemind-cnn-training-pipeline\data\processed_dataset\Blazer\blazer288.jpg,Blazer,solid,0.2091,fall,0.2205,0.0449,clip
C:\Users\Lenovo\Desktop\StyleMind\stylemind-cnn-training-pipeline\data\processed_dataset\Pants\pant057.jpg,Pants,solid,0.2033,winter,0.226,0.017,clip
C:\Users\Lenovo\Desktop\StyleMind\stylemind-cnn-training-pipeline\data\processed_dataset\Jacket\jacket317.jpg,Jacket,solid,0.206,fall,0.2351,0.0396,clip
C:\Users\Lenovo\Desktop\StyleMind\stylemind-cnn-training-pipeline\data\processed_dataset\Jacket\jacket332.jpg,Jacket,solid,0.2405,fall,0.2489,0.0334,clip
C:\Users\Lenovo\Desktop\StyleMind\stylemind-cnn-training-pipeline\data\processed_dataset\Blazer\blazer432.jpg,Blazer,solid,0.2136,fall,0.2338,0.0151,clip
C:\Users\Lenovo\Desktop\StyleMind\stylemind-cnn-training-pipeline\data\processed_dataset\Skirt\skirt305.jpg,Skirt,solid,0.2102,summer,0.198,0.0333,clip
C:\Users\Lenovo\Desktop\StyleMind\stylemind-cnn-training-pipeline\data\processed_dataset\Shorts\shorts371.jpg,Shorts,solid,0.2128,summer,0.2023,0.0665,clip
C:\Users\Lenovo\Desktop\StyleMind\stylemind-cnn-training-pipeline\data\processed_dataset\Top\top161.jpg,Top,solid,0.2282,summer,0.2294,0.0678,clip
C:\Users\Lenovo\Desktop\StyleMind\stylemind-cnn-training-pipeline\data\processed_dataset\Top\top259.jpg,Top,graphic,0.1956,summer,0.1378,0.0149,clip
C:\Users\Lenovo\Desktop\StyleMind\stylemind-cnn-training-pipeline\data\processed_dataset\Skirt\skirt087.jpg,Skirt,pleated,0.2257,summer,0.1928,0.0158,clip
C:\Users\Lenovo\Desktop\StyleMind\stylemind-cnn-training-pipeline\data\processed_dataset\Shirt\shirt300.jpg,Shirt,checkered,0.2761,summer,0.2236,0.0652,clip
C:\Users\Lenovo\Desktop\StyleMind\stylemind-cnn-training-pipeline\data\processed_dataset\Jacket\jacket141.jpg,Jacket,solid,0.2001,winter,0.1955,0.0257,clip
C:\Users\Lenovo\Desktop\StyleMind\stylemind-cnn-training-pipeline\data\processed_dataset\Skirt\skirt321.jpg,Skirt,pleated,0.2238,all-season,0.1526,0.0018,low_confidence_fallback
C:\Users\Lenovo\Desktop\StyleMind\stylemind-cnn-training-pipeline\data\processed_dataset\Jacket\jacket436.jpg,Jacket,solid,0.2344,summer,0.2541,0.0368,clip
C:\Users\Lenovo\Desktop\StyleMind\stylemind-cnn-training-pipeline\data\processed_dataset\Warmwear\winter338.jpg,Warmwear,striped,0.1998,all-season,0.2354,0.0088,low_confidence_fallback
C:\Users\Lenovo\Desktop\StyleMind\stylemind-cnn-training-pipeline\data\processed_dataset\Top\top256.jpg,Top,floral,0.2533,summer,0.2057,0.0637,clip
C:\Users\Lenovo\Desktop\StyleMind\stylemind-cnn-training-pipeline\data\processed_dataset\Dress\dress283.jpg,Dress,pleated,0.2132,summer,0.2111,0.037,clip
C:\Users\Lenovo\Desktop\StyleMind\stylemind-cnn-training-pipeline\data\processed_dataset\Warmwear\winter027.jpg,Warmwear,solid,0.1969,winter,0.2262,0.0289,clip
C:\Users\Lenovo\Desktop\StyleMind\stylemind-cnn-training-pipeline\data\processed_dataset\Formal_Pant\formal_pant071.jpg,Formal_Pant,solid,0.1867,all-season,0.1593,0.0007,low_confidence_fallback
C:\Users\Lenovo\Desktop\StyleMind\stylemind-cnn-training-pipeline\data\processed_dataset\Formal_Pant\formal_pant362.jpg,Formal_Pant,solid,0.2129,all-season,0.1624,0.0011,low_confidence_fallback
C:\Users\Lenovo\Desktop\StyleMind\stylemind-cnn-training-pipeline\data\processed_dataset\Formal_Pant\formal_pant222.jpg,Formal_Pant,striped,0.233,summer,0.1807,0.0485,clip
C:\Users\Lenovo\Desktop\StyleMind\stylemind-cnn-training-pipeline\data\processed_dataset\Shirt\shirt275.jpg,Shirt,checkered,0.2675,summer,0.2467,0.0754,clip
C:\Users\Lenovo\Desktop\StyleMind\stylemind-cnn-training-pipeline\data\processed_dataset\Shirt\shirt311.jpg,Shirt,checkered,0.284,summer,0.213,0.0585,clip
C:\Users\Lenovo\Desktop\StyleMind\stylemind-cnn-training-pipeline\data\processed_dataset\Pants\pant187.jpg,Pants,solid,0.2241,summer,0.1977,0.0235,clip
C:\Users\Lenovo\Desktop\StyleMind\stylemind-cnn-training-pipeline\data\processed_dataset\Shirt\shirt388.jpg,Shirt,checkered,0.273,summer,0.2344,0.0676,clip
C:\Users\Lenovo\Desktop\StyleMind\stylemind-cnn-training-pipeline\data\processed_dataset\Pants\pant299.jpg,Pants,solid,0.1329,all-season,0.1081,0.0041,low_confidence_fallback
C:\Users\Lenovo\Desktop\StyleMind\stylemind-cnn-training-pipeline\data\processed_dataset\Blazer\blazer032.jpg,Blazer,striped,0.2377,fall,0.1809,0.0359,clip
C:\Users\Lenovo\Desktop\StyleMind\stylemind-cnn-training-pipeline\data\processed_dataset\Skirt\skirt367.jpg,Skirt,pleated,0.2422,all-season,0.1543,0.003,low_confidence_fallback
C:\Users\Lenovo\Desktop\StyleMind\stylemind-cnn-training-pipeline\data\processed_dataset\Top\top081.jpg,Top,solid,0.2095,summer,0.2088,0.0571,clip
C:\Users\Lenovo\Desktop\StyleMind\stylemind-cnn-training-pipeline\data\processed_dataset\Formal_Pant\formal_pant128.jpg,Formal_Pant,solid,0.1781,all-season,0.134,0.0067,low_confidence_fallback
C:\Users\Lenovo\Desktop\StyleMind\stylemind-cnn-training-pipeline\data\processed_dataset\Pants\pant026.jpg,Pants,solid,0.2033,winter,0.2436,0.0519,clip
C:\Users\Lenovo\Desktop\StyleMind\stylemind-cnn-training-pipeline\data\processed_dataset\Warmwear\winter170.jpg,Warmwear,solid,0.255,all-season,0.2454,0.0073,low_confidence_fallback
C:\Users\Lenovo\Desktop\StyleMind\stylemind-cnn-training-pipeline\data\processed_dataset\Blazer\blazer110.jpg,Blazer,solid,0.1969,fall,0.2418,0.0411,clip
C:\Users\Lenovo\Desktop\StyleMind\stylemind-cnn-training-pipeline\data\processed_dataset\Formal_Pant\formal_pant338.jpg,Formal_Pant,solid,0.24,all-season,0.1983,0.0057,low_confidence_fallback
C:\Users\Lenovo\Desktop\StyleMind\stylemind-cnn-training-pipeline\data\processed_dataset\Pants\pant007.jpg,Pants,solid,0.1353,winter,0.1853,0.072,clip
C:\Users\Lenovo\Desktop\StyleMind\stylemind-cnn-training-pipeline\data\processed_dataset\Shirt\shirt182.jpg,Shirt,striped,0.2965,fall,0.2096,0.0105,clip
C:\Users\Lenovo\Desktop\StyleMind\stylemind-cnn-training-pipeline\data\processed_dataset\Top\top045.jpg,Top,graphic,0.1784,summer,0.1869,0.0554,clip
C:\Users\Lenovo\Desktop\StyleMind\stylemind-cnn-training-pipeline\data\processed_dataset\Top\top387.jpg,Top,pleated,0.1968,summer,0.1711,0.0204,clip
C:\Users\Lenovo\Desktop\StyleMind\stylemind-cnn-training-pipeline\data\processed_dataset\Top\top377.jpg,Top,solid,0.238,summer,0.2297,0.0865,clip
C:\Users\Lenovo\Desktop\StyleMind\stylemind-cnn-training-pipeline\data\processed_dataset\Formal_Pant\formal_pant163.jpg,Formal_Pant,solid,0.2357,all-season,0.1903,0.0088,low_confidence_fallback
C:\Users\Lenovo\Desktop\StyleMind\stylemind-cnn-training-pipeline\data\processed_dataset\Dress\dress139.jpg,Dress,floral,0.2437,summer,0.1907,0.0722,clip
C:\Users\Lenovo\Desktop\StyleMind\stylemind-cnn-training-pipeline\data\processed_dataset\Skirt\skirt345.jpg,Skirt,solid,0.2151,all-season,0.159,0.008,low_confidence_fallback
C:\Users\Lenovo\Desktop\StyleMind\stylemind-cnn-training-pipeline\data\processed_dataset\Formal_Pant\formal_pant186.jpg,Formal_Pant,solid,0.2263,summer,0.2072,0.0123,clip
C:\Users\Lenovo\Desktop\StyleMind\stylemind-cnn-training-pipeline\data\processed_dataset\Jacket\jacket110.jpg,Jacket,solid,0.2294,winter,0.2744,0.0321,clip
C:\Users\Lenovo\Desktop\StyleMind\stylemind-cnn-training-pipeline\data\processed_dataset\Jacket\jacket159.jpg,Jacket,solid,0.2297,winter,0.2781,0.0223,clip
C:\Users\Lenovo\Desktop\StyleMind\stylemind-cnn-training-pipeline\data\processed_dataset\Shorts\shorts216.jpg,Shorts,solid,0.2312,summer,0.2262,0.0337,clip
C:\Users\Lenovo\Desktop\StyleMind\stylemind-cnn-training-pipeline\data\processed_dataset\Jacket\jacket254.jpg,Jacket,solid,0.1445,all-season,0.1491,0.0074,low_confidence_fallback
C:\Users\Lenovo\Desktop\StyleMind\stylemind-cnn-training-pipeline\data\processed_dataset\Dress\dress098.jpg,Dress,solid,0.1688,all-season,0.1225,0.0048,low_confidence_fallback
C:\Users\Lenovo\Desktop\StyleMind\stylemind-cnn-training-pipeline\data\processed_dataset\Formal_Pant\formal_pant317.jpg,Formal_Pant,solid,0.1995,fall,0.1659,0.0151,clip
C:\Users\Lenovo\Desktop\StyleMind\stylemind-cnn-training-pipeline\data\processed_dataset\Shorts\shorts228.jpg,Shorts,solid,0.1937,summer,0.1873,0.0348,clip
C:\Users\Lenovo\Desktop\StyleMind\stylemind-cnn-training-pipeline\data\processed_dataset\Shirt\shirt318.jpg,Shirt,solid,0.2339,summer,0.2026,0.0144,clip
C:\Users\Lenovo\Desktop\StyleMind\stylemind-cnn-training-pipeline\data\processed_dataset\Dress\dress293.jpg,Dress,solid,0.1896,summer,0.1959,0.0637,clip
C:\Users\Lenovo\Desktop\StyleMind\stylemind-cnn-training-pipeline\data\processed_dataset\Skirt\skirt160.jpg,Skirt,pleated,0.2332,summer,0.1845,0.0167,clip
C:\Users\Lenovo\Desktop\StyleMind\stylemind-cnn-training-pipeline\data\processed_dataset\Formal_Pant\formal_pant319.jpg,Formal_Pant,solid,0.2119,all-season,0.1792,0.0056,low_confidence_fallback
C:\Users\Lenovo\Desktop\StyleMind\stylemind-cnn-training-pipeline\data\processed_dataset\Formal_Pant\formal_pant323.jpg,Formal_Pant,solid,0.2094,all-season,0.1748,0.0042,low_confidence_fallback
C:\Users\Lenovo\Desktop\StyleMind\stylemind-cnn-training-pipeline\data\processed_dataset\Blazer\blazer030.jpg,Blazer,striped,0.2539,fall,0.2015,0.0324,clip
C:\Users\Lenovo\Desktop\StyleMind\stylemind-cnn-training-pipeline\data\processed_dataset\Jacket\jacket100.jpg,Jacket,solid,0.2183,all-season,0.2028,0.0049,low_confidence_fallback
C:\Users\Lenovo\Desktop\StyleMind\stylemind-cnn-training-pipeline\data\processed_dataset\Shorts\shorts403.jpg,Shorts,solid,0.1917,all-season,0.1654,0.0094,low_confidence_fallback
C:\Users\Lenovo\Desktop\StyleMind\stylemind-cnn-training-pipeline\data\processed_dataset\Pants\pant436.jpg,Pants,striped,0.2134,summer,0.1687,0.0361,clip
C:\Users\Lenovo\Desktop\StyleMind\stylemind-cnn-training-pipeline\data\processed_dataset\Shorts\shorts092.jpg,Shorts,solid,0.2381,summer,0.23,0.0654,clip
C:\Users\Lenovo\Desktop\StyleMind\stylemind-cnn-training-pipeline\data\processed_dataset\Formal_Pant\formal_pant121.jpg,Formal_Pant,solid,0.2006,fall,0.1855,0.0154,clip
C:\Users\Lenovo\Desktop\StyleMind\stylemind-cnn-training-pipeline\data\processed_dataset\Warmwear\winter296.jpg,Warmwear,embroidered,0.2247,all-season,0.2277,0.0006,low_confidence_fallback
C:\Users\Lenovo\Desktop\StyleMind\stylemind-cnn-training-pipeline\data\processed_dataset\Shirt\shirt274.jpg,Shirt,checkered,0.2183,summer,0.1927,0.0616,clip
C:\Users\Lenovo\Desktop\StyleMind\stylemind-cnn-training-pipeline\data\processed_dataset\Skirt\skirt296.jpg,Skirt,pleated,0.2794,summer,0.1915,0.0141,clip
C:\Users\Lenovo\Desktop\StyleMind\stylemind-cnn-training-pipeline\data\processed_dataset\Pants\pant127.jpg,Pants,solid,0.2172,all-season,0.1808,0.007,low_confidence_fallback
C:\Users\Lenovo\Desktop\StyleMind\stylemind-cnn-training-pipeline\data\processed_dataset\Pants\pant023.jpg,Pants,solid,0.2158,winter,0.2652,0.0537,clip
C:\Users\Lenovo\Desktop\StyleMind\stylemind-cnn-training-pipeline\data\processed_dataset\Skirt\skirt385.jpg,Skirt,striped,0.2369,all-season,0.1749,0.0009,low_confidence_fallback
C:\Users\Lenovo\Desktop\StyleMind\stylemind-cnn-training-pipeline\data\processed_dataset\Warmwear\winter364.jpg,Warmwear,embroidered,0.1952,winter,0.2124,0.0477,clip
C:\Users\Lenovo\Desktop\StyleMind\stylemind-cnn-training-pipeline\data\processed_dataset\Jacket\jacket275.jpg,Jacket,solid,0.2223,winter,0.2159,0.0182,clip
C:\Users\Lenovo\Desktop\StyleMind\stylemind-cnn-training-pipeline\data\processed_dataset\Jacket\jacket212.jpg,Jacket,solid,0.2291,all-season,0.2013,0.0025,low_confidence_fallback
C:\Users\Lenovo\Desktop\StyleMind\stylemind-cnn-training-pipeline\data\processed_dataset\Skirt\skirt413.jpg,Skirt,solid,0.2264,summer,0.1876,0.0188,clip
C:\Users\Lenovo\Desktop\StyleMind\stylemind-cnn-training-pipeline\data\processed_dataset\Blazer\blazer067.jpg,Blazer,solid,0.2162,fall,0.2128,0.0285,clip
C:\Users\Lenovo\Desktop\StyleMind\stylemind-cnn-training-pipeline\data\processed_dataset\Warmwear\winter066.jpg,Warmwear,solid,0.227,all-season,0.2487,0.006,low_confidence_fallback
C:\Users\Lenovo\Desktop\StyleMind\stylemind-cnn-training-pipeline\data\processed_dataset\Pants\pant170.jpg,Pants,solid,0.1742,all-season,0.1442,0.0016,low_confidence_fallback
C:\Users\Lenovo\Desktop\StyleMind\stylemind-cnn-training-pipeline\data\processed_dataset\Dress\dress106.jpg,Dress,floral,0.234,summer,0.1649,0.0281,clip
C:\Users\Lenovo\Desktop\StyleMind\stylemind-cnn-training-pipeline\data\processed_dataset\Warmwear\winter153.jpg,Warmwear,solid,0.1934,fall,0.2134,0.011,clip
C:\Users\Lenovo\Desktop\StyleMind\stylemind-cnn-training-pipeline\data\processed_dataset\Dress\dress137.jpg,Dress,pleated,0.2004,summer,0.2008,0.0764,clip
C:\Users\Lenovo\Desktop\StyleMind\stylemind-cnn-training-pipeline\data\processed_dataset\Warmwear\winter366.jpg,Warmwear,graphic,0.1656,winter,0.1878,0.0222,clip
C:\Users\Lenovo\Desktop\StyleMind\stylemind-cnn-training-pipeline\data\processed_dataset\Top\top212.jpg,Top,solid,0.2131,summer,0.2258,0.0848,clip
C:\Users\Lenovo\Desktop\StyleMind\stylemind-cnn-training-pipeline\data\processed_dataset\Top\top007.jpg,Top,solid,0.2439,summer,0.2346,0.0208,clip
C:\Users\Lenovo\Desktop\StyleMind\stylemind-cnn-training-pipeline\data\processed_dataset\Blazer\blazer356.jpg,Blazer,solid,0.2063,fall,0.2008,0.0315,clip
C:\Users\Lenovo\Desktop\StyleMind\stylemind-cnn-training-pipeline\data\processed_dataset\Shirt\shirt162.jpg,Shirt,solid,0.2569,summer,0.2483,0.0688,clip
C:\Users\Lenovo\Desktop\StyleMind\stylemind-cnn-training-pipeline\data\processed_dataset\Formal_Pant\formal_pant171.jpg,Formal_Pant,solid,0.2336,summer,0.2061,0.0195,clip
C:\Users\Lenovo\Desktop\StyleMind\stylemind-cnn-training-pipeline\data\processed_dataset\Dress\dress060.jpg,Dress,checkered,0.2705,summer,0.2278,0.0624,clip
C:\Users\Lenovo\Desktop\StyleMind\stylemind-cnn-training-pipeline\data\processed_dataset\Formal_Pant\formal_pant141.jpg,Formal_Pant,solid,0.233,all-season,0.1857,0.0004,low_confidence_fallback
C:\Users\Lenovo\Desktop\StyleMind\stylemind-cnn-training-pipeline\data\processed_dataset\Top\top306.jpg,Top,floral,0.2324,summer,0.2344,0.0651,clip
C:\Users\Lenovo\Desktop\StyleMind\stylemind-cnn-training-pipeline\data\processed_dataset\Blazer\blazer085.jpg,Blazer,solid,0.1969,fall,0.2019,0.04,clip
C:\Users\Lenovo\Desktop\StyleMind\stylemind-cnn-training-pipeline\data\processed_dataset\Top\top167.jpg,Top,solid,0.2624,summer,0.225,0.0409,clip
C:\Users\Lenovo\Desktop\StyleMind\stylemind-cnn-training-pipeline\data\processed_dataset\Jacket\jacket080.jpg,Jacket,solid,0.2341,fall,0.2274,0.0165,clip
C:\Users\Lenovo\Desktop\StyleMind\stylemind-cnn-training-pipeline\data\processed_dataset\Shorts\shorts134.jpg,Shorts,striped,0.2526,summer,0.1948,0.0163,clip
C:\Users\Lenovo\Desktop\StyleMind\stylemind-cnn-training-pipeline\data\processed_dataset\Skirt\skirt397.jpg,Skirt,pleated,0.2186,all-season,0.1654,0.0096,low_confidence_fallback
C:\Users\Lenovo\Desktop\StyleMind\stylemind-cnn-training-pipeline\data\processed_dataset\Warmwear\winter236.jpg,Warmwear,solid,0.2206,fall,0.2249,0.0278,clip
C:\Users\Lenovo\Desktop\StyleMind\stylemind-cnn-training-pipeline\data\processed_dataset\Shorts\shorts068.jpg,Shorts,solid,0.1858,summer,0.184,0.0414,clip
C:\Users\Lenovo\Desktop\StyleMind\stylemind-cnn-training-pipeline\data\processed_dataset\Shorts\shorts156.jpg,Shorts,solid,0.2089,all-season,0.1807,0.0085,low_confidence_fallback
C:\Users\Lenovo\Desktop\StyleMind\stylemind-cnn-training-pipeline\data\processed_dataset\Formal_Pant\formal_pant046.jpg,Formal_Pant,pleated,0.2068,fall,0.1652,0.0103,clip
C:\Users\Lenovo\Desktop\StyleMind\stylemind-cnn-training-pipeline\data\processed_dataset\Top\top151.jpg,Top,pleated,0.2407,summer,0.2302,0.0631,clip
C:\Users\Lenovo\Desktop\StyleMind\stylemind-cnn-training-pipeline\data\processed_dataset\Warmwear\winter397.jpg,Warmwear,solid,0.1888,all-season,0.185,0.006,low_confidence_fallback
C:\Users\Lenovo\Desktop\StyleMind\stylemind-cnn-training-pipeline\data\processed_dataset\Formal_Pant\formal_pant197.jpg,Formal_Pant,pleated,0.2169,all-season,0.1843,0.0076,low_confidence_fallback
C:\Users\Lenovo\Desktop\StyleMind\stylemind-cnn-training-pipeline\data\processed_dataset\Dress\dress213.jpg,Dress,solid,0.1846,summer,0.17,0.046,clip
C:\Users\Lenovo\Desktop\StyleMind\stylemind-cnn-training-pipeline\data\processed_dataset\Dress\dress366.jpg,Dress,pleated,0.2015,summer,0.1611,0.0289,clip
C:\Users\Lenovo\Desktop\StyleMind\stylemind-cnn-training-pipeline\data\processed_dataset\Shirt\shirt179.jpg,Shirt,striped,0.2891,all-season,0.232,0.0017,low_confidence_fallback
C:\Users\Lenovo\Desktop\StyleMind\stylemind-cnn-training-pipeline\data\processed_dataset\Pants\pant291.jpg,Pants,solid,0.1659,all-season,0.1527,0.0068,low_confidence_fallback
C:\Users\Lenovo\Desktop\StyleMind\stylemind-cnn-training-pipeline\data\processed_dataset\Jacket\jacket169.jpg,Jacket,solid,0.2011,winter,0.241,0.03,clip
C:\Users\Lenovo\Desktop\StyleMind\stylemind-cnn-training-pipeline\data\processed_dataset\Shirt\shirt075.jpg,Shirt,solid,0.2299,summer,0.2258,0.087,clip
C:\Users\Lenovo\Desktop\StyleMind\stylemind-cnn-training-pipeline\data\processed_dataset\Shirt\shirt312.jpg,Shirt,solid,0.2522,summer,0.205,0.0323,clip
C:\Users\Lenovo\Desktop\StyleMind\stylemind-cnn-training-pipeline\data\processed_dataset\Formal_Pant\formal_pant190.jpg,Formal_Pant,solid,0.1966,fall,0.17,0.0155,clip
C:\Users\Lenovo\Desktop\StyleMind\stylemind-cnn-training-pipeline\data\processed_dataset\Pants\pant151.jpg,Pants,solid,0.2235,all-season,0.2047,0.0076,low_confidence_fallback
C:\Users\Lenovo\Desktop\StyleMind\stylemind-cnn-training-pipeline\data\processed_dataset\Dress\dress244.jpg,Dress,checkered,0.2467,fall,0.2241,0.0434,clip
C:\Users\Lenovo\Desktop\StyleMind\stylemind-cnn-training-pipeline\data\processed_dataset\Shorts\shorts009.jpg,Shorts,embroidered,0.1943,all-season,0.1567,0.0086,low_confidence_fallback
C:\Users\Lenovo\Desktop\StyleMind\stylemind-cnn-training-pipeline\data\processed_dataset\Shirt\shirt205.jpg,Shirt,striped,0.287,summer,0.2151,0.0465,clip
C:\Users\Lenovo\Desktop\StyleMind\stylemind-cnn-training-pipeline\data\processed_dataset\Shirt\shirt045.jpg,Shirt,striped,0.2871,all-season,0.2264,0.0069,low_confidence_fallback
C:\Users\Lenovo\Desktop\StyleMind\stylemind-cnn-training-pipeline\data\processed_dataset\Jacket\jacket428.jpg,Jacket,solid,0.1703,all-season,0.2146,0.0028,low_confidence_fallback
C:\Users\Lenovo\Desktop\StyleMind\stylemind-cnn-training-pipeline\data\processed_dataset\Dress\dress088.jpg,Dress,striped,0.1465,summer,0.1439,0.0487,clip
C:\Users\Lenovo\Desktop\StyleMind\stylemind-cnn-training-pipeline\data\processed_dataset\Top\top119.jpg,Top,pleated,0.2203,summer,0.2346,0.0814,clip
C:\Users\Lenovo\Desktop\StyleMind\stylemind-cnn-training-pipeline\data\processed_dataset\Warmwear\winter393.jpg,Warmwear,striped,0.2188,winter,0.2512,0.0451,clip
C:\Users\Lenovo\Desktop\StyleMind\stylemind-cnn-training-pipeline\data\processed_dataset\Pants\pant197.jpg,Pants,solid,0.2372,fall,0.2074,0.0165,clip
C:\Users\Lenovo\Desktop\StyleMind\stylemind-cnn-training-pipeline\data\processed_dataset\Skirt\skirt106.jpg,Skirt,solid,0.2451,all-season,0.1833,0.0005,low_confidence_fallback
C:\Users\Lenovo\Desktop\StyleMind\stylemind-cnn-training-pipeline\data\processed_dataset\Skirt\skirt144.jpg,Skirt,solid,0.1976,summer,0.1474,0.0124,clip
C:\Users\Lenovo\Desktop\StyleMind\stylemind-cnn-training-pipeline\data\processed_dataset\Shorts\shorts057.jpg,Shorts,solid,0.2062,summer,0.1989,0.0201,clip
C:\Users\Lenovo\Desktop\StyleMind\stylemind-cnn-training-pipeline\data\processed_dataset\Blazer\blazer118.jpg,Blazer,solid,0.2213,fall,0.2489,0.0622,clip
C:\Users\Lenovo\Desktop\StyleMind\stylemind-cnn-training-pipeline\data\processed_dataset\Pants\pant237.jpg,Pants,solid,0.2289,winter,0.1989,0.0164,clip
C:\Users\Lenovo\Desktop\StyleMind\stylemind-cnn-training-pipeline\data\processed_dataset\Shorts\shorts038.jpg,Shorts,embroidered,0.2002,summer,0.1618,0.0473,clip
C:\Users\Lenovo\Desktop\StyleMind\stylemind-cnn-training-pipeline\data\processed_dataset\Shirt\shirt244.jpg,Shirt,solid,0.1952,fall,0.1943,0.0227,clip
C:\Users\Lenovo\Desktop\StyleMind\stylemind-cnn-training-pipeline\data\processed_dataset\Pants\pant396.jpg,Pants,solid,0.1789,winter,0.1907,0.0171,clip
C:\Users\Lenovo\Desktop\StyleMind\stylemind-cnn-training-pipeline\data\processed_dataset\Warmwear\winter372.jpg,Warmwear,solid,0.2376,fall,0.2243,0.0275,clip
C:\Users\Lenovo\Desktop\StyleMind\stylemind-cnn-training-pipeline\data\processed_dataset\Shirt\shirt003.jpg,Shirt,solid,0.2268,summer,0.1976,0.0333,clip
C:\Users\Lenovo\Desktop\StyleMind\stylemind-cnn-training-pipeline\data\processed_dataset\Shorts\shorts309.jpg,Shorts,solid,0.2144,fall,0.1782,0.0177,clip
C:\Users\Lenovo\Desktop\StyleMind\stylemind-cnn-training-pipeline\data\processed_dataset\Top\top076.jpg,Top,solid,0.2974,summer,0.2525,0.0309,clip
C:\Users\Lenovo\Desktop\StyleMind\stylemind-cnn-training-pipeline\data\processed_dataset\Top\top279.jpg,Top,solid,0.2992,summer,0.2476,0.0621,clip
C:\Users\Lenovo\Desktop\StyleMind\stylemind-cnn-training-pipeline\data\processed_dataset\Warmwear\winter168.jpg,Warmwear,solid,0.2286,winter,0.1982,0.0134,clip
C:\Users\Lenovo\Desktop\StyleMind\stylemind-cnn-training-pipeline\data\processed_dataset\Dress\dress385.jpg,Dress,floral,0.2093,summer,0.225,0.0881,clip
C:\Users\Lenovo\Desktop\StyleMind\stylemind-cnn-training-pipeline\data\processed_dataset\Formal_Pant\formal_pant280.jpg,Formal_Pant,solid,0.2199,fall,0.2083,0.0253,clip
C:\Users\Lenovo\Desktop\StyleMind\stylemind-cnn-training-pipeline\data\processed_dataset\Shorts\shorts147.jpg,Shorts,solid,0.2448,summer,0.2206,0.0483,clip
C:\Users\Lenovo\Desktop\StyleMind\stylemind-cnn-training-pipeline\data\processed_dataset\Top\top295.jpg,Top,embroidered,0.2269,summer,0.2233,0.072,clip
C:\Users\Lenovo\Desktop\StyleMind\stylemind-cnn-training-pipeline\data\processed_dataset\Warmwear\winter146.jpg,Warmwear,solid,0.2172,all-season,0.2351,0.0031,low_confidence_fallback
C:\Users\Lenovo\Desktop\StyleMind\stylemind-cnn-training-pipeline\data\processed_dataset\Warmwear\winter023.jpg,Warmwear,graphic,0.2278,winter,0.1774,0.0131,clip
C:\Users\Lenovo\Desktop\StyleMind\stylemind-cnn-training-pipeline\data\processed_dataset\Dress\dress298.jpg,Dress,pleated,0.2256,summer,0.1861,0.0453,clip
C:\Users\Lenovo\Desktop\StyleMind\stylemind-cnn-training-pipeline\data\processed_dataset\Shorts\shorts297.jpg,Shorts,solid,0.1884,summer,0.1685,0.0307,clip
C:\Users\Lenovo\Desktop\StyleMind\stylemind-cnn-training-pipeline\data\processed_dataset\Shorts\shorts159.jpg,Shorts,pleated,0.2136,all-season,0.1659,0.0074,low_confidence_fallback
C:\Users\Lenovo\Desktop\StyleMind\stylemind-cnn-training-pipeline\data\processed_dataset\Jacket\jacket052.jpg,Jacket,solid,0.2337,all-season,0.2307,0.0015,low_confidence_fallback
C:\Users\Lenovo\Desktop\StyleMind\stylemind-cnn-training-pipeline\data\processed_dataset\Formal_Pant\formal_pant069.jpg,Formal_Pant,pleated,0.2335,all-season,0.1997,0.0023,low_confidence_fallback
C:\Users\Lenovo\Desktop\StyleMind\stylemind-cnn-training-pipeline\data\processed_dataset\Skirt\skirt080.jpg,Skirt,pleated,0.2297,fall,0.1772,0.016,clip
C:\Users\Lenovo\Desktop\StyleMind\stylemind-cnn-training-pipeline\data\processed_dataset\Skirt\skirt203.jpg,Skirt,pleated,0.2251,summer,0.2078,0.0542,clip
C:\Users\Lenovo\Desktop\StyleMind\stylemind-cnn-training-pipeline\data\processed_dataset\Dress\dress374.jpg,Dress,floral,0.2499,summer,0.2177,0.0483,clip
C:\Users\Lenovo\Desktop\StyleMind\stylemind-cnn-training-pipeline\data\processed_dataset\Skirt\skirt258.jpg,Skirt,solid,0.2209,all-season,0.1635,0.0088,low_confidence_fallback
C:\Users\Lenovo\Desktop\StyleMind\stylemind-cnn-training-pipeline\data\processed_dataset\Top\top182.jpg,Top,solid,0.2225,all-season,0.1631,0.0044,low_confidence_fallback
C:\Users\Lenovo\Desktop\StyleMind\stylemind-cnn-training-pipeline\data\processed_dataset\Jacket\jacket444.jpg,Jacket,solid,0.2294,summer,0.2409,0.0524,clip
C:\Users\Lenovo\Desktop\StyleMind\stylemind-cnn-training-pipeline\data\processed_dataset\Shirt\shirt120.jpg,Shirt,solid,0.2573,summer,0.2353,0.0398,clip
C:\Users\Lenovo\Desktop\StyleMind\stylemind-cnn-training-pipeline\data\processed_dataset\Dress\dress301.jpg,Dress,pleated,0.2358,summer,0.2133,0.0599,clip
C:\Users\Lenovo\Desktop\StyleMind\stylemind-cnn-training-pipeline\data\processed_dataset\Shorts\shorts323.jpg,Shorts,solid,0.1896,summer,0.1796,0.0251,clip
C:\Users\Lenovo\Desktop\StyleMind\stylemind-cnn-training-pipeline\data\processed_dataset\Pants\pant074.jpg,Pants,solid,0.2232,summer,0.1993,0.0117,clip
C:\Users\Lenovo\Desktop\StyleMind\stylemind-cnn-training-pipeline\data\processed_dataset\Top\top213.jpg,Top,pleated,0.2293,summer,0.2123,0.069,clip
C:\Users\Lenovo\Desktop\StyleMind\stylemind-cnn-training-pipeline\data\processed_dataset\Dress\dress379.jpg,Dress,pleated,0.2305,summer,0.1991,0.0528,clip
C:\Users\Lenovo\Desktop\StyleMind\stylemind-cnn-training-pipeline\data\processed_dataset\Warmwear\winter399.jpg,Warmwear,solid,0.2362,fall,0.2169,0.011,clip
C:\Users\Lenovo\Desktop\StyleMind\stylemind-cnn-training-pipeline\data\processed_dataset\Pants\pant014.jpg,Pants,checkered,0.2184,all-season,0.1699,0.0002,low_confidence_fallback
C:\Users\Lenovo\Desktop\StyleMind\stylemind-cnn-training-pipeline\data\processed_dataset\Top\top132.jpg,Top,floral,0.2783,summer,0.2174,0.0525,clip
C:\Users\Lenovo\Desktop\StyleMind\stylemind-cnn-training-pipeline\data\processed_dataset\Shorts\shorts051.jpg,Shorts,graphic,0.2107,summer,0.1615,0.0575,clip
C:\Users\Lenovo\Desktop\StyleMind\stylemind-cnn-training-pipeline\data\processed_dataset\Pants\pant394.jpg,Pants,graphic,0.209,all-season,0.1388,0.0027,low_confidence_fallback
C:\Users\Lenovo\Desktop\StyleMind\stylemind-cnn-training-pipeline\data\processed_dataset\Shorts\shorts033.jpg,Shorts,solid,0.2054,summer,0.1774,0.0264,clip
C:\Users\Lenovo\Desktop\StyleMind\stylemind-cnn-training-pipeline\data\processed_dataset\Jacket\jacket116.jpg,Jacket,solid,0.2483,winter,0.2849,0.0424,clip
C:\Users\Lenovo\Desktop\StyleMind\stylemind-cnn-training-pipeline\data\processed_dataset\Top\top371.jpg,Top,floral,0.2682,summer,0.2334,0.0821,clip
C:\Users\Lenovo\Desktop\StyleMind\stylemind-cnn-training-pipeline\data\processed_dataset\Dress\dress104.jpg,Dress,floral,0.2167,summer,0.2036,0.0784,clip
C:\Users\Lenovo\Desktop\StyleMind\stylemind-cnn-training-pipeline\data\processed_dataset\Top\top288.jpg,Top,striped,0.1854,summer,0.1995,0.0596,clip
C:\Users\Lenovo\Desktop\StyleMind\stylemind-cnn-training-pipeline\data\processed_dataset\Formal_Pant\formal_pant009.jpg,Formal_Pant,solid,0.1997,fall,0.1745,0.0233,clip
C:\Users\Lenovo\Desktop\StyleMind\stylemind-cnn-training-pipeline\data\processed_dataset\Blazer\blazer052.jpg,Blazer,solid,0.2361,fall,0.2199,0.0392,clip
C:\Users\Lenovo\Desktop\StyleMind\stylemind-cnn-training-pipeline\data\processed_dataset\Blazer\blazer011.jpg,Blazer,solid,0.2153,all-season,0.2368,0.009,low_confidence_fallback
C:\Users\Lenovo\Desktop\StyleMind\stylemind-cnn-training-pipeline\data\processed_dataset\Jacket\jacket213.jpg,Jacket,solid,0.2065,all-season,0.2172,0.0058,low_confidence_fallback
C:\Users\Lenovo\Desktop\StyleMind\stylemind-cnn-training-pipeline\data\processed_dataset\Shorts\shorts221.jpg,Shorts,graphic,0.1669,summer,0.131,0.0139,clip
C:\Users\Lenovo\Desktop\StyleMind\stylemind-cnn-training-pipeline\data\processed_dataset\Jacket\jacket056.jpg,Jacket,solid,0.2006,all-season,0.1839,0.0056,low_confidence_fallback
C:\Users\Lenovo\Desktop\StyleMind\stylemind-cnn-training-pipeline\data\processed_dataset\Jacket\jacket264.jpg,Jacket,solid,0.2014,winter,0.2705,0.0278,clip
C:\Users\Lenovo\Desktop\StyleMind\stylemind-cnn-training-pipeline\data\processed_dataset\Blazer\blazer016.jpg,Blazer,checkered,0.2306,fall,0.2424,0.0411,clip
C:\Users\Lenovo\Desktop\StyleMind\stylemind-cnn-training-pipeline\data\processed_dataset\Shirt\shirt059.jpg,Shirt,solid,0.2771,fall,0.2346,0.016,clip
C:\Users\Lenovo\Desktop\StyleMind\stylemind-cnn-training-pipeline\data\processed_dataset\Formal_Pant\formal_pant316.jpg,Formal_Pant,solid,0.1832,all-season,0.1431,0.0029,low_confidence_fallback
C:\Users\Lenovo\Desktop\StyleMind\stylemind-cnn-training-pipeline\data\processed_dataset\Warmwear\winter318.jpg,Warmwear,embroidered,0.2376,fall,0.235,0.0146,clip
C:\Users\Lenovo\Desktop\StyleMind\stylemind-cnn-training-pipeline\data\processed_dataset\Pants\pant155.jpg,Pants,solid,0.1616,all-season,0.1399,0.0034,low_confidence_fallback
C:\Users\Lenovo\Desktop\StyleMind\stylemind-cnn-training-pipeline\data\processed_dataset\Skirt\skirt165.jpg,Skirt,floral,0.2344,all-season,0.1505,0.0051,low_confidence_fallback
C:\Users\Lenovo\Desktop\StyleMind\stylemind-cnn-training-pipeline\data\processed_dataset\Warmwear\winter165.jpg,Warmwear,solid,0.2218,all-season,0.2261,0.006,low_confidence_fallback
C:\Users\Lenovo\Desktop\StyleMind\stylemind-cnn-training-pipeline\data\processed_dataset\Warmwear\winter341.jpg,Warmwear,solid,0.1991,winter,0.2333,0.0173,clip
C:\Users\Lenovo\Desktop\StyleMind\stylemind-cnn-training-pipeline\data\processed_dataset\Pants\pant324.jpg,Pants,embroidered,0.1992,all-season,0.1412,0.0024,low_confidence_fallback
C:\Users\Lenovo\Desktop\StyleMind\stylemind-cnn-training-pipeline\data\processed_dataset\Skirt\skirt114.jpg,Skirt,solid,0.2203,all-season,0.1853,0.0055,low_confidence_fallback
C:\Users\Lenovo\Desktop\StyleMind\stylemind-cnn-training-pipeline\data\processed_dataset\Shirt\shirt199.jpg,Shirt,solid,0.2325,summer,0.1986,0.0515,clip
C:\Users\Lenovo\Desktop\StyleMind\stylemind-cnn-training-pipeline\data\processed_dataset\Top\top221.jpg,Top,graphic,0.2417,summer,0.1595,0.0307,clip
C:\Users\Lenovo\Desktop\StyleMind\stylemind-cnn-training-pipeline\data\processed_dataset\Skirt\skirt254.jpg,Skirt,solid,0.2129,all-season,0.1705,0.008,low_confidence_fallback
C:\Users\Lenovo\Desktop\StyleMind\stylemind-cnn-training-pipeline\data\processed_dataset\Warmwear\winter290.jpg,Warmwear,floral,0.2481,fall,0.2208,0.0214,clip
C:\Users\Lenovo\Desktop\StyleMind\stylemind-cnn-training-pipeline\data\processed_dataset\Blazer\blazer181.jpg,Blazer,checkered,0.2797,fall,0.2601,0.0322,clip
C:\Users\Lenovo\Desktop\StyleMind\stylemind-cnn-training-pipeline\data\processed_dataset\Shorts\shorts021.jpg,Shorts,graphic,0.2238,all-season,0.137,0.0051,low_confidence_fallback
C:\Users\Lenovo\Desktop\StyleMind\stylemind-cnn-training-pipeline\data\processed_dataset\Shorts\shorts041.jpg,Shorts,embroidered,0.1938,all-season,0.1691,0.0091,low_confidence_fallback
C:\Users\Lenovo\Desktop\StyleMind\stylemind-cnn-training-pipeline\data\processed_dataset\Blazer\blazer204.jpg,Blazer,solid,0.1634,fall,0.1824,0.0144,clip
C:\Users\Lenovo\Desktop\StyleMind\stylemind-cnn-training-pipeline\data\processed_dataset\Warmwear\winter220.jpg,Warmwear,solid,0.2291,all-season,0.2106,0.0026,low_confidence_fallback
C:\Users\Lenovo\Desktop\StyleMind\stylemind-cnn-training-pipeline\data\processed_dataset\Dress\dress259.jpg,Dress,solid,0.2304,fall,0.2167,0.0294,clip
C:\Users\Lenovo\Desktop\StyleMind\stylemind-cnn-training-pipeline\data\processed_dataset\Warmwear\winter031.jpg,Warmwear,solid,0.2128,winter,0.2394,0.0253,clip
C:\Users\Lenovo\Desktop\StyleMind\stylemind-cnn-training-pipeline\data\processed_dataset\Shorts\shorts034.jpg,Shorts,checkered,0.2563,summer,0.19,0.0415,clip
C:\Users\Lenovo\Desktop\StyleMind\stylemind-cnn-training-pipeline\data\processed_dataset\Pants\pant334.jpg,Pants,solid,0.2216,all-season,0.1889,0.0093,low_confidence_fallback
C:\Users\Lenovo\Desktop\StyleMind\stylemind-cnn-training-pipeline\data\processed_dataset\Warmwear\winter120.jpg,Warmwear,solid,0.2255,all-season,0.2112,0.0083,low_confidence_fallback
C:\Users\Lenovo\Desktop\StyleMind\stylemind-cnn-training-pipeline\data\processed_dataset\Skirt\skirt137.jpg,Skirt,solid,0.2573,summer,0.1965,0.0476,clip
C:\Users\Lenovo\Desktop\StyleMind\stylemind-cnn-training-pipeline\data\processed_dataset\Formal_Pant\formal_pant156.jpg,Formal_Pant,striped,0.2131,all-season,0.1527,0.0011,low_confidence_fallback
C:\Users\Lenovo\Desktop\StyleMind\stylemind-cnn-training-pipeline\data\processed_dataset\Skirt\skirt136.jpg,Skirt,solid,0.193,fall,0.1694,0.0152,clip
C:\Users\Lenovo\Desktop\StyleMind\stylemind-cnn-training-pipeline\data\processed_dataset\Top\top314.jpg,Top,floral,0.281,summer,0.2513,0.1026,clip
C:\Users\Lenovo\Desktop\StyleMind\stylemind-cnn-training-pipeline\data\processed_dataset\Blazer\blazer269.jpg,Blazer,striped,0.2441,fall,0.2221,0.0349,clip
C:\Users\Lenovo\Desktop\StyleMind\stylemind-cnn-training-pipeline\data\processed_dataset\Shorts\shorts175.jpg,Shorts,solid,0.1842,summer,0.1866,0.0243,clip
C:\Users\Lenovo\Desktop\StyleMind\stylemind-cnn-training-pipeline\data\processed_dataset\Jacket\jacket072.jpg,Jacket,solid,0.2541,fall,0.2506,0.0106,clip
C:\Users\Lenovo\Desktop\StyleMind\stylemind-cnn-training-pipeline\data\processed_dataset\Warmwear\winter010.jpg,Warmwear,solid,0.1948,winter,0.1767,0.0173,clip
C:\Users\Lenovo\Desktop\StyleMind\stylemind-cnn-training-pipeline\data\processed_dataset\Warmwear\winter103.jpg,Warmwear,embroidered,0.2083,fall,0.2124,0.0171,clip
C:\Users\Lenovo\Desktop\StyleMind\stylemind-cnn-training-pipeline\data\processed_dataset\Dress\dress091.jpg,Dress,pleated,0.2117,summer,0.1838,0.065,clip
C:\Users\Lenovo\Desktop\StyleMind\stylemind-cnn-training-pipeline\data\processed_dataset\Dress\dress334.jpg,Dress,solid,0.2769,summer,0.253,0.0462,clip
C:\Users\Lenovo\Desktop\StyleMind\stylemind-cnn-training-pipeline\data\processed_dataset\Shorts\shorts106.jpg,Shorts,solid,0.2002,all-season,0.1723,0.0057,low_confidence_fallback
C:\Users\Lenovo\Desktop\StyleMind\stylemind-cnn-training-pipeline\data\processed_dataset\Pants\pant298.jpg,Pants,solid,0.1746,all-season,0.1497,0.0032,low_confidence_fallback
C:\Users\Lenovo\Desktop\StyleMind\stylemind-cnn-training-pipeline\data\processed_dataset\Pants\pant038.jpg,Pants,solid,0.1884,winter,0.2451,0.0612,clip
C:\Users\Lenovo\Desktop\StyleMind\stylemind-cnn-training-pipeline\data\processed_dataset\Shorts\shorts002.jpg,Shorts,graphic,0.17,summer,0.1587,0.063,clip
C:\Users\Lenovo\Desktop\StyleMind\stylemind-cnn-training-pipeline\data\processed_dataset\Shirt\shirt256.jpg,Shirt,striped,0.2547,summer,0.2402,0.0373,clip
C:\Users\Lenovo\Desktop\StyleMind\stylemind-cnn-training-pipeline\data\processed_dataset\Pants\pant034.jpg,Pants,solid,0.2041,winter,0.2266,0.0347,clip
C:\Users\Lenovo\Desktop\StyleMind\stylemind-cnn-training-pipeline\data\processed_dataset\Shirt\shirt197.jpg,Shirt,solid,0.278,summer,0.2559,0.0658,clip
C:\Users\Lenovo\Desktop\StyleMind\stylemind-cnn-training-pipeline\data\processed_dataset\Dress\dress042.jpg,Dress,solid,0.189,summer,0.2001,0.085,clip
C:\Users\Lenovo\Desktop\StyleMind\stylemind-cnn-training-pipeline\data\processed_dataset\Shirt\shirt350.jpg,Shirt,striped,0.2776,fall,0.217,0.0239,clip
C:\Users\Lenovo\Desktop\StyleMind\stylemind-cnn-training-pipeline\data\processed_dataset\Jacket\jacket121.jpg,Jacket,solid,0.2115,all-season,0.2031,0.0094,low_confidence_fallback
C:\Users\Lenovo\Desktop\StyleMind\stylemind-cnn-training-pipeline\data\processed_dataset\Jacket\jacket442.jpg,Jacket,solid,0.2225,summer,0.2133,0.0146,clip
C:\Users\Lenovo\Desktop\StyleMind\stylemind-cnn-training-pipeline\data\processed_dataset\Skirt\skirt240.jpg,Skirt,checkered,0.2412,all-season,0.1956,0.0086,low_confidence_fallback
C:\Users\Lenovo\Desktop\StyleMind\stylemind-cnn-training-pipeline\data\processed_dataset\Skirt\skirt099.jpg,Skirt,pleated,0.2743,all-season,0.1907,0.0004,low_confidence_fallback
C:\Users\Lenovo\Desktop\StyleMind\stylemind-cnn-training-pipeline\data\processed_dataset\Warmwear\winter177.jpg,Warmwear,solid,0.2306,winter,0.2477,0.0324,clip
C:\Users\Lenovo\Desktop\StyleMind\stylemind-cnn-training-pipeline\data\processed_dataset\Jacket\jacket176.jpg,Jacket,solid,0.2065,fall,0.2012,0.0135,clip
C:\Users\Lenovo\Desktop\StyleMind\stylemind-cnn-training-pipeline\data\processed_dataset\Top\top137.jpg,Top,solid,0.2056,summer,0.1811,0.0733,clip
C:\Users\Lenovo\Desktop\StyleMind\stylemind-cnn-training-pipeline\data\processed_dataset\Top\top234.jpg,Top,embroidered,0.2034,all-season,0.1382,0.0069,low_confidence_fallback
C:\Users\Lenovo\Desktop\StyleMind\stylemind-cnn-training-pipeline\data\processed_dataset\Top\top269.jpg,Top,floral,0.2741,summer,0.2046,0.0793,clip
C:\Users\Lenovo\Desktop\StyleMind\stylemind-cnn-training-pipeline\data\processed_dataset\Jacket\jacket144.jpg,Jacket,solid,0.1769,fall,0.2086,0.0226,clip
C:\Users\Lenovo\Desktop\StyleMind\stylemind-cnn-training-pipeline\data\processed_dataset\Jacket\jacket206.jpg,Jacket,solid,0.2235,summer,0.2433,0.0202,clip
C:\Users\Lenovo\Desktop\StyleMind\stylemind-cnn-training-pipeline\data\processed_dataset\Dress\dress384.jpg,Dress,pleated,0.2035,summer,0.1707,0.0486,clip
C:\Users\Lenovo\Desktop\StyleMind\stylemind-cnn-training-pipeline\data\processed_dataset\Formal_Pant\formal_pant117.jpg,Formal_Pant,solid,0.2112,fall,0.1835,0.0154,clip
C:\Users\Lenovo\Desktop\StyleMind\stylemind-cnn-training-pipeline\data\processed_dataset\Shorts\shorts146.jpg,Shorts,solid,0.1871,summer,0.1933,0.0541,clip
C:\Users\Lenovo\Desktop\StyleMind\stylemind-cnn-training-pipeline\data\processed_dataset\Pants\pant053.jpg,Pants,solid,0.2071,winter,0.2413,0.0239,clip
C:\Users\Lenovo\Desktop\StyleMind\stylemind-cnn-training-pipeline\data\processed_dataset\Warmwear\winter148.jpg,Warmwear,pleated,0.2378,winter,0.2183,0.0139,clip
C:\Users\Lenovo\Desktop\StyleMind\stylemind-cnn-training-pipeline\data\processed_dataset\Shorts\shorts346.jpg,Shorts,solid,0.2054,summer,0.1946,0.0321,clip
C:\Users\Lenovo\Desktop\StyleMind\stylemind-cnn-training-pipeline\data\processed_dataset\Dress\dress202.jpg,Dress,floral,0.2626,summer,0.2089,0.0545,clip
C:\Users\Lenovo\Desktop\StyleMind\stylemind-cnn-training-pipeline\data\processed_dataset\Dress\dress003.jpg,Dress,floral,0.2268,summer,0.1879,0.0763,clip
C:\Users\Lenovo\Desktop\StyleMind\stylemind-cnn-training-pipeline\data\processed_dataset\Warmwear\winter298.jpg,Warmwear,floral,0.2594,all-season,0.1978,0.0054,low_confidence_fallback
C:\Users\Lenovo\Desktop\StyleMind\stylemind-cnn-training-pipeline\data\processed_dataset\Warmwear\winter387.jpg,Warmwear,embroidered,0.1371,winter,0.1641,0.012,clip
C:\Users\Lenovo\Desktop\StyleMind\stylemind-cnn-training-pipeline\data\processed_dataset\Dress\dress188.jpg,Dress,solid,0.1989,summer,0.1796,0.0347,clip
C:\Users\Lenovo\Desktop\StyleMind\stylemind-cnn-training-pipeline\data\processed_dataset\Warmwear\winter353.jpg,Warmwear,graphic,0.1942,winter,0.1849,0.0496,clip
C:\Users\Lenovo\Desktop\StyleMind\stylemind-cnn-training-pipeline\data\processed_dataset\Blazer\blazer164.jpg,Blazer,solid,0.2056,fall,0.2014,0.0115,clip
C:\Users\Lenovo\Desktop\StyleMind\stylemind-cnn-training-pipeline\data\processed_dataset\Shirt\shirt129.jpg,Shirt,solid,0.2555,all-season,0.2049,0.0049,low_confidence_fallback
C:\Users\Lenovo\Desktop\StyleMind\stylemind-cnn-training-pipeline\data\processed_dataset\Skirt\skirt392.jpg,Skirt,solid,0.1942,all-season,0.1529,0.007,low_confidence_fallback
C:\Users\Lenovo\Desktop\StyleMind\stylemind-cnn-training-pipeline\data\processed_dataset\Dress\dress272.jpg,Dress,pleated,0.2452,summer,0.2461,0.0903,clip
C:\Users\Lenovo\Desktop\StyleMind\stylemind-cnn-training-pipeline\data\processed_dataset\Skirt\skirt311.jpg,Skirt,pleated,0.2032,summer,0.1725,0.0392,clip
C:\Users\Lenovo\Desktop\StyleMind\stylemind-cnn-training-pipeline\data\processed_dataset\Top\top398.jpg,Top,solid,0.2248,summer,0.2286,0.0717,clip
C:\Users\Lenovo\Desktop\StyleMind\stylemind-cnn-training-pipeline\data\processed_dataset\Dress\dress082.jpg,Dress,pleated,0.2199,summer,0.1964,0.0396,clip
C:\Users\Lenovo\Desktop\StyleMind\stylemind-cnn-training-pipeline\data\processed_dataset\Shirt\shirt206.jpg,Shirt,striped,0.2639,summer,0.2014,0.0227,clip
C:\Users\Lenovo\Desktop\StyleMind\stylemind-cnn-training-pipeline\data\processed_dataset\Top\top312.jpg,Top,checkered,0.2538,summer,0.2297,0.0935,clip
C:\Users\Lenovo\Desktop\StyleMind\stylemind-cnn-training-pipeline\data\processed_dataset\Dress\dress135.jpg,Dress,solid,0.1936,summer,0.1722,0.0589,clip
C:\Users\Lenovo\Desktop\StyleMind\stylemind-cnn-training-pipeline\data\processed_dataset\Shorts\shorts192.jpg,Shorts,solid,0.2058,summer,0.1754,0.0296,clip
C:\Users\Lenovo\Desktop\StyleMind\stylemind-cnn-training-pipeline\data\processed_dataset\Pants\pant442.jpg,Pants,solid,0.1849,all-season,0.1365,0.0048,low_confidence_fallback
C:\Users\Lenovo\Desktop\StyleMind\stylemind-cnn-training-pipeline\data\processed_dataset\Jacket\jacket174.jpg,Jacket,solid,0.226,winter,0.2199,0.0117,clip
C:\Users\Lenovo\Desktop\StyleMind\stylemind-cnn-training-pipeline\data\processed_dataset\Dress\dress235.jpg,Dress,pleated,0.1766,summer,0.1581,0.0233,clip
C:\Users\Lenovo\Desktop\StyleMind\stylemind-cnn-training-pipeline\data\processed_dataset\Dress\dress186.jpg,Dress,pleated,0.2378,summer,0.1826,0.0315,clip
C:\Users\Lenovo\Desktop\StyleMind\stylemind-cnn-training-pipeline\data\processed_dataset\Shirt\shirt114.jpg,Shirt,solid,0.2799,summer,0.2543,0.0565,clip
C:\Users\Lenovo\Desktop\StyleMind\stylemind-cnn-training-pipeline\data\processed_dataset\Warmwear\winter136.jpg,Warmwear,solid,0.2554,winter,0.233,0.0286,clip
C:\Users\Lenovo\Desktop\StyleMind\stylemind-cnn-training-pipeline\data\processed_dataset\Formal_Pant\formal_pant285.jpg,Formal_Pant,solid,0.2162,all-season,0.1687,0.0039,low_confidence_fallback
C:\Users\Lenovo\Desktop\StyleMind\stylemind-cnn-training-pipeline\data\processed_dataset\Pants\pant420.jpg,Pants,solid,0.2091,all-season,0.1569,0.0008,low_confidence_fallback
C:\Users\Lenovo\Desktop\StyleMind\stylemind-cnn-training-pipeline\data\processed_dataset\Skirt\skirt366.jpg,Skirt,solid,0.2743,summer,0.2115,0.019,clip
C:\Users\Lenovo\Desktop\StyleMind\stylemind-cnn-training-pipeline\data\processed_dataset\Blazer\blazer392.jpg,Blazer,solid,0.1925,fall,0.2432,0.0338,clip
C:\Users\Lenovo\Desktop\StyleMind\stylemind-cnn-training-pipeline\data\processed_dataset\Jacket\jacket223.jpg,Jacket,solid,0.225,all-season,0.2117,0.0051,low_confidence_fallback
C:\Users\Lenovo\Desktop\StyleMind\stylemind-cnn-training-pipeline\data\processed_dataset\Shirt\shirt016.jpg,Shirt,striped,0.2645,summer,0.2055,0.0641,clip
C:\Users\Lenovo\Desktop\StyleMind\stylemind-cnn-training-pipeline\data\processed_dataset\Top\top191.jpg,Top,solid,0.213,summer,0.2185,0.0476,clip
C:\Users\Lenovo\Desktop\StyleMind\stylemind-cnn-training-pipeline\data\processed_dataset\Warmwear\winter394.jpg,Warmwear,embroidered,0.2266,all-season,0.1914,0.0008,low_confidence_fallback
C:\Users\Lenovo\Desktop\StyleMind\stylemind-cnn-training-pipeline\data\processed_dataset\Formal_Pant\formal_pant124.jpg,Formal_Pant,striped,0.2139,summer,0.1726,0.0263,clip
C:\Users\Lenovo\Desktop\StyleMind\stylemind-cnn-training-pipeline\data\processed_dataset\Shorts\shorts369.jpg,Shorts,solid,0.2147,summer,0.1753,0.0455,clip
C:\Users\Lenovo\Desktop\StyleMind\stylemind-cnn-training-pipeline\data\processed_dataset\Shirt\shirt048.jpg,Shirt,striped,0.262,summer,0.2225,0.0245,clip
C:\Users\Lenovo\Desktop\StyleMind\stylemind-cnn-training-pipeline\data\processed_dataset\Jacket\jacket090.jpg,Jacket,solid,0.192,winter,0.2244,0.0261,clip
C:\Users\Lenovo\Desktop\StyleMind\stylemind-cnn-training-pipeline\data\processed_dataset\Blazer\blazer037.jpg,Blazer,solid,0.1776,fall,0.1847,0.0304,clip
C:\Users\Lenovo\Desktop\StyleMind\stylemind-cnn-training-pipeline\data\processed_dataset\Formal_Pant\formal_pant388.jpg,Formal_Pant,solid,0.182,all-season,0.1557,0.008,low_confidence_fallback
C:\Users\Lenovo\Desktop\StyleMind\stylemind-cnn-training-pipeline\data\processed_dataset\Jacket\jacket114.jpg,Jacket,solid,0.1842,winter,0.2452,0.0369,clip
C:\Users\Lenovo\Desktop\StyleMind\stylemind-cnn-training-pipeline\data\processed_dataset\Warmwear\winter276.jpg,Warmwear,embroidered,0.2155,fall,0.2107,0.0139,clip
C:\Users\Lenovo\Desktop\StyleMind\stylemind-cnn-training-pipeline\data\processed_dataset\Formal_Pant\formal_pant183.jpg,Formal_Pant,pleated,0.1972,summer,0.1692,0.0236,clip
C:\Users\Lenovo\Desktop\StyleMind\stylemind-cnn-training-pipeline\data\processed_dataset\Blazer\blazer094.jpg,Blazer,striped,0.2159,fall,0.2468,0.0228,clip
C:\Users\Lenovo\Desktop\StyleMind\stylemind-cnn-training-pipeline\data\processed_dataset\Formal_Pant\formal_pant122.jpg,Formal_Pant,solid,0.2138,fall,0.213,0.0238,clip
C:\Users\Lenovo\Desktop\StyleMind\stylemind-cnn-training-pipeline\data\processed_dataset\Skirt\skirt249.jpg,Skirt,solid,0.2254,all-season,0.1751,0.0006,low_confidence_fallback
C:\Users\Lenovo\Desktop\StyleMind\stylemind-cnn-training-pipeline\data\processed_dataset\Jacket\jacket270.jpg,Jacket,graphic,0.1828,winter,0.1768,0.0363,clip
C:\Users\Lenovo\Desktop\StyleMind\stylemind-cnn-training-pipeline\data\processed_dataset\Shirt\shirt044.jpg,Shirt,solid,0.2522,all-season,0.2145,0.0087,low_confidence_fallback
C:\Users\Lenovo\Desktop\StyleMind\stylemind-cnn-training-pipeline\data\processed_dataset\Warmwear\winter266.jpg,Warmwear,solid,0.1729,winter,0.2194,0.0529,clip
C:\Users\Lenovo\Desktop\StyleMind\stylemind-cnn-training-pipeline\data\processed_dataset\Warmwear\winter343.jpg,Warmwear,striped,0.2027,winter,0.2244,0.0255,clip
C:\Users\Lenovo\Desktop\StyleMind\stylemind-cnn-training-pipeline\data\processed_dataset\Formal_Pant\formal_pant005.jpg,Formal_Pant,solid,0.1993,all-season,0.1668,0.0068,low_confidence_fallback
C:\Users\Lenovo\Desktop\StyleMind\stylemind-cnn-training-pipeline\data\processed_dataset\Dress\dress102.jpg,Dress,floral,0.1796,summer,0.1552,0.0493,clip
C:\Users\Lenovo\Desktop\StyleMind\stylemind-cnn-training-pipeline\data\processed_dataset\Top\top281.jpg,Top,graphic,0.2077,summer,0.1663,0.0555,clip
C:\Users\Lenovo\Desktop\StyleMind\stylemind-cnn-training-pipeline\data\processed_dataset\Shorts\shorts331.jpg,Shorts,solid,0.1528,all-season,0.1505,0.0079,low_confidence_fallback
C:\Users\Lenovo\Desktop\StyleMind\stylemind-cnn-training-pipeline\data\processed_dataset\Top\top258.jpg,Top,graphic,0.2139,summer,0.1727,0.0362,clip
C:\Users\Lenovo\Desktop\StyleMind\stylemind-cnn-training-pipeline\data\processed_dataset\Warmwear\winter206.jpg,Warmwear,solid,0.1952,winter,0.1852,0.0287,clip
C:\Users\Lenovo\Desktop\StyleMind\stylemind-cnn-training-pipeline\data\processed_dataset\Shorts\shorts431.jpg,Shorts,solid,0.1977,summer,0.2087,0.0455,clip
C:\Users\Lenovo\Desktop\StyleMind\stylemind-cnn-training-pipeline\data\processed_dataset\Formal_Pant\formal_pant053.jpg,Formal_Pant,solid,0.214,all-season,0.1668,0.003,low_confidence_fallback
C:\Users\Lenovo\Desktop\StyleMind\stylemind-cnn-training-pipeline\data\processed_dataset\Shorts\shorts200.jpg,Shorts,solid,0.2148,summer,0.1639,0.0234,clip
C:\Users\Lenovo\Desktop\StyleMind\stylemind-cnn-training-pipeline\data\processed_dataset\Skirt\skirt181.jpg,Skirt,pleated,0.2281,summer,0.2094,0.0657,clip
C:\Users\Lenovo\Desktop\StyleMind\stylemind-cnn-training-pipeline\data\processed_dataset\Blazer\blazer185.jpg,Blazer,pleated,0.2047,fall,0.2029,0.0335,clip
C:\Users\Lenovo\Desktop\StyleMind\stylemind-cnn-training-pipeline\data\processed_dataset\Skirt\skirt184.jpg,Skirt,pleated,0.2607,summer,0.1775,0.0294,clip
C:\Users\Lenovo\Desktop\StyleMind\stylemind-cnn-training-pipeline\data\processed_dataset\Warmwear\winter069.jpg,Warmwear,solid,0.191,all-season,0.1943,0.0026,low_confidence_fallback
C:\Users\Lenovo\Desktop\StyleMind\stylemind-cnn-training-pipeline\data\processed_dataset\Jacket\jacket005.jpg,Jacket,floral,0.2407,summer,0.234,0.018,clip
C:\Users\Lenovo\Desktop\StyleMind\stylemind-cnn-training-pipeline\data\processed_dataset\Blazer\blazer369.jpg,Blazer,solid,0.2138,fall,0.2124,0.0245,clip
C:\Users\Lenovo\Desktop\StyleMind\stylemind-cnn-training-pipeline\data\processed_dataset\Dress\dress167.jpg,Dress,floral,0.2132,summer,0.2224,0.0809,clip
C:\Users\Lenovo\Desktop\StyleMind\stylemind-cnn-training-pipeline\data\processed_dataset\Shorts\shorts279.jpg,Shorts,checkered,0.2729,summer,0.2103,0.0245,clip
C:\Users\Lenovo\Desktop\StyleMind\stylemind-cnn-training-pipeline\data\processed_dataset\Pants\pant010.jpg,Pants,checkered,0.2437,summer,0.1896,0.026,clip
C:\Users\Lenovo\Desktop\StyleMind\stylemind-cnn-training-pipeline\data\processed_dataset\Warmwear\winter043.jpg,Warmwear,solid,0.2074,all-season,0.2082,0.0064,low_confidence_fallback
C:\Users\Lenovo\Desktop\StyleMind\stylemind-cnn-training-pipeline\data\processed_dataset\Pants\pant238.jpg,Pants,striped,0.2342,summer,0.2055,0.0548,clip
C:\Users\Lenovo\Desktop\StyleMind\stylemind-cnn-training-pipeline\data\processed_dataset\Jacket\jacket001.jpg,Jacket,solid,0.2314,all-season,0.2146,0.0003,low_confidence_fallback
C:\Users\Lenovo\Desktop\StyleMind\stylemind-cnn-training-pipeline\data\processed_dataset\Shirt\shirt148.jpg,Shirt,striped,0.2552,summer,0.2002,0.012,clip
C:\Users\Lenovo\Desktop\StyleMind\stylemind-cnn-training-pipeline\data\processed_dataset\Dress\dress149.jpg,Dress,floral,0.2463,summer,0.2155,0.0678,clip
C:\Users\Lenovo\Desktop\StyleMind\stylemind-cnn-training-pipeline\data\processed_dataset\Warmwear\winter335.jpg,Warmwear,striped,0.2112,all-season,0.21,0.0036,low_confidence_fallback
C:\Users\Lenovo\Desktop\StyleMind\stylemind-cnn-training-pipeline\data\processed_dataset\Jacket\jacket048.jpg,Jacket,solid,0.2003,fall,0.1792,0.0121,clip
C:\Users\Lenovo\Desktop\StyleMind\stylemind-cnn-training-pipeline\data\processed_dataset\Shirt\shirt112.jpg,Shirt,solid,0.2687,summer,0.244,0.0655,clip
C:\Users\Lenovo\Desktop\StyleMind\stylemind-cnn-training-pipeline\data\processed_dataset\Blazer\blazer017.jpg,Blazer,solid,0.1942,fall,0.2308,0.0418,clip
C:\Users\Lenovo\Desktop\StyleMind\stylemind-cnn-training-pipeline\data\processed_dataset\Shirt\shirt004.jpg,Shirt,striped,0.296,fall,0.2312,0.0189,clip
C:\Users\Lenovo\Desktop\StyleMind\stylemind-cnn-training-pipeline\data\processed_dataset\Shirt\shirt128.jpg,Shirt,solid,0.259,summer,0.2195,0.0415,clip
C:\Users\Lenovo\Desktop\StyleMind\stylemind-cnn-training-pipeline\data\processed_dataset\Shorts\shorts423.jpg,Shorts,floral,0.2435,summer,0.1747,0.0385,clip
C:\Users\Lenovo\Desktop\StyleMind\stylemind-cnn-training-pipeline\data\processed_dataset\Shirt\shirt391.jpg,Shirt,checkered,0.2959,fall,0.2285,0.0222,clip
C:\Users\Lenovo\Desktop\StyleMind\stylemind-cnn-training-pipeline\data\processed_dataset\Warmwear\winter018.jpg,Warmwear,solid,0.2047,winter,0.201,0.0168,clip
C:\Users\Lenovo\Desktop\StyleMind\stylemind-cnn-training-pipeline\data\processed_dataset\Blazer\blazer193.jpg,Blazer,solid,0.2197,fall,0.2308,0.0293,clip
C:\Users\Lenovo\Desktop\StyleMind\stylemind-cnn-training-pipeline\data\processed_dataset\Pants\pant408.jpg,Pants,solid,0.178,summer,0.1525,0.0253,clip
C:\Users\Lenovo\Desktop\StyleMind\stylemind-cnn-training-pipeline\data\processed_dataset\Formal_Pant\formal_pant176.jpg,Formal_Pant,striped,0.2429,all-season,0.188,0.0088,low_confidence_fallback
C:\Users\Lenovo\Desktop\StyleMind\stylemind-cnn-training-pipeline\data\processed_dataset\Blazer\blazer412.jpg,Blazer,solid,0.2018,fall,0.2415,0.0249,clip
C:\Users\Lenovo\Desktop\StyleMind\stylemind-cnn-training-pipeline\data\processed_dataset\Skirt\skirt406.jpg,Skirt,pleated,0.1997,summer,0.1434,0.0105,clip
C:\Users\Lenovo\Desktop\StyleMind\stylemind-cnn-training-pipeline\data\processed_dataset\Pants\pant235.jpg,Pants,solid,0.2133,winter,0.2126,0.0388,clip
C:\Users\Lenovo\Desktop\StyleMind\stylemind-cnn-training-pipeline\data\processed_dataset\Jacket\jacket167.jpg,Jacket,solid,0.1884,all-season,0.2192,0.0099,low_confidence_fallback
C:\Users\Lenovo\Desktop\StyleMind\stylemind-cnn-training-pipeline\data\processed_dataset\Jacket\jacket024.jpg,Jacket,solid,0.2401,winter,0.2754,0.0303,clip
C:\Users\Lenovo\Desktop\StyleMind\stylemind-cnn-training-pipeline\data\processed_dataset\Formal_Pant\formal_pant276.jpg,Formal_Pant,solid,0.2094,all-season,0.1731,0.0001,low_confidence_fallback
C:\Users\Lenovo\Desktop\StyleMind\stylemind-cnn-training-pipeline\data\processed_dataset\Skirt\skirt095.jpg,Skirt,solid,0.2314,all-season,0.1734,0.0095,low_confidence_fallback
C:\Users\Lenovo\Desktop\StyleMind\stylemind-cnn-training-pipeline\data\processed_dataset\Top\top052.jpg,Top,solid,0.2152,summer,0.2064,0.0615,clip
C:\Users\Lenovo\Desktop\StyleMind\stylemind-cnn-training-pipeline\data\processed_dataset\Skirt\skirt319.jpg,Skirt,pleated,0.2391,all-season,0.176,0.0062,low_confidence_fallback
C:\Users\Lenovo\Desktop\StyleMind\stylemind-cnn-training-pipeline\data\processed_dataset\Warmwear\winter111.jpg,Warmwear,striped,0.2332,winter,0.1963,0.0156,clip
C:\Users\Lenovo\Desktop\StyleMind\stylemind-cnn-training-pipeline\data\processed_dataset\Jacket\jacket086.jpg,Jacket,solid,0.2363,winter,0.2795,0.026,clip
C:\Users\Lenovo\Desktop\StyleMind\stylemind-cnn-training-pipeline\data\processed_dataset\Pants\pant113.jpg,Pants,solid,0.1831,winter,0.1548,0.0109,clip
C:\Users\Lenovo\Desktop\StyleMind\stylemind-cnn-training-pipeline\data\processed_dataset\Warmwear\winter055.jpg,Warmwear,embroidered,0.1634,winter,0.1915,0.0319,clip
C:\Users\Lenovo\Desktop\StyleMind\stylemind-cnn-training-pipeline\data\processed_dataset\Blazer\blazer357.jpg,Blazer,solid,0.1916,fall,0.2085,0.0464,clip
C:\Users\Lenovo\Desktop\StyleMind\stylemind-cnn-training-pipeline\data\processed_dataset\Blazer\blazer365.jpg,Blazer,striped,0.212,fall,0.1985,0.01,clip
C:\Users\Lenovo\Desktop\StyleMind\stylemind-cnn-training-pipeline\data\processed_dataset\Warmwear\winter396.jpg,Warmwear,solid,0.2209,winter,0.2308,0.019,clip
C:\Users\Lenovo\Desktop\StyleMind\stylemind-cnn-training-pipeline\data\processed_dataset\Top\top210.jpg,Top,striped,0.1926,summer,0.1761,0.0503,clip
C:\Users\Lenovo\Desktop\StyleMind\stylemind-cnn-training-pipeline\data\processed_dataset\Jacket\jacket047.jpg,Jacket,solid,0.1834,fall,0.1875,0.0291,clip
C:\Users\Lenovo\Desktop\StyleMind\stylemind-cnn-training-pipeline\data\processed_dataset\Pants\pant409.jpg,Pants,floral,0.2457,summer,0.1508,0.0132,clip
C:\Users\Lenovo\Desktop\StyleMind\stylemind-cnn-training-pipeline\data\processed_dataset\Skirt\skirt033.jpg,Skirt,pleated,0.2028,summer,0.1866,0.0339,clip
C:\Users\Lenovo\Desktop\StyleMind\stylemind-cnn-training-pipeline\data\processed_dataset\Blazer\blazer442.jpg,Blazer,embroidered,0.2342,fall,0.2017,0.0437,clip
C:\Users\Lenovo\Desktop\StyleMind\stylemind-cnn-training-pipeline\data\processed_dataset\Blazer\blazer199.jpg,Blazer,solid,0.2177,fall,0.2106,0.0244,clip
C:\Users\Lenovo\Desktop\StyleMind\stylemind-cnn-training-pipeline\data\processed_dataset\Shirt\shirt135.jpg,Shirt,striped,0.2473,summer,0.2338,0.0795,clip
C:\Users\Lenovo\Desktop\StyleMind\stylemind-cnn-training-pipeline\data\processed_dataset\Warmwear\winter299.jpg,Warmwear,solid,0.2051,winter,0.2304,0.0311,clip
C:\Users\Lenovo\Desktop\StyleMind\stylemind-cnn-training-pipeline\data\processed_dataset\Skirt\skirt055.jpg,Skirt,solid,0.2218,all-season,0.1902,0.0022,low_confidence_fallback
C:\Users\Lenovo\Desktop\StyleMind\stylemind-cnn-training-pipeline\data\processed_dataset\Formal_Pant\formal_pant250.jpg,Formal_Pant,solid,0.1921,all-season,0.1758,0.0018,low_confidence_fallback
C:\Users\Lenovo\Desktop\StyleMind\stylemind-cnn-training-pipeline\data\processed_dataset\Dress\dress056.jpg,Dress,solid,0.2123,summer,0.1889,0.0269,clip
C:\Users\Lenovo\Desktop\StyleMind\stylemind-cnn-training-pipeline\data\processed_dataset\Blazer\blazer361.jpg,Blazer,solid,0.2134,fall,0.2243,0.0574,clip
C:\Users\Lenovo\Desktop\StyleMind\stylemind-cnn-training-pipeline\data\processed_dataset\Blazer\blazer254.jpg,Blazer,embroidered,0.2219,fall,0.1898,0.0209,clip
C:\Users\Lenovo\Desktop\StyleMind\stylemind-cnn-training-pipeline\data\processed_dataset\Dress\dress383.jpg,Dress,solid,0.1636,fall,0.1618,0.0116,clip
C:\Users\Lenovo\Desktop\StyleMind\stylemind-cnn-training-pipeline\data\processed_dataset\Jacket\jacket351.jpg,Jacket,solid,0.1986,all-season,0.2119,0.0076,low_confidence_fallback
C:\Users\Lenovo\Desktop\StyleMind\stylemind-cnn-training-pipeline\data\processed_dataset\Dress\dress231.jpg,Dress,striped,0.189,all-season,0.1541,0.0057,low_confidence_fallback
C:\Users\Lenovo\Desktop\StyleMind\stylemind-cnn-training-pipeline\data\processed_dataset\Dress\dress278.jpg,Dress,pleated,0.2567,summer,0.2215,0.0166,clip
C:\Users\Lenovo\Desktop\StyleMind\stylemind-cnn-training-pipeline\data\processed_dataset\Shorts\shorts210.jpg,Shorts,solid,0.1879,summer,0.1629,0.0204,clip
C:\Users\Lenovo\Desktop\StyleMind\stylemind-cnn-training-pipeline\data\processed_dataset\Jacket\jacket218.jpg,Jacket,solid,0.1609,winter,0.1939,0.0173,clip
C:\Users\Lenovo\Desktop\StyleMind\stylemind-cnn-training-pipeline\data\processed_dataset\Shirt\shirt134.jpg,Shirt,striped,0.299,summer,0.2911,0.1079,clip
C:\Users\Lenovo\Desktop\StyleMind\stylemind-cnn-training-pipeline\data\processed_dataset\Jacket\jacket023.jpg,Jacket,solid,0.2219,fall,0.2334,0.0204,clip
C:\Users\Lenovo\Desktop\StyleMind\stylemind-cnn-training-pipeline\data\processed_dataset\Shorts\shorts005.jpg,Shorts,graphic,0.1998,summer,0.1703,0.0269,clip
C:\Users\Lenovo\Desktop\StyleMind\stylemind-cnn-training-pipeline\data\processed_dataset\Shorts\shorts196.jpg,Shorts,solid,0.1772,summer,0.1688,0.0321,clip
C:\Users\Lenovo\Desktop\StyleMind\stylemind-cnn-training-pipeline\data\processed_dataset\Pants\pant003.jpg,Pants,solid,0.1963,all-season,0.1618,0.005,low_confidence_fallback
C:\Users\Lenovo\Desktop\StyleMind\stylemind-cnn-training-pipeline\data\processed_dataset\Pants\pant216.jpg,Pants,solid,0.223,all-season,0.1988,0.0038,low_confidence_fallback
C:\Users\Lenovo\Desktop\StyleMind\stylemind-cnn-training-pipeline\data\processed_dataset\Shorts\shorts291.jpg,Shorts,solid,0.203,all-season,0.1696,0.0072,low_confidence_fallback
C:\Users\Lenovo\Desktop\StyleMind\stylemind-cnn-training-pipeline\data\processed_dataset\Blazer\blazer128.jpg,Blazer,solid,0.1917,fall,0.2262,0.049,clip
C:\Users\Lenovo\Desktop\StyleMind\stylemind-cnn-training-pipeline\data\processed_dataset\Dress\dress108.jpg,Dress,solid,0.2017,summer,0.161,0.0294,clip
C:\Users\Lenovo\Desktop\StyleMind\stylemind-cnn-training-pipeline\data\processed_dataset\Shirt\shirt142.jpg,Shirt,striped,0.2531,summer,0.1959,0.0327,clip
C:\Users\Lenovo\Desktop\StyleMind\stylemind-cnn-training-pipeline\data\processed_dataset\Formal_Pant\formal_pant395.jpg,Formal_Pant,solid,0.2047,all-season,0.1595,0.0012,low_confidence_fallback
C:\Users\Lenovo\Desktop\StyleMind\stylemind-cnn-training-pipeline\data\processed_dataset\Blazer\blazer078.jpg,Blazer,solid,0.2493,summer,0.2291,0.0332,clip
C:\Users\Lenovo\Desktop\StyleMind\stylemind-cnn-training-pipeline\data\processed_dataset\Shirt\shirt126.jpg,Shirt,solid,0.2843,all-season,0.2386,0.0035,low_confidence_fallback
C:\Users\Lenovo\Desktop\StyleMind\stylemind-cnn-training-pipeline\data\processed_dataset\Jacket\jacket178.jpg,Jacket,solid,0.249,fall,0.2218,0.0155,clip
C:\Users\Lenovo\Desktop\StyleMind\stylemind-cnn-training-pipeline\data\processed_dataset\Shorts\shorts338.jpg,Shorts,solid,0.1805,summer,0.165,0.056,clip
C:\Users\Lenovo\Desktop\StyleMind\stylemind-cnn-training-pipeline\data\processed_dataset\Skirt\skirt403.jpg,Skirt,pleated,0.2005,summer,0.162,0.0286,clip
C:\Users\Lenovo\Desktop\StyleMind\stylemind-cnn-training-pipeline\data\processed_dataset\Jacket\jacket103.jpg,Jacket,solid,0.2058,winter,0.2446,0.0145,clip
C:\Users\Lenovo\Desktop\StyleMind\stylemind-cnn-training-pipeline\data\processed_dataset\Shirt\shirt097.jpg,Shirt,solid,0.2724,fall,0.2211,0.0126,clip
C:\Users\Lenovo\Desktop\StyleMind\stylemind-cnn-training-pipeline\data\processed_dataset\Top\top027.jpg,Top,pleated,0.2863,summer,0.2207,0.0428,clip
C:\Users\Lenovo\Desktop\StyleMind\stylemind-cnn-training-pipeline\data\processed_dataset\Formal_Pant\formal_pant279.jpg,Formal_Pant,solid,0.2099,summer,0.1674,0.0182,clip
C:\Users\Lenovo\Desktop\StyleMind\stylemind-cnn-training-pipeline\data\processed_dataset\Shirt\shirt213.jpg,Shirt,solid,0.2751,all-season,0.2374,0.0054,low_confidence_fallback
C:\Users\Lenovo\Desktop\StyleMind\stylemind-cnn-training-pipeline\data\processed_dataset\Shorts\shorts109.jpg,Shorts,solid,0.2247,summer,0.2308,0.0607,clip
C:\Users\Lenovo\Desktop\StyleMind\stylemind-cnn-training-pipeline\data\processed_dataset\Jacket\jacket207.jpg,Jacket,solid,0.2102,summer,0.226,0.0469,clip
C:\Users\Lenovo\Desktop\StyleMind\stylemind-cnn-training-pipeline\data\processed_dataset\Pants\pant391.jpg,Pants,solid,0.2087,winter,0.1791,0.0118,clip
C:\Users\Lenovo\Desktop\StyleMind\stylemind-cnn-training-pipeline\data\processed_dataset\Jacket\jacket171.jpg,Jacket,solid,0.1906,winter,0.2153,0.0196,clip
C:\Users\Lenovo\Desktop\StyleMind\stylemind-cnn-training-pipeline\data\processed_dataset\Blazer\blazer336.jpg,Blazer,solid,0.1807,fall,0.2087,0.0361,clip
C:\Users\Lenovo\Desktop\StyleMind\stylemind-cnn-training-pipeline\data\processed_dataset\Skirt\skirt065.jpg,Skirt,pleated,0.2035,summer,0.1708,0.027,clip
C:\Users\Lenovo\Desktop\StyleMind\stylemind-cnn-training-pipeline\data\processed_dataset\Shorts\shorts399.jpg,Shorts,embroidered,0.1861,summer,0.1697,0.0253,clip
C:\Users\Lenovo\Desktop\StyleMind\stylemind-cnn-training-pipeline\data\processed_dataset\Dress\dress276.jpg,Dress,solid,0.1969,fall,0.1794,0.0233,clip
C:\Users\Lenovo\Desktop\StyleMind\stylemind-cnn-training-pipeline\data\processed_dataset\Shorts\shorts103.jpg,Shorts,solid,0.2011,summer,0.1899,0.0528,clip
C:\Users\Lenovo\Desktop\StyleMind\stylemind-cnn-training-pipeline\data\processed_dataset\Shorts\shorts259.jpg,Shorts,solid,0.1982,summer,0.1958,0.0326,clip
C:\Users\Lenovo\Desktop\StyleMind\stylemind-cnn-training-pipeline\data\processed_dataset\Top\top374.jpg,Top,solid,0.2372,summer,0.221,0.0326,clip
C:\Users\Lenovo\Desktop\StyleMind\stylemind-cnn-training-pipeline\data\processed_dataset\Formal_Pant\formal_pant097.jpg,Formal_Pant,solid,0.2026,all-season,0.1686,0.0061,low_confidence_fallback
C:\Users\Lenovo\Desktop\StyleMind\stylemind-cnn-training-pipeline\data\processed_dataset\Skirt\skirt239.jpg,Skirt,solid,0.214,all-season,0.2043,0.0062,low_confidence_fallback
C:\Users\Lenovo\Desktop\StyleMind\stylemind-cnn-training-pipeline\data\processed_dataset\Dress\dress182.jpg,Dress,pleated,0.2091,summer,0.1699,0.0393,clip
C:\Users\Lenovo\Desktop\StyleMind\stylemind-cnn-training-pipeline\data\processed_dataset\Jacket\jacket265.jpg,Jacket,solid,0.211,winter,0.255,0.0505,clip
C:\Users\Lenovo\Desktop\StyleMind\stylemind-cnn-training-pipeline\data\processed_dataset\Blazer\blazer126.jpg,Blazer,solid,0.2213,fall,0.2325,0.0489,clip
C:\Users\Lenovo\Desktop\StyleMind\stylemind-cnn-training-pipeline\data\processed_dataset\Pants\pant107.jpg,Pants,solid,0.2417,all-season,0.2179,0.0021,low_confidence_fallback
C:\Users\Lenovo\Desktop\StyleMind\stylemind-cnn-training-pipeline\data\processed_dataset\Blazer\blazer066.jpg,Blazer,solid,0.1998,fall,0.1992,0.0427,clip
C:\Users\Lenovo\Desktop\StyleMind\stylemind-cnn-training-pipeline\data\processed_dataset\Pants\pant315.jpg,Pants,solid,0.2418,fall,0.1881,0.0144,clip
C:\Users\Lenovo\Desktop\StyleMind\stylemind-cnn-training-pipeline\data\processed_dataset\Warmwear\winter275.jpg,Warmwear,solid,0.1876,winter,0.2113,0.0192,clip
C:\Users\Lenovo\Desktop\StyleMind\stylemind-cnn-training-pipeline\data\processed_dataset\Blazer\blazer449.jpg,Blazer,solid,0.2196,fall,0.2366,0.0487,clip
C:\Users\Lenovo\Desktop\StyleMind\stylemind-cnn-training-pipeline\data\processed_dataset\Formal_Pant\formal_pant085.jpg,Formal_Pant,solid,0.1846,fall,0.1739,0.0221,clip
C:\Users\Lenovo\Desktop\StyleMind\stylemind-cnn-training-pipeline\data\processed_dataset\Blazer\blazer189.jpg,Blazer,solid,0.265,fall,0.2391,0.0354,clip
C:\Users\Lenovo\Desktop\StyleMind\stylemind-cnn-training-pipeline\data\processed_dataset\Dress\dress296.jpg,Dress,pleated,0.2936,summer,0.2314,0.0809,clip
C:\Users\Lenovo\Desktop\StyleMind\stylemind-cnn-training-pipeline\data\processed_dataset\Blazer\blazer046.jpg,Blazer,solid,0.2596,fall,0.2422,0.0119,clip
C:\Users\Lenovo\Desktop\StyleMind\stylemind-cnn-training-pipeline\data\processed_dataset\Skirt\skirt276.jpg,Skirt,pleated,0.2286,summer,0.1884,0.0261,clip
C:\Users\Lenovo\Desktop\StyleMind\stylemind-cnn-training-pipeline\data\processed_dataset\Dress\dress061.jpg,Dress,solid,0.2399,summer,0.217,0.0604,clip
C:\Users\Lenovo\Desktop\StyleMind\stylemind-cnn-training-pipeline\data\processed_dataset\Pants\pant096.jpg,Pants,pleated,0.2118,summer,0.2145,0.0226,clip
C:\Users\Lenovo\Desktop\StyleMind\stylemind-cnn-training-pipeline\data\processed_dataset\Shirt\shirt260.jpg,Shirt,checkered,0.2626,summer,0.236,0.0707,clip
C:\Users\Lenovo\Desktop\StyleMind\stylemind-cnn-training-pipeline\data\processed_dataset\Skirt\skirt391.jpg,Skirt,pleated,0.1856,summer,0.1826,0.0235,clip
C:\Users\Lenovo\Desktop\StyleMind\stylemind-cnn-training-pipeline\data\processed_dataset\Warmwear\winter357.jpg,Warmwear,solid,0.137,winter,0.1376,0.0265,clip
C:\Users\Lenovo\Desktop\StyleMind\stylemind-cnn-training-pipeline\data\processed_dataset\Dress\dress241.jpg,Dress,checkered,0.2471,fall,0.1966,0.0356,clip
C:\Users\Lenovo\Desktop\StyleMind\stylemind-cnn-training-pipeline\data\processed_dataset\Shirt\shirt252.jpg,Shirt,solid,0.2592,all-season,0.2224,0.0035,low_confidence_fallback
C:\Users\Lenovo\Desktop\StyleMind\stylemind-cnn-training-pipeline\data\processed_dataset\Formal_Pant\formal_pant234.jpg,Formal_Pant,checkered,0.2319,fall,0.1872,0.0312,clip
C:\Users\Lenovo\Desktop\StyleMind\stylemind-cnn-training-pipeline\data\processed_dataset\Pants\pant321.jpg,Pants,solid,0.1917,all-season,0.1463,0.0024,low_confidence_fallback
C:\Users\Lenovo\Desktop\StyleMind\stylemind-cnn-training-pipeline\data\processed_dataset\Warmwear\winter152.jpg,Warmwear,solid,0.2227,winter,0.2064,0.039,clip
C:\Users\Lenovo\Desktop\StyleMind\stylemind-cnn-training-pipeline\data\processed_dataset\Shirt\shirt155.jpg,Shirt,solid,0.2351,summer,0.1853,0.0221,clip
C:\Users\Lenovo\Desktop\StyleMind\stylemind-cnn-training-pipeline\data\processed_dataset\Shirt\shirt064.jpg,Shirt,solid,0.278,all-season,0.2566,0.0,low_confidence_fallback
C:\Users\Lenovo\Desktop\StyleMind\stylemind-cnn-training-pipeline\data\processed_dataset\Top\top103.jpg,Top,solid,0.2583,summer,0.2515,0.0579,clip
C:\Users\Lenovo\Desktop\StyleMind\stylemind-cnn-training-pipeline\data\processed_dataset\Top\top023.jpg,Top,solid,0.2379,summer,0.2361,0.0717,clip
C:\Users\Lenovo\Desktop\StyleMind\stylemind-cnn-training-pipeline\data\processed_dataset\Top\top238.jpg,Top,solid,0.1792,summer,0.2037,0.0777,clip
C:\Users\Lenovo\Desktop\StyleMind\stylemind-cnn-training-pipeline\data\processed_dataset\Shirt\shirt082.jpg,Shirt,solid,0.2259,summer,0.228,0.0285,clip
C:\Users\Lenovo\Desktop\StyleMind\stylemind-cnn-training-pipeline\data\processed_dataset\Shorts\shorts056.jpg,Shorts,solid,0.2118,summer,0.2212,0.0426,clip
C:\Users\Lenovo\Desktop\StyleMind\stylemind-cnn-training-pipeline\data\processed_dataset\Pants\pant169.jpg,Pants,solid,0.2187,summer,0.1862,0.0275,clip
C:\Users\Lenovo\Desktop\StyleMind\stylemind-cnn-training-pipeline\data\processed_dataset\Shirt\shirt031.jpg,Shirt,striped,0.2742,all-season,0.201,0.0073,low_confidence_fallback
C:\Users\Lenovo\Desktop\StyleMind\stylemind-cnn-training-pipeline\data\processed_dataset\Top\top153.jpg,Top,floral,0.2782,summer,0.2542,0.0409,clip
C:\Users\Lenovo\Desktop\StyleMind\stylemind-cnn-training-pipeline\data\processed_dataset\Top\top086.jpg,Top,solid,0.2348,summer,0.2469,0.0565,clip
C:\Users\Lenovo\Desktop\StyleMind\stylemind-cnn-training-pipeline\data\processed_dataset\Blazer\blazer375.jpg,Blazer,solid,0.1903,fall,0.189,0.0368,clip
C:\Users\Lenovo\Desktop\StyleMind\stylemind-cnn-training-pipeline\data\processed_dataset\Skirt\skirt411.jpg,Skirt,pleated,0.2063,summer,0.1752,0.0353,clip
C:\Users\Lenovo\Desktop\StyleMind\stylemind-cnn-training-pipeline\data\processed_dataset\Formal_Pant\formal_pant335.jpg,Formal_Pant,solid,0.2214,all-season,0.1839,0.0072,low_confidence_fallback
C:\Users\Lenovo\Desktop\StyleMind\stylemind-cnn-training-pipeline\data\processed_dataset\Blazer\blazer047.jpg,Blazer,solid,0.2416,fall,0.2484,0.034,clip
C:\Users\Lenovo\Desktop\StyleMind\stylemind-cnn-training-pipeline\data\processed_dataset\Blazer\blazer090.jpg,Blazer,solid,0.2138,fall,0.2478,0.0361,clip
C:\Users\Lenovo\Desktop\StyleMind\stylemind-cnn-training-pipeline\data\processed_dataset\Warmwear\winter126.jpg,Warmwear,checkered,0.229,all-season,0.2067,0.0034,low_confidence_fallback
C:\Users\Lenovo\Desktop\StyleMind\stylemind-cnn-training-pipeline\data\processed_dataset\Formal_Pant\formal_pant104.jpg,Formal_Pant,solid,0.1947,all-season,0.1492,0.0078,low_confidence_fallback
C:\Users\Lenovo\Desktop\StyleMind\stylemind-cnn-training-pipeline\data\processed_dataset\Shirt\shirt304.jpg,Shirt,solid,0.22,summer,0.1998,0.0773,clip
C:\Users\Lenovo\Desktop\StyleMind\stylemind-cnn-training-pipeline\data\processed_dataset\Shirt\shirt015.jpg,Shirt,striped,0.2841,summer,0.2537,0.0796,clip
C:\Users\Lenovo\Desktop\StyleMind\stylemind-cnn-training-pipeline\data\processed_dataset\Top\top241.jpg,Top,graphic,0.2324,summer,0.1555,0.0472,clip
C:\Users\Lenovo\Desktop\StyleMind\stylemind-cnn-training-pipeline\data\processed_dataset\Dress\dress262.jpg,Dress,solid,0.2469,winter,0.2416,0.0143,clip
C:\Users\Lenovo\Desktop\StyleMind\stylemind-cnn-training-pipeline\data\processed_dataset\Pants\pant065.jpg,Pants,solid,0.1729,all-season,0.1414,0.0087,low_confidence_fallback
C:\Users\Lenovo\Desktop\StyleMind\stylemind-cnn-training-pipeline\data\processed_dataset\Top\top188.jpg,Top,pleated,0.2216,summer,0.1997,0.0279,clip
C:\Users\Lenovo\Desktop\StyleMind\stylemind-cnn-training-pipeline\data\processed_dataset\Skirt\skirt171.jpg,Skirt,checkered,0.222,fall,0.1732,0.0179,clip
C:\Users\Lenovo\Desktop\StyleMind\stylemind-cnn-training-pipeline\data\processed_dataset\Jacket\jacket189.jpg,Jacket,solid,0.1923,fall,0.2097,0.0223,clip
C:\Users\Lenovo\Desktop\StyleMind\stylemind-cnn-training-pipeline\data\processed_dataset\Pants\pant221.jpg,Pants,solid,0.2334,all-season,0.1999,0.0091,low_confidence_fallback
C:\Users\Lenovo\Desktop\StyleMind\stylemind-cnn-training-pipeline\data\processed_dataset\Dress\dress122.jpg,Dress,checkered,0.2972,summer,0.2028,0.0331,clip
C:\Users\Lenovo\Desktop\StyleMind\stylemind-cnn-training-pipeline\data\processed_dataset\Blazer\blazer177.jpg,Blazer,striped,0.24,fall,0.2006,0.0166,clip
C:\Users\Lenovo\Desktop\StyleMind\stylemind-cnn-training-pipeline\data\processed_dataset\Shorts\shorts417.jpg,Shorts,graphic,0.1965,summer,0.192,0.0316,clip
C:\Users\Lenovo\Desktop\StyleMind\stylemind-cnn-training-pipeline\data\processed_dataset\Jacket\jacket211.jpg,Jacket,solid,0.2462,all-season,0.2551,0.0074,low_confidence_fallback
C:\Users\Lenovo\Desktop\StyleMind\stylemind-cnn-training-pipeline\data\processed_dataset\Warmwear\winter113.jpg,Warmwear,solid,0.2129,winter,0.2133,0.0183,clip
C:\Users\Lenovo\Desktop\StyleMind\stylemind-cnn-training-pipeline\data\processed_dataset\Skirt\skirt214.jpg,Skirt,checkered,0.2819,all-season,0.198,0.0006,low_confidence_fallback
C:\Users\Lenovo\Desktop\StyleMind\stylemind-cnn-training-pipeline\data\processed_dataset\Pants\pant100.jpg,Pants,solid,0.2523,all-season,0.1971,0.0082,low_confidence_fallback
C:\Users\Lenovo\Desktop\StyleMind\stylemind-cnn-training-pipeline\data\processed_dataset\Jacket\jacket257.jpg,Jacket,solid,0.2488,winter,0.2761,0.0225,clip
C:\Users\Lenovo\Desktop\StyleMind\stylemind-cnn-training-pipeline\data\processed_dataset\Shorts\shorts178.jpg,Shorts,striped,0.2178,summer,0.1685,0.033,clip
C:\Users\Lenovo\Desktop\StyleMind\stylemind-cnn-training-pipeline\data\processed_dataset\Warmwear\winter300.jpg,Warmwear,striped,0.167,winter,0.2243,0.0467,clip
C:\Users\Lenovo\Desktop\StyleMind\stylemind-cnn-training-pipeline\data\processed_dataset\Shorts\shorts275.jpg,Shorts,solid,0.2016,summer,0.2056,0.0282,clip
C:\Users\Lenovo\Desktop\StyleMind\stylemind-cnn-training-pipeline\data\processed_dataset\Shorts\shorts390.jpg,Shorts,solid,0.2004,summer,0.1923,0.0537,clip
C:\Users\Lenovo\Desktop\StyleMind\stylemind-cnn-training-pipeline\data\processed_dataset\Shirt\shirt180.jpg,Shirt,striped,0.2747,summer,0.2192,0.0264,clip
C:\Users\Lenovo\Desktop\StyleMind\stylemind-cnn-training-pipeline\data\processed_dataset\Jacket\jacket360.jpg,Jacket,solid,0.1628,winter,0.2008,0.0339,clip
C:\Users\Lenovo\Desktop\StyleMind\stylemind-cnn-training-pipeline\data\processed_dataset\Dress\dress398.jpg,Dress,floral,0.2505,summer,0.2036,0.072,clip
C:\Users\Lenovo\Desktop\StyleMind\stylemind-cnn-training-pipeline\data\processed_dataset\Formal_Pant\formal_pant241.jpg,Formal_Pant,solid,0.2392,all-season,0.1793,0.0094,low_confidence_fallback
C:\Users\Lenovo\Desktop\StyleMind\stylemind-cnn-training-pipeline\data\processed_dataset\Blazer\blazer069.jpg,Blazer,solid,0.1869,fall,0.2177,0.0456,clip
C:\Users\Lenovo\Desktop\StyleMind\stylemind-cnn-training-pipeline\data\processed_dataset\Jacket\jacket044.jpg,Jacket,solid,0.1987,all-season,0.1892,0.0057,low_confidence_fallback
C:\Users\Lenovo\Desktop\StyleMind\stylemind-cnn-training-pipeline\data\processed_dataset\Dress\dress331.jpg,Dress,solid,0.2149,summer,0.1775,0.0399,clip
C:\Users\Lenovo\Desktop\StyleMind\stylemind-cnn-training-pipeline\data\processed_dataset\Warmwear\winter009.jpg,Warmwear,solid,0.1817,winter,0.1759,0.0298,clip
C:\Users\Lenovo\Desktop\StyleMind\stylemind-cnn-training-pipeline\data\processed_dataset\Formal_Pant\formal_pant384.jpg,Formal_Pant,solid,0.185,all-season,0.1668,0.0052,low_confidence_fallback
C:\Users\Lenovo\Desktop\StyleMind\stylemind-cnn-training-pipeline\data\processed_dataset\Shirt\shirt248.jpg,Shirt,solid,0.2215,fall,0.1954,0.0264,clip
C:\Users\Lenovo\Desktop\StyleMind\stylemind-cnn-training-pipeline\data\processed_dataset\Shirt\shirt246.jpg,Shirt,solid,0.2234,summer,0.2016,0.011,clip
C:\Users\Lenovo\Desktop\StyleMind\stylemind-cnn-training-pipeline\data\processed_dataset\Jacket\jacket387.jpg,Jacket,solid,0.2574,winter,0.2817,0.023,clip
C:\Users\Lenovo\Desktop\StyleMind\stylemind-cnn-training-pipeline\data\processed_dataset\Top\top349.jpg,Top,floral,0.2053,summer,0.223,0.0824,clip
C:\Users\Lenovo\Desktop\StyleMind\stylemind-cnn-training-pipeline\data\processed_dataset\Warmwear\winter076.jpg,Warmwear,striped,0.2109,all-season,0.2135,0.01,low_confidence_fallback
C:\Users\Lenovo\Desktop\StyleMind\stylemind-cnn-training-pipeline\data\processed_dataset\Skirt\skirt157.jpg,Skirt,striped,0.2693,summer,0.1731,0.0219,clip
C:\Users\Lenovo\Desktop\StyleMind\stylemind-cnn-training-pipeline\data\processed_dataset\Jacket\jacket012.jpg,Jacket,solid,0.2036,summer,0.1945,0.0198,clip
C:\Users\Lenovo\Desktop\StyleMind\stylemind-cnn-training-pipeline\data\processed_dataset\Formal_Pant\formal_pant200.jpg,Formal_Pant,solid,0.1911,all-season,0.1544,0.0038,low_confidence_fallback
C:\Users\Lenovo\Desktop\StyleMind\stylemind-cnn-training-pipeline\data\processed_dataset\Pants\pant363.jpg,Pants,solid,0.2101,all-season,0.1728,0.0033,low_confidence_fallback
C:\Users\Lenovo\Desktop\StyleMind\stylemind-cnn-training-pipeline\data\processed_dataset\Pants\pant089.jpg,Pants,solid,0.2171,summer,0.1881,0.0259,clip
C:\Users\Lenovo\Desktop\StyleMind\stylemind-cnn-training-pipeline\data\processed_dataset\Shirt\shirt107.jpg,Shirt,solid,0.2746,summer,0.2579,0.0785,clip
C:\Users\Lenovo\Desktop\StyleMind\stylemind-cnn-training-pipeline\data\processed_dataset\Formal_Pant\formal_pant304.jpg,Formal_Pant,solid,0.2075,summer,0.1775,0.0132,clip
C:\Users\Lenovo\Desktop\StyleMind\stylemind-cnn-training-pipeline\data\processed_dataset\Pants\pant173.jpg,Pants,solid,0.2254,all-season,0.1805,0.0076,low_confidence_fallback
C:\Users\Lenovo\Desktop\StyleMind\stylemind-cnn-training-pipeline\data\processed_dataset\Shirt\shirt276.jpg,Shirt,checkered,0.2429,summer,0.1879,0.0471,clip
C:\Users\Lenovo\Desktop\StyleMind\stylemind-cnn-training-pipeline\data\processed_dataset\Top\top157.jpg,Top,solid,0.2207,summer,0.2314,0.0564,clip
C:\Users\Lenovo\Desktop\StyleMind\stylemind-cnn-training-pipeline\data\processed_dataset\Jacket\jacket229.jpg,Jacket,solid,0.1486,winter,0.1974,0.0263,clip
C:\Users\Lenovo\Desktop\StyleMind\stylemind-cnn-training-pipeline\data\processed_dataset\Jacket\jacket327.jpg,Jacket,striped,0.2003,all-season,0.2025,0.0092,low_confidence_fallback
C:\Users\Lenovo\Desktop\StyleMind\stylemind-cnn-training-pipeline\data\processed_dataset\Dress\dress364.jpg,Dress,solid,0.2493,all-season,0.2029,0.0022,low_confidence_fallback
C:\Users\Lenovo\Desktop\StyleMind\stylemind-cnn-training-pipeline\data\processed_dataset\Top\top166.jpg,Top,solid,0.2394,summer,0.213,0.0578,clip
C:\Users\Lenovo\Desktop\StyleMind\stylemind-cnn-training-pipeline\data\processed_dataset\Formal_Pant\formal_pant224.jpg,Formal_Pant,solid,0.2127,summer,0.1861,0.0285,clip
C:\Users\Lenovo\Desktop\StyleMind\stylemind-cnn-training-pipeline\data\processed_dataset\Warmwear\winter333.jpg,Warmwear,striped,0.2186,winter,0.2272,0.0158,clip
C:\Users\Lenovo\Desktop\StyleMind\stylemind-cnn-training-pipeline\data\processed_dataset\Skirt\skirt169.jpg,Skirt,pleated,0.2306,summer,0.1624,0.0155,clip
C:\Users\Lenovo\Desktop\StyleMind\stylemind-cnn-training-pipeline\data\processed_dataset\Shorts\shorts335.jpg,Shorts,solid,0.1989,summer,0.2015,0.0415,clip
C:\Users\Lenovo\Desktop\StyleMind\stylemind-cnn-training-pipeline\data\processed_dataset\Shirt\shirt066.jpg,Shirt,solid,0.2808,all-season,0.2394,0.0031,low_confidence_fallback
C:\Users\Lenovo\Desktop\StyleMind\stylemind-cnn-training-pipeline\data\processed_dataset\Shirt\shirt165.jpg,Shirt,striped,0.2856,summer,0.2426,0.0229,clip
C:\Users\Lenovo\Desktop\StyleMind\stylemind-cnn-training-pipeline\data\processed_dataset\Blazer\blazer281.jpg,Blazer,embroidered,0.2435,fall,0.2063,0.0316,clip
C:\Users\Lenovo\Desktop\StyleMind\stylemind-cnn-training-pipeline\data\processed_dataset\Pants\pant193.jpg,Pants,striped,0.232,summer,0.2123,0.0499,clip
C:\Users\Lenovo\Desktop\StyleMind\stylemind-cnn-training-pipeline\data\processed_dataset\Skirt\skirt135.jpg,Skirt,solid,0.212,summer,0.1961,0.0347,clip
C:\Users\Lenovo\Desktop\StyleMind\stylemind-cnn-training-pipeline\data\processed_dataset\Jacket\jacket333.jpg,Jacket,solid,0.2404,fall,0.2364,0.022,clip
C:\Users\Lenovo\Desktop\StyleMind\stylemind-cnn-training-pipeline\data\processed_dataset\Pants\pant425.jpg,Pants,solid,0.1929,all-season,0.1595,0.0056,low_confidence_fallback
C:\Users\Lenovo\Desktop\StyleMind\stylemind-cnn-training-pipeline\data\processed_dataset\Jacket\jacket096.jpg,Jacket,solid,0.2083,winter,0.2326,0.015,clip
C:\Users\Lenovo\Desktop\StyleMind\stylemind-cnn-training-pipeline\data\processed_dataset\Shorts\shorts318.jpg,Shorts,solid,0.2133,summer,0.1787,0.023,clip
C:\Users\Lenovo\Desktop\StyleMind\stylemind-cnn-training-pipeline\data\processed_dataset\Shorts\shorts165.jpg,Shorts,solid,0.1778,all-season,0.1342,0.0014,low_confidence_fallback
C:\Users\Lenovo\Desktop\StyleMind\stylemind-cnn-training-pipeline\data\processed_dataset\Pants\pant037.jpg,Pants,checkered,0.244,all-season,0.1769,0.0025,low_confidence_fallback
C:\Users\Lenovo\Desktop\StyleMind\stylemind-cnn-training-pipeline\data\processed_dataset\Pants\pant067.jpg,Pants,solid,0.1684,winter,0.135,0.0244,clip
C:\Users\Lenovo\Desktop\StyleMind\stylemind-cnn-training-pipeline\data\processed_dataset\Top\top311.jpg,Top,striped,0.2569,summer,0.2055,0.0394,clip
C:\Users\Lenovo\Desktop\StyleMind\stylemind-cnn-training-pipeline\data\processed_dataset\Shorts\shorts427.jpg,Shorts,solid,0.1702,summer,0.1704,0.0422,clip
C:\Users\Lenovo\Desktop\StyleMind\stylemind-cnn-training-pipeline\data\processed_dataset\Dress\dress077.jpg,Dress,floral,0.2678,summer,0.2202,0.0303,clip
C:\Users\Lenovo\Desktop\StyleMind\stylemind-cnn-training-pipeline\data\processed_dataset\Jacket\jacket414.jpg,Jacket,solid,0.2395,winter,0.2831,0.0513,clip
C:\Users\Lenovo\Desktop\StyleMind\stylemind-cnn-training-pipeline\data\processed_dataset\Shorts\shorts251.jpg,Shorts,solid,0.2064,all-season,0.1779,0.0002,low_confidence_fallback
C:\Users\Lenovo\Desktop\StyleMind\stylemind-cnn-training-pipeline\data\processed_dataset\Shorts\shorts358.jpg,Shorts,solid,0.1928,summer,0.2028,0.0696,clip
C:\Users\Lenovo\Desktop\StyleMind\stylemind-cnn-training-pipeline\data\processed_dataset\Skirt\skirt026.jpg,Skirt,striped,0.273,all-season,0.1862,0.0073,low_confidence_fallback
C:\Users\Lenovo\Desktop\StyleMind\stylemind-cnn-training-pipeline\data\processed_dataset\Blazer\blazer312.jpg,Blazer,checkered,0.2528,fall,0.2263,0.0468,clip
C:\Users\Lenovo\Desktop\StyleMind\stylemind-cnn-training-pipeline\data\processed_dataset\Blazer\blazer305.jpg,Blazer,solid,0.1962,fall,0.2509,0.0582,clip
C:\Users\Lenovo\Desktop\StyleMind\stylemind-cnn-training-pipeline\data\processed_dataset\Shorts\shorts333.jpg,Shorts,solid,0.2308,summer,0.1965,0.0135,clip
C:\Users\Lenovo\Desktop\StyleMind\stylemind-cnn-training-pipeline\data\processed_dataset\Skirt\skirt208.jpg,Skirt,solid,0.2047,all-season,0.1699,0.01,low_confidence_fallback
C:\Users\Lenovo\Desktop\StyleMind\stylemind-cnn-training-pipeline\data\processed_dataset\Formal_Pant\formal_pant381.jpg,Formal_Pant,striped,0.2188,all-season,0.1608,0.0038,low_confidence_fallback
C:\Users\Lenovo\Desktop\StyleMind\stylemind-cnn-training-pipeline\data\processed_dataset\Blazer\blazer382.jpg,Blazer,solid,0.2084,fall,0.2283,0.038,clip
C:\Users\Lenovo\Desktop\StyleMind\stylemind-cnn-training-pipeline\data\processed_dataset\Dress\dress130.jpg,Dress,floral,0.205,summer,0.1533,0.0329,clip
C:\Users\Lenovo\Desktop\StyleMind\stylemind-cnn-training-pipeline\data\processed_dataset\Warmwear\winter092.jpg,Warmwear,solid,0.199,winter,0.1886,0.0117,clip
C:\Users\Lenovo\Desktop\StyleMind\stylemind-cnn-training-pipeline\data\processed_dataset\Pants\pant359.jpg,Pants,solid,0.2009,all-season,0.1804,0.0072,low_confidence_fallback
C:\Users\Lenovo\Desktop\StyleMind\stylemind-cnn-training-pipeline\data\processed_dataset\Blazer\blazer405.jpg,Blazer,checkered,0.231,fall,0.2342,0.0506,clip
C:\Users\Lenovo\Desktop\StyleMind\stylemind-cnn-training-pipeline\data\processed_dataset\Jacket\jacket286.jpg,Jacket,solid,0.1926,all-season,0.1956,0.0018,low_confidence_fallback
C:\Users\Lenovo\Desktop\StyleMind\stylemind-cnn-training-pipeline\data\processed_dataset\Top\top051.jpg,Top,solid,0.1844,summer,0.1762,0.0397,clip
C:\Users\Lenovo\Desktop\StyleMind\stylemind-cnn-training-pipeline\data\processed_dataset\Dress\dress132.jpg,Dress,pleated,0.1915,summer,0.2097,0.0472,clip
C:\Users\Lenovo\Desktop\StyleMind\stylemind-cnn-training-pipeline\data\processed_dataset\Dress\dress248.jpg,Dress,solid,0.2452,summer,0.2423,0.0557,clip
C:\Users\Lenovo\Desktop\StyleMind\stylemind-cnn-training-pipeline\data\processed_dataset\Warmwear\winter037.jpg,Warmwear,solid,0.1758,winter,0.1722,0.0347,clip
C:\Users\Lenovo\Desktop\StyleMind\stylemind-cnn-training-pipeline\data\processed_dataset\Blazer\blazer272.jpg,Blazer,solid,0.2139,fall,0.2237,0.0447,clip
C:\Users\Lenovo\Desktop\StyleMind\stylemind-cnn-training-pipeline\data\processed_dataset\Dress\dress103.jpg,Dress,pleated,0.2281,summer,0.2121,0.0628,clip
C:\Users\Lenovo\Desktop\StyleMind\stylemind-cnn-training-pipeline\data\processed_dataset\Shorts\shorts401.jpg,Shorts,solid,0.2176,all-season,0.1832,0.0014,low_confidence_fallback
C:\Users\Lenovo\Desktop\StyleMind\stylemind-cnn-training-pipeline\data\processed_dataset\Top\top042.jpg,Top,solid,0.2334,summer,0.2277,0.0655,clip
C:\Users\Lenovo\Desktop\StyleMind\stylemind-cnn-training-pipeline\data\processed_dataset\Warmwear\winter279.jpg,Warmwear,checkered,0.2651,fall,0.2461,0.0184,clip
C:\Users\Lenovo\Desktop\StyleMind\stylemind-cnn-training-pipeline\data\processed_dataset\Jacket\jacket240.jpg,Jacket,solid,0.2445,fall,0.2314,0.0215,clip
C:\Users\Lenovo\Desktop\StyleMind\stylemind-cnn-training-pipeline\data\processed_dataset\Shirt\shirt122.jpg,Shirt,solid,0.2297,summer,0.2182,0.0563,clip
C:\Users\Lenovo\Desktop\StyleMind\stylemind-cnn-training-pipeline\data\processed_dataset\Shirt\shirt178.jpg,Shirt,striped,0.2787,summer,0.2386,0.0233,clip
C:\Users\Lenovo\Desktop\StyleMind\stylemind-cnn-training-pipeline\data\processed_dataset\Formal_Pant\formal_pant270.jpg,Formal_Pant,solid,0.2161,fall,0.1661,0.0153,clip
C:\Users\Lenovo\Desktop\StyleMind\stylemind-cnn-training-pipeline\data\processed_dataset\Blazer\blazer072.jpg,Blazer,striped,0.2358,fall,0.2081,0.0303,clip
C:\Users\Lenovo\Desktop\StyleMind\stylemind-cnn-training-pipeline\data\processed_dataset\Shorts\shorts325.jpg,Shorts,solid,0.2187,summer,0.1895,0.0304,clip
C:\Users\Lenovo\Desktop\StyleMind\stylemind-cnn-training-pipeline\data\processed_dataset\Pants\pant325.jpg,Pants,graphic,0.1492,all-season,0.1258,0.0082,low_confidence_fallback
C:\Users\Lenovo\Desktop\StyleMind\stylemind-cnn-training-pipeline\data\processed_dataset\Pants\pant348.jpg,Pants,solid,0.1947,fall,0.1655,0.0198,clip
C:\Users\Lenovo\Desktop\StyleMind\stylemind-cnn-training-pipeline\data\processed_dataset\Shirt\shirt314.jpg,Shirt,striped,0.2776,all-season,0.2063,0.0066,low_confidence_fallback
C:\Users\Lenovo\Desktop\StyleMind\stylemind-cnn-training-pipeline\data\processed_dataset\Pants\pant082.jpg,Pants,solid,0.2325,summer,0.1838,0.0242,clip
C:\Users\Lenovo\Desktop\StyleMind\stylemind-cnn-training-pipeline\data\processed_dataset\Skirt\skirt432.jpg,Skirt,pleated,0.238,summer,0.1946,0.0207,clip
C:\Users\Lenovo\Desktop\StyleMind\stylemind-cnn-training-pipeline\data\processed_dataset\Jacket\jacket231.jpg,Jacket,solid,0.1752,all-season,0.193,0.0076,low_confidence_fallback
C:\Users\Lenovo\Desktop\StyleMind\stylemind-cnn-training-pipeline\data\processed_dataset\Pants\pant443.jpg,Pants,solid,0.1616,winter,0.1415,0.0192,clip
C:\Users\Lenovo\Desktop\StyleMind\stylemind-cnn-training-pipeline\data\processed_dataset\Jacket\jacket088.jpg,Jacket,solid,0.2507,fall,0.2592,0.0163,clip
C:\Users\Lenovo\Desktop\StyleMind\stylemind-cnn-training-pipeline\data\processed_dataset\Blazer\blazer151.jpg,Blazer,solid,0.1981,fall,0.198,0.0233,clip
C:\Users\Lenovo\Desktop\StyleMind\stylemind-cnn-training-pipeline\data\processed_dataset\Formal_Pant\formal_pant158.jpg,Formal_Pant,solid,0.2324,summer,0.1838,0.0179,clip
C:\Users\Lenovo\Desktop\StyleMind\stylemind-cnn-training-pipeline\data\processed_dataset\Skirt\skirt140.jpg,Skirt,checkered,0.2818,summer,0.2008,0.051,clip
C:\Users\Lenovo\Desktop\StyleMind\stylemind-cnn-training-pipeline\data\processed_dataset\Pants\pant158.jpg,Pants,embroidered,0.2249,all-season,0.156,0.0004,low_confidence_fallback
C:\Users\Lenovo\Desktop\StyleMind\stylemind-cnn-training-pipeline\data\processed_dataset\Jacket\jacket228.jpg,Jacket,solid,0.2446,all-season,0.2532,0.0087,low_confidence_fallback
C:\Users\Lenovo\Desktop\StyleMind\stylemind-cnn-training-pipeline\data\processed_dataset\Blazer\blazer267.jpg,Blazer,striped,0.2438,fall,0.2001,0.0346,clip
C:\Users\Lenovo\Desktop\StyleMind\stylemind-cnn-training-pipeline\data\processed_dataset\Dress\dress198.jpg,Dress,pleated,0.2159,summer,0.1901,0.0634,clip
C:\Users\Lenovo\Desktop\StyleMind\stylemind-cnn-training-pipeline\data\processed_dataset\Skirt\skirt132.jpg,Skirt,solid,0.174,summer,0.1625,0.0181,clip
C:\Users\Lenovo\Desktop\StyleMind\stylemind-cnn-training-pipeline\data\processed_dataset\Skirt\skirt029.jpg,Skirt,solid,0.2189,summer,0.1878,0.0316,clip
C:\Users\Lenovo\Desktop\StyleMind\stylemind-cnn-training-pipeline\data\processed_dataset\Shirt\shirt243.jpg,Shirt,pleated,0.238,all-season,0.1926,0.001,low_confidence_fallback
C:\Users\Lenovo\Desktop\StyleMind\stylemind-cnn-training-pipeline\data\processed_dataset\Top\top084.jpg,Top,embroidered,0.2137,summer,0.2209,0.0669,clip
C:\Users\Lenovo\Desktop\StyleMind\stylemind-cnn-training-pipeline\data\processed_dataset\Jacket\jacket221.jpg,Jacket,solid,0.1982,winter,0.2473,0.0286,clip
C:\Users\Lenovo\Desktop\StyleMind\stylemind-cnn-training-pipeline\data\processed_dataset\Pants\pant261.jpg,Pants,embroidered,0.1989,all-season,0.1538,0.005,low_confidence_fallback
C:\Users\Lenovo\Desktop\StyleMind\stylemind-cnn-training-pipeline\data\processed_dataset\Warmwear\winter058.jpg,Warmwear,solid,0.2217,winter,0.2208,0.0173,clip
C:\Users\Lenovo\Desktop\StyleMind\stylemind-cnn-training-pipeline\data\processed_dataset\Shirt\shirt231.jpg,Shirt,solid,0.2455,fall,0.2089,0.0285,clip
C:\Users\Lenovo\Desktop\StyleMind\stylemind-cnn-training-pipeline\data\processed_dataset\Blazer\blazer196.jpg,Blazer,solid,0.2133,fall,0.2131,0.0194,clip
C:\Users\Lenovo\Desktop\StyleMind\stylemind-cnn-training-pipeline\data\processed_dataset\Pants\pant333.jpg,Pants,solid,0.2212,summer,0.2156,0.0553,clip
C:\Users\Lenovo\Desktop\StyleMind\stylemind-cnn-training-pipeline\data\processed_dataset\Pants\pant364.jpg,Pants,solid,0.2006,fall,0.1971,0.0124,clip
C:\Users\Lenovo\Desktop\StyleMind\stylemind-cnn-training-pipeline\data\processed_dataset\Shorts\shorts100.jpg,Shorts,solid,0.1501,summer,0.1472,0.0428,clip
C:\Users\Lenovo\Desktop\StyleMind\stylemind-cnn-training-pipeline\data\processed_dataset\Formal_Pant\formal_pant147.jpg,Formal_Pant,solid,0.2033,fall,0.1871,0.019,clip
C:\Users\Lenovo\Desktop\StyleMind\stylemind-cnn-training-pipeline\data\processed_dataset\Skirt\skirt331.jpg,Skirt,pleated,0.2796,summer,0.2134,0.0394,clip
C:\Users\Lenovo\Desktop\StyleMind\stylemind-cnn-training-pipeline\data\processed_dataset\Shirt\shirt139.jpg,Shirt,checkered,0.2727,summer,0.2279,0.0382,clip
C:\Users\Lenovo\Desktop\StyleMind\stylemind-cnn-training-pipeline\data\processed_dataset\Pants\pant413.jpg,Pants,solid,0.1862,winter,0.1789,0.031,clip
C:\Users\Lenovo\Desktop\StyleMind\stylemind-cnn-training-pipeline\data\processed_dataset\Skirt\skirt266.jpg,Skirt,checkered,0.2482,fall,0.1693,0.013,clip
C:\Users\Lenovo\Desktop\StyleMind\stylemind-cnn-training-pipeline\data\processed_dataset\Warmwear\winter344.jpg,Warmwear,solid,0.1709,winter,0.1959,0.0313,clip
C:\Users\Lenovo\Desktop\StyleMind\stylemind-cnn-training-pipeline\data\processed_dataset\Shirt\shirt236.jpg,Shirt,striped,0.247,all-season,0.1534,0.0082,low_confidence_fallback
C:\Users\Lenovo\Desktop\StyleMind\stylemind-cnn-training-pipeline\data\processed_dataset\Dress\dress362.jpg,Dress,solid,0.1995,summer,0.1849,0.0684,clip
C:\Users\Lenovo\Desktop\StyleMind\stylemind-cnn-training-pipeline\data\processed_dataset\Dress\dress329.jpg,Dress,pleated,0.2304,summer,0.2527,0.0901,clip
C:\Users\Lenovo\Desktop\StyleMind\stylemind-cnn-training-pipeline\data\processed_dataset\Skirt\skirt396.jpg,Skirt,pleated,0.2411,summer,0.1897,0.0129,clip
C:\Users\Lenovo\Desktop\StyleMind\stylemind-cnn-training-pipeline\data\processed_dataset\Pants\pant125.jpg,Pants,solid,0.1963,all-season,0.1666,0.0088,low_confidence_fallback
C:\Users\Lenovo\Desktop\StyleMind\stylemind-cnn-training-pipeline\data\processed_dataset\Jacket\jacket016.jpg,Jacket,solid,0.2462,summer,0.2048,0.0235,clip
C:\Users\Lenovo\Desktop\StyleMind\stylemind-cnn-training-pipeline\data\processed_dataset\Blazer\blazer387.jpg,Blazer,solid,0.2008,fall,0.2291,0.0385,clip
C:\Users\Lenovo\Desktop\StyleMind\stylemind-cnn-training-pipeline\data\processed_dataset\Blazer\blazer234.jpg,Blazer,solid,0.2054,fall,0.2347,0.0473,clip
C:\Users\Lenovo\Desktop\StyleMind\stylemind-cnn-training-pipeline\data\processed_dataset\Blazer\blazer319.jpg,Blazer,solid,0.1927,fall,0.205,0.0255,clip
C:\Users\Lenovo\Desktop\StyleMind\stylemind-cnn-training-pipeline\data\processed_dataset\Formal_Pant\formal_pant269.jpg,Formal_Pant,solid,0.2113,fall,0.1746,0.0185,clip
C:\Users\Lenovo\Desktop\StyleMind\stylemind-cnn-training-pipeline\data\processed_dataset\Top\top069.jpg,Top,solid,0.2915,summer,0.2615,0.0664,clip
C:\Users\Lenovo\Desktop\StyleMind\stylemind-cnn-training-pipeline\data\processed_dataset\Jacket\jacket447.jpg,Jacket,floral,0.1875,summer,0.2089,0.0137,clip
C:\Users\Lenovo\Desktop\StyleMind\stylemind-cnn-training-pipeline\data\processed_dataset\Skirt\skirt394.jpg,Skirt,solid,0.2134,fall,0.1871,0.0165,clip
C:\Users\Lenovo\Desktop\StyleMind\stylemind-cnn-training-pipeline\data\processed_dataset\Warmwear\winter016.jpg,Warmwear,solid,0.172,winter,0.1375,0.0132,clip
C:\Users\Lenovo\Desktop\StyleMind\stylemind-cnn-training-pipeline\data\processed_dataset\Shirt\shirt337.jpg,Shirt,striped,0.2649,summer,0.2231,0.0239,clip
C:\Users\Lenovo\Desktop\StyleMind\stylemind-cnn-training-pipeline\data\processed_dataset\Shirt\shirt151.jpg,Shirt,solid,0.2685,summer,0.2066,0.0158,clip
C:\Users\Lenovo\Desktop\StyleMind\stylemind-cnn-training-pipeline\data\processed_dataset\Jacket\jacket308.jpg,Jacket,solid,0.186,fall,0.2342,0.0191,clip
C:\Users\Lenovo\Desktop\StyleMind\stylemind-cnn-training-pipeline\data\processed_dataset\Blazer\blazer174.jpg,Blazer,striped,0.2347,fall,0.2133,0.0345,clip
C:\Users\Lenovo\Desktop\StyleMind\stylemind-cnn-training-pipeline\data\processed_dataset\Skirt\skirt230.jpg,Skirt,pleated,0.2685,summer,0.2309,0.0331,clip
C:\Users\Lenovo\Desktop\StyleMind\stylemind-cnn-training-pipeline\data\processed_dataset\Blazer\blazer424.jpg,Blazer,solid,0.2264,fall,0.2436,0.0398,clip
C:\Users\Lenovo\Desktop\StyleMind\stylemind-cnn-training-pipeline\data\processed_dataset\Shirt\shirt034.jpg,Shirt,pleated,0.2558,all-season,0.2263,0.0061,low_confidence_fallback
C:\Users\Lenovo\Desktop\StyleMind\stylemind-cnn-training-pipeline\data\processed_dataset\Jacket\jacket339.jpg,Jacket,solid,0.2331,fall,0.2434,0.0249,clip
C:\Users\Lenovo\Desktop\StyleMind\stylemind-cnn-training-pipeline\data\processed_dataset\Top\top207.jpg,Top,solid,0.2007,summer,0.1513,0.0246,clip
C:\Users\Lenovo\Desktop\StyleMind\stylemind-cnn-training-pipeline\data\processed_dataset\Formal_Pant\formal_pant217.jpg,Formal_Pant,solid,0.1717,all-season,0.1465,0.0059,low_confidence_fallback
C:\Users\Lenovo\Desktop\StyleMind\stylemind-cnn-training-pipeline\data\processed_dataset\Skirt\skirt188.jpg,Skirt,solid,0.2152,summer,0.1928,0.0233,clip
C:\Users\Lenovo\Desktop\StyleMind\stylemind-cnn-training-pipeline\data\processed_dataset\Shirt\shirt103.jpg,Shirt,solid,0.2616,summer,0.2379,0.0687,clip
C:\Users\Lenovo\Desktop\StyleMind\stylemind-cnn-training-pipeline\data\processed_dataset\Shorts\shorts007.jpg,Shorts,solid,0.2288,all-season,0.1763,0.0028,low_confidence_fallback
C:\Users\Lenovo\Desktop\StyleMind\stylemind-cnn-training-pipeline\data\processed_dataset\Shirt\shirt098.jpg,Shirt,solid,0.2553,summer,0.2036,0.0173,clip
C:\Users\Lenovo\Desktop\StyleMind\stylemind-cnn-training-pipeline\data\processed_dataset\Shorts\shorts185.jpg,Shorts,solid,0.2077,summer,0.1985,0.0229,clip
C:\Users\Lenovo\Desktop\StyleMind\stylemind-cnn-training-pipeline\data\processed_dataset\Dress\dress390.jpg,Dress,floral,0.2766,fall,0.2051,0.0136,clip
C:\Users\Lenovo\Desktop\StyleMind\stylemind-cnn-training-pipeline\data\processed_dataset\Skirt\skirt167.jpg,Skirt,pleated,0.2019,all-season,0.1766,0.0055,low_confidence_fallback
C:\Users\Lenovo\Desktop\StyleMind\stylemind-cnn-training-pipeline\data\processed_dataset\Blazer\blazer220.jpg,Blazer,striped,0.2456,fall,0.2041,0.0335,clip
C:\Users\Lenovo\Desktop\StyleMind\stylemind-cnn-training-pipeline\data\processed_dataset\Shirt\shirt203.jpg,Shirt,solid,0.231,summer,0.196,0.0103,clip
C:\Users\Lenovo\Desktop\StyleMind\stylemind-cnn-training-pipeline\data\processed_dataset\Blazer\blazer087.jpg,Blazer,solid,0.2142,fall,0.2285,0.0504,clip
C:\Users\Lenovo\Desktop\StyleMind\stylemind-cnn-training-pipeline\data\processed_dataset\Formal_Pant\formal_pant091.jpg,Formal_Pant,solid,0.221,fall,0.1796,0.0115,clip
C:\Users\Lenovo\Desktop\StyleMind\stylemind-cnn-training-pipeline\data\processed_dataset\Jacket\jacket123.jpg,Jacket,solid,0.2637,summer,0.259,0.0228,clip
C:\Users\Lenovo\Desktop\StyleMind\stylemind-cnn-training-pipeline\data\processed_dataset\Blazer\blazer070.jpg,Blazer,checkered,0.2511,all-season,0.2113,0.0056,low_confidence_fallback
C:\Users\Lenovo\Desktop\StyleMind\stylemind-cnn-training-pipeline\data\processed_dataset\Blazer\blazer180.jpg,Blazer,checkered,0.2472,fall,0.2404,0.0372,clip
C:\Users\Lenovo\Desktop\StyleMind\stylemind-cnn-training-pipeline\data\processed_dataset\Top\top319.jpg,Top,solid,0.2462,summer,0.2302,0.0448,clip
C:\Users\Lenovo\Desktop\StyleMind\stylemind-cnn-training-pipeline\data\processed_dataset\Jacket\jacket068.jpg,Jacket,solid,0.2742,fall,0.2527,0.0297,clip
C:\Users\Lenovo\Desktop\StyleMind\stylemind-cnn-training-pipeline\data\processed_dataset\Pants\pant112.jpg,Pants,solid,0.2212,all-season,0.1479,0.003,low_confidence_fallback
C:\Users\Lenovo\Desktop\StyleMind\stylemind-cnn-training-pipeline\data\processed_dataset\Top\top330.jpg,Top,solid,0.1991,summer,0.1836,0.0291,clip
C:\Users\Lenovo\Desktop\StyleMind\stylemind-cnn-training-pipeline\data\processed_dataset\Shirt\shirt127.jpg,Shirt,solid,0.2695,all-season,0.2072,0.0081,low_confidence_fallback
C:\Users\Lenovo\Desktop\StyleMind\stylemind-cnn-training-pipeline\data\processed_dataset\Pants\pant134.jpg,Pants,solid,0.225,summer,0.2036,0.0415,clip
C:\Users\Lenovo\Desktop\StyleMind\stylemind-cnn-training-pipeline\data\processed_dataset\Shirt\shirt281.jpg,Shirt,solid,0.2645,all-season,0.1907,0.0099,low_confidence_fallback
C:\Users\Lenovo\Desktop\StyleMind\stylemind-cnn-training-pipeline\data\processed_dataset\Shirt\shirt198.jpg,Shirt,solid,0.2692,summer,0.2488,0.0689,clip
C:\Users\Lenovo\Desktop\StyleMind\stylemind-cnn-training-pipeline\data\processed_dataset\Pants\pant070.jpg,Pants,striped,0.1869,winter,0.1569,0.016,clip
C:\Users\Lenovo\Desktop\StyleMind\stylemind-cnn-training-pipeline\data\processed_dataset\Jacket\jacket093.jpg,Jacket,solid,0.1999,winter,0.1918,0.0163,clip
C:\Users\Lenovo\Desktop\StyleMind\stylemind-cnn-training-pipeline\data\processed_dataset\Pants\pant030.jpg,Pants,solid,0.2134,all-season,0.2057,0.0017,low_confidence_fallback
C:\Users\Lenovo\Desktop\StyleMind\stylemind-cnn-training-pipeline\data\processed_dataset\Shorts\shorts407.jpg,Shorts,embroidered,0.242,summer,0.1556,0.0215,clip
C:\Users\Lenovo\Desktop\StyleMind\stylemind-cnn-training-pipeline\data\processed_dataset\Pants\pant062.jpg,Pants,solid,0.1974,all-season,0.1663,0.0067,low_confidence_fallback
C:\Users\Lenovo\Desktop\StyleMind\stylemind-cnn-training-pipeline\data\processed_dataset\Pants\pant042.jpg,Pants,solid,0.2069,winter,0.1996,0.0411,clip
C:\Users\Lenovo\Desktop\StyleMind\stylemind-cnn-training-pipeline\data\processed_dataset\Shorts\shorts220.jpg,Shorts,solid,0.19,all-season,0.1472,0.0098,low_confidence_fallback
C:\Users\Lenovo\Desktop\StyleMind\stylemind-cnn-training-pipeline\data\processed_dataset\Dress\dress306.jpg,Dress,solid,0.189,all-season,0.1651,0.0038,low_confidence_fallback
C:\Users\Lenovo\Desktop\StyleMind\stylemind-cnn-training-pipeline\data\processed_dataset\Formal_Pant\formal_pant374.jpg,Formal_Pant,solid,0.2007,all-season,0.1888,0.0082,low_confidence_fallback
C:\Users\Lenovo\Desktop\StyleMind\stylemind-cnn-training-pipeline\data\processed_dataset\Blazer\blazer298.jpg,Blazer,checkered,0.2558,fall,0.2365,0.0493,clip
C:\Users\Lenovo\Desktop\StyleMind\stylemind-cnn-training-pipeline\data\processed_dataset\Warmwear\winter158.jpg,Warmwear,solid,0.2276,all-season,0.1806,0.0046,low_confidence_fallback
C:\Users\Lenovo\Desktop\StyleMind\stylemind-cnn-training-pipeline\data\processed_dataset\Pants\pant188.jpg,Pants,solid,0.1983,summer,0.1956,0.0437,clip
C:\Users\Lenovo\Desktop\StyleMind\stylemind-cnn-training-pipeline\data\processed_dataset\Blazer\blazer060.jpg,Blazer,solid,0.238,fall,0.2401,0.0357,clip
C:\Users\Lenovo\Desktop\StyleMind\stylemind-cnn-training-pipeline\data\processed_dataset\Shorts\shorts037.jpg,Shorts,solid,0.1572,summer,0.1506,0.0487,clip
C:\Users\Lenovo\Desktop\StyleMind\stylemind-cnn-training-pipeline\data\processed_dataset\Pants\pant180.jpg,Pants,solid,0.1967,summer,0.1682,0.0214,clip
C:\Users\Lenovo\Desktop\StyleMind\stylemind-cnn-training-pipeline\data\processed_dataset\Shirt\shirt239.jpg,Shirt,solid,0.2183,fall,0.2088,0.0189,clip
C:\Users\Lenovo\Desktop\StyleMind\stylemind-cnn-training-pipeline\data\processed_dataset\Top\top307.jpg,Top,solid,0.1958,summer,0.2292,0.0779,clip
C:\Users\Lenovo\Desktop\StyleMind\stylemind-cnn-training-pipeline\data\processed_dataset\Pants\pant249.jpg,Pants,solid,0.187,all-season,0.1507,0.0011,low_confidence_fallback
C:\Users\Lenovo\Desktop\StyleMind\stylemind-cnn-training-pipeline\data\processed_dataset\Formal_Pant\formal_pant041.jpg,Formal_Pant,solid,0.2156,all-season,0.1665,0.0004,low_confidence_fallback
C:\Users\Lenovo\Desktop\StyleMind\stylemind-cnn-training-pipeline\data\processed_dataset\Dress\dress271.jpg,Dress,solid,0.1851,all-season,0.1637,0.0048,low_confidence_fallback
C:\Users\Lenovo\Desktop\StyleMind\stylemind-cnn-training-pipeline\data\processed_dataset\Pants\pant056.jpg,Pants,checkered,0.2283,winter,0.176,0.0403,clip
C:\Users\Lenovo\Desktop\StyleMind\stylemind-cnn-training-pipeline\data\processed_dataset\Top\top121.jpg,Top,solid,0.2293,summer,0.2106,0.0602,clip
C:\Users\Lenovo\Desktop\StyleMind\stylemind-cnn-training-pipeline\data\processed_dataset\Skirt\skirt104.jpg,Skirt,pleated,0.2731,all-season,0.2121,0.0095,low_confidence_fallback
C:\Users\Lenovo\Desktop\StyleMind\stylemind-cnn-training-pipeline\data\processed_dataset\Jacket\jacket079.jpg,Jacket,solid,0.1786,all-season,0.1673,0.0004,low_confidence_fallback
C:\Users\Lenovo\Desktop\StyleMind\stylemind-cnn-training-pipeline\data\processed_dataset\Warmwear\winter230.jpg,Warmwear,solid,0.2211,fall,0.2211,0.0194,clip
C:\Users\Lenovo\Desktop\StyleMind\stylemind-cnn-training-pipeline\data\processed_dataset\Jacket\jacket299.jpg,Jacket,solid,0.2315,fall,0.2282,0.0165,clip
C:\Users\Lenovo\Desktop\StyleMind\stylemind-cnn-training-pipeline\data\processed_dataset\Dress\dress361.jpg,Dress,pleated,0.1952,summer,0.1884,0.0816,clip
C:\Users\Lenovo\Desktop\StyleMind\stylemind-cnn-training-pipeline\data\processed_dataset\Formal_Pant\formal_pant297.jpg,Formal_Pant,solid,0.2019,summer,0.1583,0.0154,clip
C:\Users\Lenovo\Desktop\StyleMind\stylemind-cnn-training-pipeline\data\processed_dataset\Formal_Pant\formal_pant246.jpg,Formal_Pant,solid,0.1817,summer,0.1481,0.0195,clip
C:\Users\Lenovo\Desktop\StyleMind\stylemind-cnn-training-pipeline\data\processed_dataset\Pants\pant108.jpg,Pants,solid,0.1773,fall,0.1473,0.0108,clip
C:\Users\Lenovo\Desktop\StyleMind\stylemind-cnn-training-pipeline\data\processed_dataset\Pants\pant043.jpg,Pants,solid,0.2332,winter,0.2446,0.0206,clip
C:\Users\Lenovo\Desktop\StyleMind\stylemind-cnn-training-pipeline\data\processed_dataset\Dress\dress064.jpg,Dress,pleated,0.2427,summer,0.1632,0.0209,clip
C:\Users\Lenovo\Desktop\StyleMind\stylemind-cnn-training-pipeline\data\processed_dataset\Skirt\skirt356.jpg,Skirt,solid,0.2015,summer,0.1909,0.0372,clip
C:\Users\Lenovo\Desktop\StyleMind\stylemind-cnn-training-pipeline\data\processed_dataset\Dress\dress158.jpg,Dress,pleated,0.1973,summer,0.1753,0.055,clip
C:\Users\Lenovo\Desktop\StyleMind\stylemind-cnn-training-pipeline\data\processed_dataset\Jacket\jacket061.jpg,Jacket,solid,0.232,winter,0.2773,0.0223,clip
C:\Users\Lenovo\Desktop\StyleMind\stylemind-cnn-training-pipeline\data\processed_dataset\Top\top120.jpg,Top,solid,0.1838,summer,0.1923,0.0555,clip
C:\Users\Lenovo\Desktop\StyleMind\stylemind-cnn-training-pipeline\data\processed_dataset\Pants\pant191.jpg,Pants,solid,0.2087,all-season,0.1625,0.0056,low_confidence_fallback
C:\Users\Lenovo\Desktop\StyleMind\stylemind-cnn-training-pipeline\data\processed_dataset\Blazer\blazer223.jpg,Blazer,striped,0.2392,fall,0.2067,0.0363,clip
C:\Users\Lenovo\Desktop\StyleMind\stylemind-cnn-training-pipeline\data\processed_dataset\Jacket\jacket352.jpg,Jacket,solid,0.1648,winter,0.1801,0.0163,clip
C:\Users\Lenovo\Desktop\StyleMind\stylemind-cnn-training-pipeline\data\processed_dataset\Dress\dress051.jpg,Dress,floral,0.2506,all-season,0.1916,0.0049,low_confidence_fallback
C:\Users\Lenovo\Desktop\StyleMind\stylemind-cnn-training-pipeline\data\processed_dataset\Dress\dress324.jpg,Dress,solid,0.201,summer,0.2112,0.0808,clip
C:\Users\Lenovo\Desktop\StyleMind\stylemind-cnn-training-pipeline\data\processed_dataset\Blazer\blazer374.jpg,Blazer,solid,0.2558,fall,0.2507,0.0282,clip
C:\Users\Lenovo\Desktop\StyleMind\stylemind-cnn-training-pipeline\data\processed_dataset\Shorts\shorts446.jpg,Shorts,solid,0.1917,winter,0.1765,0.0164,clip
C:\Users\Lenovo\Desktop\StyleMind\stylemind-cnn-training-pipeline\data\processed_dataset\Dress\dress350.jpg,Dress,pleated,0.1756,summer,0.1394,0.0283,clip
C:\Users\Lenovo\Desktop\StyleMind\stylemind-cnn-training-pipeline\data\processed_dataset\Shirt\shirt228.jpg,Shirt,solid,0.2657,all-season,0.2278,0.0053,low_confidence_fallback
C:\Users\Lenovo\Desktop\StyleMind\stylemind-cnn-training-pipeline\data\processed_dataset\Dress\dress118.jpg,Dress,floral,0.2172,summer,0.1481,0.017,clip
C:\Users\Lenovo\Desktop\StyleMind\stylemind-cnn-training-pipeline\data\processed_dataset\Top\top251.jpg,Top,solid,0.2559,summer,0.2616,0.098,clip
C:\Users\Lenovo\Desktop\StyleMind\stylemind-cnn-training-pipeline\data\processed_dataset\Dress\dress304.jpg,Dress,floral,0.2453,summer,0.1977,0.0635,clip
C:\Users\Lenovo\Desktop\StyleMind\stylemind-cnn-training-pipeline\data\processed_dataset\Shorts\shorts379.jpg,Shorts,solid,0.1838,summer,0.1902,0.0324,clip
C:\Users\Lenovo\Desktop\StyleMind\stylemind-cnn-training-pipeline\data\processed_dataset\Skirt\skirt058.jpg,Skirt,checkered,0.2533,all-season,0.1775,0.0001,low_confidence_fallback
C:\Users\Lenovo\Desktop\StyleMind\stylemind-cnn-training-pipeline\data\processed_dataset\Pants\pant111.jpg,Pants,solid,0.2085,all-season,0.1534,0.008,low_confidence_fallback
C:\Users\Lenovo\Desktop\StyleMind\stylemind-cnn-training-pipeline\data\processed_dataset\Blazer\blazer450.jpg,Blazer,solid,0.2093,fall,0.2108,0.0329,clip
C:\Users\Lenovo\Desktop\StyleMind\stylemind-cnn-training-pipeline\data\processed_dataset\Shirt\shirt057.jpg,Shirt,solid,0.2505,fall,0.2204,0.0344,clip
C:\Users\Lenovo\Desktop\StyleMind\stylemind-cnn-training-pipeline\data\processed_dataset\Skirt\skirt231.jpg,Skirt,pleated,0.2585,all-season,0.1932,0.005,low_confidence_fallback
C:\Users\Lenovo\Desktop\StyleMind\stylemind-cnn-training-pipeline\data\processed_dataset\Dress\dress049.jpg,Dress,solid,0.2636,summer,0.217,0.0248,clip
C:\Users\Lenovo\Desktop\StyleMind\stylemind-cnn-training-pipeline\data\processed_dataset\Pants\pant345.jpg,Pants,solid,0.2042,all-season,0.2068,0.0076,low_confidence_fallback
C:\Users\Lenovo\Desktop\StyleMind\stylemind-cnn-training-pipeline\data\processed_dataset\Jacket\jacket272.jpg,Jacket,solid,0.1654,winter,0.2444,0.0525,clip
C:\Users\Lenovo\Desktop\StyleMind\stylemind-cnn-training-pipeline\data\processed_dataset\Warmwear\winter082.jpg,Warmwear,embroidered,0.1905,all-season,0.1844,0.0075,low_confidence_fallback
C:\Users\Lenovo\Desktop\StyleMind\stylemind-cnn-training-pipeline\data\processed_dataset\Dress\dress089.jpg,Dress,pleated,0.1654,winter,0.1324,0.0214,clip
C:\Users\Lenovo\Desktop\StyleMind\stylemind-cnn-training-pipeline\data\processed_dataset\Shorts\shorts027.jpg,Shorts,solid,0.1694,summer,0.1636,0.0311,clip
C:\Users\Lenovo\Desktop\StyleMind\stylemind-cnn-training-pipeline\data\processed_dataset\Dress\dress236.jpg,Dress,striped,0.206,all-season,0.1669,0.0001,low_confidence_fallback
C:\Users\Lenovo\Desktop\StyleMind\stylemind-cnn-training-pipeline\data\processed_dataset\Formal_Pant\formal_pant184.jpg,Formal_Pant,solid,0.2058,all-season,0.1718,0.0011,low_confidence_fallback
C:\Users\Lenovo\Desktop\StyleMind\stylemind-cnn-training-pipeline\data\processed_dataset\Shirt\shirt207.jpg,Shirt,striped,0.2794,summer,0.2191,0.0293,clip
C:\Users\Lenovo\Desktop\StyleMind\stylemind-cnn-training-pipeline\data\processed_dataset\Pants\pant186.jpg,Pants,solid,0.226,all-season,0.1979,0.008,low_confidence_fallback
C:\Users\Lenovo\Desktop\StyleMind\stylemind-cnn-training-pipeline\data\processed_dataset\Jacket\jacket311.jpg,Jacket,solid,0.1708,fall,0.1889,0.0222,clip
C:\Users\Lenovo\Desktop\StyleMind\stylemind-cnn-training-pipeline\data\processed_dataset\Jacket\jacket022.jpg,Jacket,solid,0.2117,all-season,0.1996,0.0017,low_confidence_fallback
C:\Users\Lenovo\Desktop\StyleMind\stylemind-cnn-training-pipeline\data\processed_dataset\Dress\dress228.jpg,Dress,pleated,0.1786,summer,0.1829,0.0578,clip
C:\Users\Lenovo\Desktop\StyleMind\stylemind-cnn-training-pipeline\data\processed_dataset\Blazer\blazer241.jpg,Blazer,solid,0.1777,fall,0.2026,0.0379,clip
C:\Users\Lenovo\Desktop\StyleMind\stylemind-cnn-training-pipeline\data\processed_dataset\Skirt\skirt362.jpg,Skirt,pleated,0.2614,summer,0.1944,0.0197,clip
C:\Users\Lenovo\Desktop\StyleMind\stylemind-cnn-training-pipeline\data\processed_dataset\Formal_Pant\formal_pant256.jpg,Formal_Pant,striped,0.1825,all-season,0.1311,0.0093,low_confidence_fallback
C:\Users\Lenovo\Desktop\StyleMind\stylemind-cnn-training-pipeline\data\processed_dataset\Top\top322.jpg,Top,pleated,0.2295,summer,0.2301,0.0784,clip
C:\Users\Lenovo\Desktop\StyleMind\stylemind-cnn-training-pipeline\data\processed_dataset\Shorts\shorts016.jpg,Shorts,solid,0.1891,winter,0.2202,0.0326,clip
C:\Users\Lenovo\Desktop\StyleMind\stylemind-cnn-training-pipeline\data\processed_dataset\Pants\pant051.jpg,Pants,solid,0.2002,all-season,0.1866,0.0044,low_confidence_fallback
C:\Users\Lenovo\Desktop\StyleMind\stylemind-cnn-training-pipeline\data\processed_dataset\Dress\dress113.jpg,Dress,solid,0.153,summer,0.1739,0.0581,clip
C:\Users\Lenovo\Desktop\StyleMind\stylemind-cnn-training-pipeline\data\processed_dataset\Skirt\skirt097.jpg,Skirt,solid,0.2228,all-season,0.1794,0.0059,low_confidence_fallback
C:\Users\Lenovo\Desktop\StyleMind\stylemind-cnn-training-pipeline\data\processed_dataset\Blazer\blazer173.jpg,Blazer,solid,0.2592,fall,0.2436,0.0273,clip
C:\Users\Lenovo\Desktop\StyleMind\stylemind-cnn-training-pipeline\data\processed_dataset\Top\top118.jpg,Top,solid,0.2383,summer,0.211,0.0397,clip
C:\Users\Lenovo\Desktop\StyleMind\stylemind-cnn-training-pipeline\data\processed_dataset\Top\top303.jpg,Top,solid,0.2326,summer,0.2287,0.0584,clip
C:\Users\Lenovo\Desktop\StyleMind\stylemind-cnn-training-pipeline\data\processed_dataset\Blazer\blazer263.jpg,Blazer,solid,0.2363,fall,0.2299,0.0404,clip
C:\Users\Lenovo\Desktop\StyleMind\stylemind-cnn-training-pipeline\data\processed_dataset\Shirt\shirt352.jpg,Shirt,striped,0.2607,fall,0.2135,0.0306,clip
C:\Users\Lenovo\Desktop\StyleMind\stylemind-cnn-training-pipeline\data\processed_dataset\Blazer\blazer425.jpg,Blazer,embroidered,0.2118,fall,0.1901,0.0387,clip
C:\Users\Lenovo\Desktop\StyleMind\stylemind-cnn-training-pipeline\data\processed_dataset\Shorts\shorts321.jpg,Shorts,solid,0.2132,summer,0.2041,0.0637,clip
C:\Users\Lenovo\Desktop\StyleMind\stylemind-cnn-training-pipeline\data\processed_dataset\Formal_Pant\formal_pant012.jpg,Formal_Pant,striped,0.2203,all-season,0.1653,0.0086,low_confidence_fallback
C:\Users\Lenovo\Desktop\StyleMind\stylemind-cnn-training-pipeline\data\processed_dataset\Warmwear\winter013.jpg,Warmwear,graphic,0.2233,winter,0.2003,0.0103,clip
C:\Users\Lenovo\Desktop\StyleMind\stylemind-cnn-training-pipeline\data\processed_dataset\Shirt\shirt065.jpg,Shirt,solid,0.2897,summer,0.2482,0.0132,clip
C:\Users\Lenovo\Desktop\StyleMind\stylemind-cnn-training-pipeline\data\processed_dataset\Formal_Pant\formal_pant175.jpg,Formal_Pant,solid,0.2408,fall,0.2099,0.0135,clip
C:\Users\Lenovo\Desktop\StyleMind\stylemind-cnn-training-pipeline\data\processed_dataset\Blazer\blazer076.jpg,Blazer,striped,0.2354,summer,0.2198,0.0198,clip
C:\Users\Lenovo\Desktop\StyleMind\stylemind-cnn-training-pipeline\data\processed_dataset\Formal_Pant\formal_pant366.jpg,Formal_Pant,solid,0.1964,all-season,0.1474,0.001,low_confidence_fallback
C:\Users\Lenovo\Desktop\StyleMind\stylemind-cnn-training-pipeline\data\processed_dataset\Pants\pant279.jpg,Pants,solid,0.1774,fall,0.1597,0.0121,clip
C:\Users\Lenovo\Desktop\StyleMind\stylemind-cnn-training-pipeline\data\processed_dataset\Top\top227.jpg,Top,solid,0.2485,summer,0.24,0.0573,clip
C:\Users\Lenovo\Desktop\StyleMind\stylemind-cnn-training-pipeline\data\processed_dataset\Dress\dress031.jpg,Dress,pleated,0.1842,summer,0.1723,0.0872,clip
C:\Users\Lenovo\Desktop\StyleMind\stylemind-cnn-training-pipeline\data\processed_dataset\Blazer\blazer113.jpg,Blazer,solid,0.2587,fall,0.2416,0.0159,clip
C:\Users\Lenovo\Desktop\StyleMind\stylemind-cnn-training-pipeline\data\processed_dataset\Blazer\blazer401.jpg,Blazer,solid,0.2177,all-season,0.2339,0.0009,low_confidence_fallback
C:\Users\Lenovo\Desktop\StyleMind\stylemind-cnn-training-pipeline\data\processed_dataset\Shirt\shirt033.jpg,Shirt,striped,0.2633,summer,0.1911,0.0134,clip
C:\Users\Lenovo\Desktop\StyleMind\stylemind-cnn-training-pipeline\data\processed_dataset\Pants\pant231.jpg,Pants,solid,0.1883,winter,0.1755,0.0197,clip
C:\Users\Lenovo\Desktop\StyleMind\stylemind-cnn-training-pipeline\data\processed_dataset\Skirt\skirt036.jpg,Skirt,striped,0.2725,fall,0.1966,0.0136,clip
C:\Users\Lenovo\Desktop\StyleMind\stylemind-cnn-training-pipeline\data\processed_dataset\Top\top079.jpg,Top,solid,0.2465,summer,0.2395,0.0711,clip
C:\Users\Lenovo\Desktop\StyleMind\stylemind-cnn-training-pipeline\data\processed_dataset\Pants\pant036.jpg,Pants,solid,0.2229,all-season,0.1705,0.002,low_confidence_fallback
C:\Users\Lenovo\Desktop\StyleMind\stylemind-cnn-training-pipeline\data\processed_dataset\Warmwear\winter324.jpg,Warmwear,solid,0.2148,fall,0.243,0.0117,clip
C:\Users\Lenovo\Desktop\StyleMind\stylemind-cnn-training-pipeline\data\processed_dataset\Warmwear\winter350.jpg,Warmwear,graphic,0.1907,all-season,0.1712,0.0021,low_confidence_fallback
C:\Users\Lenovo\Desktop\StyleMind\stylemind-cnn-training-pipeline\data\processed_dataset\Jacket\jacket279.jpg,Jacket,solid,0.2169,all-season,0.1968,0.0009,low_confidence_fallback
C:\Users\Lenovo\Desktop\StyleMind\stylemind-cnn-training-pipeline\data\processed_dataset\Pants\pant322.jpg,Pants,solid,0.1834,fall,0.1839,0.0103,clip
C:\Users\Lenovo\Desktop\StyleMind\stylemind-cnn-training-pipeline\data\processed_dataset\Dress\dress017.jpg,Dress,checkered,0.2497,summer,0.1974,0.0566,clip
C:\Users\Lenovo\Desktop\StyleMind\stylemind-cnn-training-pipeline\data\processed_dataset\Pants\pant177.jpg,Pants,solid,0.2133,summer,0.177,0.0266,clip
C:\Users\Lenovo\Desktop\StyleMind\stylemind-cnn-training-pipeline\data\processed_dataset\Formal_Pant\formal_pant155.jpg,Formal_Pant,solid,0.2006,fall,0.1759,0.018,clip
C:\Users\Lenovo\Desktop\StyleMind\stylemind-cnn-training-pipeline\data\processed_dataset\Dress\dress229.jpg,Dress,pleated,0.1774,summer,0.1459,0.0215,clip
C:\Users\Lenovo\Desktop\StyleMind\stylemind-cnn-training-pipeline\data\processed_dataset\Jacket\jacket255.jpg,Jacket,solid,0.1857,winter,0.2258,0.0242,clip
C:\Users\Lenovo\Desktop\StyleMind\stylemind-cnn-training-pipeline\data\processed_dataset\Formal_Pant\formal_pant077.jpg,Formal_Pant,checkered,0.2367,fall,0.1683,0.0145,clip
C:\Users\Lenovo\Desktop\StyleMind\stylemind-cnn-training-pipeline\data\processed_dataset\Dress\dress344.jpg,Dress,pleated,0.2373,summer,0.1635,0.0154,clip
C:\Users\Lenovo\Desktop\StyleMind\stylemind-cnn-training-pipeline\data\processed_dataset\Warmwear\winter032.jpg,Warmwear,solid,0.2324,winter,0.2533,0.0494,clip
C:\Users\Lenovo\Desktop\StyleMind\stylemind-cnn-training-pipeline\data\processed_dataset\Skirt\skirt086.jpg,Skirt,pleated,0.2402,all-season,0.2161,0.003,low_confidence_fallback
C:\Users\Lenovo\Desktop\StyleMind\stylemind-cnn-training-pipeline\data\processed_dataset\Dress\dress287.jpg,Dress,solid,0.2194,summer,0.2092,0.0606,clip
C:\Users\Lenovo\Desktop\StyleMind\stylemind-cnn-training-pipeline\data\processed_dataset\Formal_Pant\formal_pant107.jpg,Formal_Pant,solid,0.206,all-season,0.1628,0.0004,low_confidence_fallback
C:\Users\Lenovo\Desktop\StyleMind\stylemind-cnn-training-pipeline\data\processed_dataset\Pants\pant373.jpg,Pants,checkered,0.2567,all-season,0.187,0.0098,low_confidence_fallback
C:\Users\Lenovo\Desktop\StyleMind\stylemind-cnn-training-pipeline\data\processed_dataset\Top\top373.jpg,Top,solid,0.2043,summer,0.1814,0.031,clip
C:\Users\Lenovo\Desktop\StyleMind\stylemind-cnn-training-pipeline\data\processed_dataset\Jacket\jacket006.jpg,Jacket,solid,0.279,summer,0.2809,0.0379,clip
C:\Users\Lenovo\Desktop\StyleMind\stylemind-cnn-training-pipeline\data\processed_dataset\Skirt\skirt399.jpg,Skirt,solid,0.2146,summer,0.188,0.0434,clip
C:\Users\Lenovo\Desktop\StyleMind\stylemind-cnn-training-pipeline\data\processed_dataset\Shirt\shirt012.jpg,Shirt,solid,0.2552,summer,0.2193,0.0208,clip
C:\Users\Lenovo\Desktop\StyleMind\stylemind-cnn-training-pipeline\data\processed_dataset\Jacket\jacket451.jpg,Jacket,solid,0.2291,fall,0.2157,0.0127,clip
C:\Users\Lenovo\Desktop\StyleMind\stylemind-cnn-training-pipeline\data\processed_dataset\Top\top131.jpg,Top,solid,0.2577,summer,0.2336,0.0329,clip
C:\Users\Lenovo\Desktop\StyleMind\stylemind-cnn-training-pipeline\data\processed_dataset\Jacket\jacket074.jpg,Jacket,solid,0.1584,winter,0.2051,0.0215,clip
C:\Users\Lenovo\Desktop\StyleMind\stylemind-cnn-training-pipeline\data\processed_dataset\Formal_Pant\formal_pant182.jpg,Formal_Pant,solid,0.1959,all-season,0.1603,0.0017,low_confidence_fallback
C:\Users\Lenovo\Desktop\StyleMind\stylemind-cnn-training-pipeline\data\processed_dataset\Shorts\shorts337.jpg,Shorts,solid,0.2136,summer,0.1839,0.0476,clip
C:\Users\Lenovo\Desktop\StyleMind\stylemind-cnn-training-pipeline\data\processed_dataset\Pants\pant176.jpg,Pants,solid,0.1906,winter,0.1643,0.0162,clip
C:\Users\Lenovo\Desktop\StyleMind\stylemind-cnn-training-pipeline\data\processed_dataset\Blazer\blazer245.jpg,Blazer,checkered,0.2402,fall,0.2508,0.0443,clip
C:\Users\Lenovo\Desktop\StyleMind\stylemind-cnn-training-pipeline\data\processed_dataset\Skirt\skirt125.jpg,Skirt,pleated,0.2392,summer,0.1766,0.0117,clip
C:\Users\Lenovo\Desktop\StyleMind\stylemind-cnn-training-pipeline\data\processed_dataset\Jacket\jacket008.jpg,Jacket,solid,0.2475,all-season,0.2212,0.0035,low_confidence_fallback
C:\Users\Lenovo\Desktop\StyleMind\stylemind-cnn-training-pipeline\data\processed_dataset\Shorts\shorts308.jpg,Shorts,solid,0.1838,summer,0.1655,0.0395,clip
C:\Users\Lenovo\Desktop\StyleMind\stylemind-cnn-training-pipeline\data\processed_dataset\Blazer\blazer034.jpg,Blazer,solid,0.2134,fall,0.2205,0.0402,clip
C:\Users\Lenovo\Desktop\StyleMind\stylemind-cnn-training-pipeline\data\processed_dataset\Jacket\jacket363.jpg,Jacket,solid,0.2008,winter,0.2404,0.0365,clip
C:\Users\Lenovo\Desktop\StyleMind\stylemind-cnn-training-pipeline\data\processed_dataset\Pants\pant419.jpg,Pants,solid,0.2164,summer,0.1968,0.0201,clip
C:\Users\Lenovo\Desktop\StyleMind\stylemind-cnn-training-pipeline\data\processed_dataset\Warmwear\winter001.jpg,Warmwear,solid,0.2442,all-season,0.2071,0.0053,low_confidence_fallback
C:\Users\Lenovo\Desktop\StyleMind\stylemind-cnn-training-pipeline\data\processed_dataset\Shorts\shorts176.jpg,Shorts,striped,0.2108,summer,0.1596,0.0359,clip
C:\Users\Lenovo\Desktop\StyleMind\stylemind-cnn-training-pipeline\data\processed_dataset\Shirt\shirt219.jpg,Shirt,solid,0.228,summer,0.2054,0.0129,clip
C:\Users\Lenovo\Desktop\StyleMind\stylemind-cnn-training-pipeline\data\processed_dataset\Jacket\jacket203.jpg,Jacket,solid,0.1968,winter,0.2019,0.0214,clip
C:\Users\Lenovo\Desktop\StyleMind\stylemind-cnn-training-pipeline\data\processed_dataset\Jacket\jacket194.jpg,Jacket,solid,0.1629,all-season,0.1729,0.0098,low_confidence_fallback
C:\Users\Lenovo\Desktop\StyleMind\stylemind-cnn-training-pipeline\data\processed_dataset\Blazer\blazer278.jpg,Blazer,solid,0.1922,fall,0.2393,0.0232,clip
C:\Users\Lenovo\Desktop\StyleMind\stylemind-cnn-training-pipeline\data\processed_dataset\Shirt\shirt266.jpg,Shirt,striped,0.304,summer,0.2789,0.0934,clip
C:\Users\Lenovo\Desktop\StyleMind\stylemind-cnn-training-pipeline\data\processed_dataset\Skirt\skirt450.jpg,Skirt,solid,0.2479,summer,0.2039,0.0402,clip
C:\Users\Lenovo\Desktop\StyleMind\stylemind-cnn-training-pipeline\data\processed_dataset\Blazer\blazer445.jpg,Blazer,checkered,0.2641,fall,0.2226,0.0338,clip
C:\Users\Lenovo\Desktop\StyleMind\stylemind-cnn-training-pipeline\data\processed_dataset\Pants\pant185.jpg,Pants,solid,0.2308,summer,0.1847,0.0216,clip
C:\Users\Lenovo\Desktop\StyleMind\stylemind-cnn-training-pipeline\data\processed_dataset\Skirt\skirt069.jpg,Skirt,solid,0.2314,summer,0.1865,0.0149,clip
C:\Users\Lenovo\Desktop\StyleMind\stylemind-cnn-training-pipeline\data\processed_dataset\Top\top357.jpg,Top,floral,0.2361,summer,0.2239,0.0548,clip
C:\Users\Lenovo\Desktop\StyleMind\stylemind-cnn-training-pipeline\data\processed_dataset\Blazer\blazer384.jpg,Blazer,checkered,0.2379,fall,0.2138,0.0374,clip
C:\Users\Lenovo\Desktop\StyleMind\stylemind-cnn-training-pipeline\data\processed_dataset\Blazer\blazer226.jpg,Blazer,checkered,0.2348,fall,0.2082,0.0283,clip
C:\Users\Lenovo\Desktop\StyleMind\stylemind-cnn-training-pipeline\data\processed_dataset\Jacket\jacket301.jpg,Jacket,solid,0.2416,fall,0.218,0.0259,clip
C:\Users\Lenovo\Desktop\StyleMind\stylemind-cnn-training-pipeline\data\processed_dataset\Top\top123.jpg,Top,pleated,0.2591,summer,0.2368,0.0536,clip
C:\Users\Lenovo\Desktop\StyleMind\stylemind-cnn-training-pipeline\data\processed_dataset\Blazer\blazer010.jpg,Blazer,checkered,0.2284,fall,0.2326,0.0325,clip
C:\Users\Lenovo\Desktop\StyleMind\stylemind-cnn-training-pipeline\data\processed_dataset\Skirt\skirt045.jpg,Skirt,pleated,0.2507,summer,0.1818,0.0275,clip
C:\Users\Lenovo\Desktop\StyleMind\stylemind-cnn-training-pipeline\data\processed_dataset\Pants\pant218.jpg,Pants,embroidered,0.2149,summer,0.1832,0.019,clip
C:\Users\Lenovo\Desktop\StyleMind\stylemind-cnn-training-pipeline\data\processed_dataset\Shorts\shorts260.jpg,Shorts,solid,0.2042,summer,0.1885,0.0511,clip
C:\Users\Lenovo\Desktop\StyleMind\stylemind-cnn-training-pipeline\data\processed_dataset\Formal_Pant\formal_pant052.jpg,Formal_Pant,striped,0.2073,all-season,0.155,0.0027,low_confidence_fallback
C:\Users\Lenovo\Desktop\StyleMind\stylemind-cnn-training-pipeline\data\processed_dataset\Shorts\shorts293.jpg,Shorts,solid,0.1715,all-season,0.1435,0.0084,low_confidence_fallback
C:\Users\Lenovo\Desktop\StyleMind\stylemind-cnn-training-pipeline\data\processed_dataset\Skirt\skirt183.jpg,Skirt,solid,0.2001,summer,0.2191,0.0796,clip
C:\Users\Lenovo\Desktop\StyleMind\stylemind-cnn-training-pipeline\data\processed_dataset\Blazer\blazer403.jpg,Blazer,graphic,0.2114,fall,0.2208,0.0427,clip
C:\Users\Lenovo\Desktop\StyleMind\stylemind-cnn-training-pipeline\data\processed_dataset\Top\top158.jpg,Top,solid,0.2205,summer,0.2009,0.0423,clip
C:\Users\Lenovo\Desktop\StyleMind\stylemind-cnn-training-pipeline\data\processed_dataset\Shorts\shorts247.jpg,Shorts,solid,0.2072,summer,0.1783,0.0152,clip
C:\Users\Lenovo\Desktop\StyleMind\stylemind-cnn-training-pipeline\data\processed_dataset\Dress\dress131.jpg,Dress,solid,0.1563,summer,0.1378,0.0105,clip
C:\Users\Lenovo\Desktop\StyleMind\stylemind-cnn-training-pipeline\data\processed_dataset\Shirt\shirt279.jpg,Shirt,checkered,0.2636,summer,0.2173,0.0174,clip
C:\Users\Lenovo\Desktop\StyleMind\stylemind-cnn-training-pipeline\data\processed_dataset\Pants\pant114.jpg,Pants,pleated,0.1801,all-season,0.139,0.0082,low_confidence_fallback
C:\Users\Lenovo\Desktop\StyleMind\stylemind-cnn-training-pipeline\data\processed_dataset\Dress\dress240.jpg,Dress,graphic,0.2644,all-season,0.2277,0.0041,low_confidence_fallback
C:\Users\Lenovo\Desktop\StyleMind\stylemind-cnn-training-pipeline\data\processed_dataset\Shorts\shorts193.jpg,Shorts,solid,0.2525,summer,0.2288,0.0541,clip
C:\Users\Lenovo\Desktop\StyleMind\stylemind-cnn-training-pipeline\data\processed_dataset\Warmwear\winter186.jpg,Warmwear,striped,0.2451,all-season,0.2175,0.005,low_confidence_fallback
C:\Users\Lenovo\Desktop\StyleMind\stylemind-cnn-training-pipeline\data\processed_dataset\Formal_Pant\formal_pant102.jpg,Formal_Pant,solid,0.1874,summer,0.1841,0.0317,clip
C:\Users\Lenovo\Desktop\StyleMind\stylemind-cnn-training-pipeline\data\processed_dataset\Shorts\shorts094.jpg,Shorts,solid,0.1887,summer,0.1768,0.0125,clip
C:\Users\Lenovo\Desktop\StyleMind\stylemind-cnn-training-pipeline\data\processed_dataset\Shirt\shirt234.jpg,Shirt,striped,0.2386,fall,0.1639,0.0196,clip
C:\Users\Lenovo\Desktop\StyleMind\stylemind-cnn-training-pipeline\data\processed_dataset\Formal_Pant\formal_pant248.jpg,Formal_Pant,solid,0.2113,fall,0.1746,0.0185,clip
C:\Users\Lenovo\Desktop\StyleMind\stylemind-cnn-training-pipeline\data\processed_dataset\Top\top187.jpg,Top,solid,0.2159,summer,0.2295,0.0797,clip
C:\Users\Lenovo\Desktop\StyleMind\stylemind-cnn-training-pipeline\data\processed_dataset\Formal_Pant\formal_pant179.jpg,Formal_Pant,solid,0.1821,summer,0.167,0.0203,clip
C:\Users\Lenovo\Desktop\StyleMind\stylemind-cnn-training-pipeline\data\processed_dataset\Warmwear\winter261.jpg,Warmwear,striped,0.2144,winter,0.1956,0.0254,clip
C:\Users\Lenovo\Desktop\StyleMind\stylemind-cnn-training-pipeline\data\processed_dataset\Dress\dress015.jpg,Dress,floral,0.2129,summer,0.2147,0.0829,clip
C:\Users\Lenovo\Desktop\StyleMind\stylemind-cnn-training-pipeline\data\processed_dataset\Skirt\skirt288.jpg,Skirt,solid,0.2274,all-season,0.1599,0.0041,low_confidence_fallback
C:\Users\Lenovo\Desktop\StyleMind\stylemind-cnn-training-pipeline\data\processed_dataset\Blazer\blazer341.jpg,Blazer,solid,0.2254,fall,0.2446,0.0496,clip
C:\Users\Lenovo\Desktop\StyleMind\stylemind-cnn-training-pipeline\data\processed_dataset\Shorts\shorts373.jpg,Shorts,solid,0.2099,all-season,0.1563,0.009,low_confidence_fallback
C:\Users\Lenovo\Desktop\StyleMind\stylemind-cnn-training-pipeline\data\processed_dataset\Skirt\skirt401.jpg,Skirt,solid,0.2346,summer,0.1843,0.0124,clip
C:\Users\Lenovo\Desktop\StyleMind\stylemind-cnn-training-pipeline\data\processed_dataset\Shorts\shorts133.jpg,Shorts,solid,0.1729,summer,0.1618,0.0325,clip
C:\Users\Lenovo\Desktop\StyleMind\stylemind-cnn-training-pipeline\data\processed_dataset\Blazer\blazer112.jpg,Blazer,solid,0.2365,fall,0.2269,0.0169,clip
C:\Users\Lenovo\Desktop\StyleMind\stylemind-cnn-training-pipeline\data\processed_dataset\Jacket\jacket399.jpg,Jacket,solid,0.1963,winter,0.2253,0.0169,clip
C:\Users\Lenovo\Desktop\StyleMind\stylemind-cnn-training-pipeline\data\processed_dataset\Warmwear\winter382.jpg,Warmwear,solid,0.1917,all-season,0.1647,0.0023,low_confidence_fallback
C:\Users\Lenovo\Desktop\StyleMind\stylemind-cnn-training-pipeline\data\processed_dataset\Dress\dress028.jpg,Dress,embroidered,0.1908,summer,0.1575,0.0688,clip
C:\Users\Lenovo\Desktop\StyleMind\stylemind-cnn-training-pipeline\data\processed_dataset\Shorts\shorts383.jpg,Shorts,solid,0.1811,summer,0.1635,0.0505,clip
C:\Users\Lenovo\Desktop\StyleMind\stylemind-cnn-training-pipeline\data\processed_dataset\Warmwear\winter303.jpg,Warmwear,solid,0.1824,winter,0.2122,0.0242,clip
C:\Users\Lenovo\Desktop\StyleMind\stylemind-cnn-training-pipeline\data\processed_dataset\Shorts\shorts040.jpg,Shorts,striped,0.2064,summer,0.1706,0.046,clip
C:\Users\Lenovo\Desktop\StyleMind\stylemind-cnn-training-pipeline\data\processed_dataset\Shorts\shorts398.jpg,Shorts,solid,0.2297,summer,0.2178,0.0514,clip
C:\Users\Lenovo\Desktop\StyleMind\stylemind-cnn-training-pipeline\data\processed_dataset\Formal_Pant\formal_pant305.jpg,Formal_Pant,solid,0.2121,summer,0.1779,0.0338,clip
C:\Users\Lenovo\Desktop\StyleMind\stylemind-cnn-training-pipeline\data\processed_dataset\Warmwear\winter359.jpg,Warmwear,striped,0.1941,winter,0.1971,0.0471,clip
C:\Users\Lenovo\Desktop\StyleMind\stylemind-cnn-training-pipeline\data\processed_dataset\Formal_Pant\formal_pant237.jpg,Formal_Pant,pleated,0.178,all-season,0.1603,0.0059,low_confidence_fallback
C:\Users\Lenovo\Desktop\StyleMind\stylemind-cnn-training-pipeline\data\processed_dataset\Shirt\shirt326.jpg,Shirt,checkered,0.2796,summer,0.2463,0.0666,clip
C:\Users\Lenovo\Desktop\StyleMind\stylemind-cnn-training-pipeline\data\processed_dataset\Formal_Pant\formal_pant210.jpg,Formal_Pant,solid,0.179,all-season,0.134,0.0046,low_confidence_fallback
C:\Users\Lenovo\Desktop\StyleMind\stylemind-cnn-training-pipeline\data\processed_dataset\Skirt\skirt309.jpg,Skirt,pleated,0.2264,all-season,0.168,0.0013,low_confidence_fallback
C:\Users\Lenovo\Desktop\StyleMind\stylemind-cnn-training-pipeline\data\processed_dataset\Formal_Pant\formal_pant213.jpg,Formal_Pant,checkered,0.2021,fall,0.1821,0.0123,clip
C:\Users\Lenovo\Desktop\StyleMind\stylemind-cnn-training-pipeline\data\processed_dataset\Dress\dress024.jpg,Dress,floral,0.2484,summer,0.1937,0.0447,clip
C:\Users\Lenovo\Desktop\StyleMind\stylemind-cnn-training-pipeline\data\processed_dataset\Top\top068.jpg,Top,solid,0.2447,summer,0.2523,0.0811,clip
C:\Users\Lenovo\Desktop\StyleMind\stylemind-cnn-training-pipeline\data\processed_dataset\Warmwear\winter385.jpg,Warmwear,embroidered,0.2114,all-season,0.1963,0.008,low_confidence_fallback
C:\Users\Lenovo\Desktop\StyleMind\stylemind-cnn-training-pipeline\data\processed_dataset\Shorts\shorts444.jpg,Shorts,solid,0.2189,summer,0.19,0.0357,clip
C:\Users\Lenovo\Desktop\StyleMind\stylemind-cnn-training-pipeline\data\processed_dataset\Shirt\shirt144.jpg,Shirt,striped,0.2175,summer,0.1709,0.0172,clip
C:\Users\Lenovo\Desktop\StyleMind\stylemind-cnn-training-pipeline\data\processed_dataset\Pants\pant254.jpg,Pants,solid,0.2183,summer,0.1969,0.0385,clip
C:\Users\Lenovo\Desktop\StyleMind\stylemind-cnn-training-pipeline\data\processed_dataset\Warmwear\winter380.jpg,Warmwear,solid,0.1898,all-season,0.1678,0.0076,low_confidence_fallback
C:\Users\Lenovo\Desktop\StyleMind\stylemind-cnn-training-pipeline\data\processed_dataset\Skirt\skirt259.jpg,Skirt,solid,0.2188,all-season,0.1844,0.0067,low_confidence_fallback
C:\Users\Lenovo\Desktop\StyleMind\stylemind-cnn-training-pipeline\data\processed_dataset\Dress\dress318.jpg,Dress,floral,0.2322,summer,0.2312,0.0656,clip
C:\Users\Lenovo\Desktop\StyleMind\stylemind-cnn-training-pipeline\data\processed_dataset\Jacket\jacket089.jpg,Jacket,solid,0.2406,all-season,0.2454,0.0008,low_confidence_fallback
C:\Users\Lenovo\Desktop\StyleMind\stylemind-cnn-training-pipeline\data\processed_dataset\Jacket\jacket294.jpg,Jacket,solid,0.229,all-season,0.1871,0.0002,low_confidence_fallback
C:\Users\Lenovo\Desktop\StyleMind\stylemind-cnn-training-pipeline\data\processed_dataset\Shorts\shorts085.jpg,Shorts,solid,0.1965,summer,0.2042,0.0403,clip
C:\Users\Lenovo\Desktop\StyleMind\stylemind-cnn-training-pipeline\data\processed_dataset\Jacket\jacket297.jpg,Jacket,solid,0.2155,fall,0.2283,0.029,clip
C:\Users\Lenovo\Desktop\StyleMind\stylemind-cnn-training-pipeline\data\processed_dataset\Dress\dress184.jpg,Dress,floral,0.1972,summer,0.1481,0.072,clip
C:\Users\Lenovo\Desktop\StyleMind\stylemind-cnn-training-pipeline\data\processed_dataset\Skirt\skirt269.jpg,Skirt,solid,0.226,summer,0.2248,0.0378,clip
C:\Users\Lenovo\Desktop\StyleMind\stylemind-cnn-training-pipeline\data\processed_dataset\Jacket\jacket350.jpg,Jacket,solid,0.2445,winter,0.2756,0.0509,clip
C:\Users\Lenovo\Desktop\StyleMind\stylemind-cnn-training-pipeline\data\processed_dataset\Shorts\shorts082.jpg,Shorts,solid,0.2084,summer,0.1968,0.021,clip
C:\Users\Lenovo\Desktop\StyleMind\stylemind-cnn-training-pipeline\data\processed_dataset\Warmwear\winter315.jpg,Warmwear,embroidered,0.2255,fall,0.2294,0.0201,clip
C:\Users\Lenovo\Desktop\StyleMind\stylemind-cnn-training-pipeline\data\processed_dataset\Shirt\shirt204.jpg,Shirt,striped,0.2372,summer,0.1902,0.013,clip
C:\Users\Lenovo\Desktop\StyleMind\stylemind-cnn-training-pipeline\data\processed_dataset\Top\top080.jpg,Top,pleated,0.2482,summer,0.222,0.0624,clip
C:\Users\Lenovo\Desktop\StyleMind\stylemind-cnn-training-pipeline\data\processed_dataset\Pants\pant361.jpg,Pants,solid,0.208,fall,0.172,0.0124,clip
C:\Users\Lenovo\Desktop\StyleMind\stylemind-cnn-training-pipeline\data\processed_dataset\Blazer\blazer440.jpg,Blazer,embroidered,0.2275,summer,0.2144,0.0137,clip
C:\Users\Lenovo\Desktop\StyleMind\stylemind-cnn-training-pipeline\data\processed_dataset\Dress\dress209.jpg,Dress,pleated,0.1965,summer,0.19,0.0517,clip
C:\Users\Lenovo\Desktop\StyleMind\stylemind-cnn-training-pipeline\data\processed_dataset\Shorts\shorts280.jpg,Shorts,solid,0.1768,summer,0.1429,0.0211,clip
C:\Users\Lenovo\Desktop\StyleMind\stylemind-cnn-training-pipeline\data\processed_dataset\Warmwear\winter388.jpg,Warmwear,solid,0.1764,winter,0.1858,0.0212,clip
C:\Users\Lenovo\Desktop\StyleMind\stylemind-cnn-training-pipeline\data\processed_dataset\Blazer\blazer334.jpg,Blazer,solid,0.194,all-season,0.2076,0.0081,low_confidence_fallback
C:\Users\Lenovo\Desktop\StyleMind\stylemind-cnn-training-pipeline\data\processed_dataset\Shirt\shirt124.jpg,Shirt,solid,0.2588,summer,0.2285,0.0414,clip
C:\Users\Lenovo\Desktop\StyleMind\stylemind-cnn-training-pipeline\data\processed_dataset\Blazer\blazer084.jpg,Blazer,checkered,0.265,fall,0.268,0.0427,clip
C:\Users\Lenovo\Desktop\StyleMind\stylemind-cnn-training-pipeline\data\processed_dataset\Jacket\jacket443.jpg,Jacket,solid,0.2408,all-season,0.2236,0.0099,low_confidence_fallback
C:\Users\Lenovo\Desktop\StyleMind\stylemind-cnn-training-pipeline\data\processed_dataset\Shirt\shirt022.jpg,Shirt,solid,0.2628,summer,0.2747,0.074,clip
C:\Users\Lenovo\Desktop\StyleMind\stylemind-cnn-training-pipeline\data\processed_dataset\Formal_Pant\formal_pant240.jpg,Formal_Pant,solid,0.1895,all-season,0.1418,0.0003,low_confidence_fallback
C:\Users\Lenovo\Desktop\StyleMind\stylemind-cnn-training-pipeline\data\processed_dataset\Dress\dress375.jpg,Dress,floral,0.1869,summer,0.1804,0.0755,clip
C:\Users\Lenovo\Desktop\StyleMind\stylemind-cnn-training-pipeline\data\processed_dataset\Pants\pant165.jpg,Pants,solid,0.2303,all-season,0.1881,0.001,low_confidence_fallback
C:\Users\Lenovo\Desktop\StyleMind\stylemind-cnn-training-pipeline\data\processed_dataset\Formal_Pant\formal_pant089.jpg,Formal_Pant,solid,0.218,summer,0.1811,0.0102,clip
C:\Users\Lenovo\Desktop\StyleMind\stylemind-cnn-training-pipeline\data\processed_dataset\Warmwear\winter097.jpg,Warmwear,floral,0.2566,fall,0.2153,0.0119,clip
C:\Users\Lenovo\Desktop\StyleMind\stylemind-cnn-training-pipeline\data\processed_dataset\Top\top050.jpg,Top,pleated,0.2288,summer,0.2378,0.0563,clip
C:\Users\Lenovo\Desktop\StyleMind\stylemind-cnn-training-pipeline\data\processed_dataset\Jacket\jacket220.jpg,Jacket,solid,0.2001,all-season,0.2054,0.0027,low_confidence_fallback
C:\Users\Lenovo\Desktop\StyleMind\stylemind-cnn-training-pipeline\data\processed_dataset\Pants\pant405.jpg,Pants,graphic,0.2055,all-season,0.1362,0.0002,low_confidence_fallback
C:\Users\Lenovo\Desktop\StyleMind\stylemind-cnn-training-pipeline\data\processed_dataset\Skirt\skirt043.jpg,Skirt,checkered,0.2782,fall,0.1909,0.0137,clip
C:\Users\Lenovo\Desktop\StyleMind\stylemind-cnn-training-pipeline\data\processed_dataset\Pants\pant377.jpg,Pants,solid,0.1897,winter,0.1754,0.0107,clip
C:\Users\Lenovo\Desktop\StyleMind\stylemind-cnn-training-pipeline\data\processed_dataset\Jacket\jacket216.jpg,Jacket,solid,0.2243,all-season,0.1993,0.0011,low_confidence_fallback
C:\Users\Lenovo\Desktop\StyleMind\stylemind-cnn-training-pipeline\data\processed_dataset\Dress\dress312.jpg,Dress,solid,0.2199,summer,0.2153,0.0574,clip
C:\Users\Lenovo\Desktop\StyleMind\stylemind-cnn-training-pipeline\data\processed_dataset\Warmwear\winter250.jpg,Warmwear,striped,0.2564,winter,0.2069,0.016,clip
C:\Users\Lenovo\Desktop\StyleMind\stylemind-cnn-training-pipeline\data\processed_dataset\Warmwear\winter332.jpg,Warmwear,striped,0.2244,winter,0.2379,0.0164,clip
C:\Users\Lenovo\Desktop\StyleMind\stylemind-cnn-training-pipeline\data\processed_dataset\Shorts\shorts265.jpg,Shorts,solid,0.2187,summer,0.2087,0.0578,clip
C:\Users\Lenovo\Desktop\StyleMind\stylemind-cnn-training-pipeline\data\processed_dataset\Formal_Pant\formal_pant339.jpg,Formal_Pant,solid,0.2158,fall,0.1911,0.0275,clip
C:\Users\Lenovo\Desktop\StyleMind\stylemind-cnn-training-pipeline\data\processed_dataset\Warmwear\winter130.jpg,Warmwear,striped,0.2273,winter,0.2221,0.0164,clip
C:\Users\Lenovo\Desktop\StyleMind\stylemind-cnn-training-pipeline\data\processed_dataset\Jacket\jacket331.jpg,Jacket,solid,0.2271,all-season,0.2505,0.0034,low_confidence_fallback
C:\Users\Lenovo\Desktop\StyleMind\stylemind-cnn-training-pipeline\data\processed_dataset\Blazer\blazer233.jpg,Blazer,solid,0.1977,fall,0.2302,0.0396,clip
C:\Users\Lenovo\Desktop\StyleMind\stylemind-cnn-training-pipeline\data\processed_dataset\Skirt\skirt388.jpg,Skirt,solid,0.2138,summer,0.1794,0.0285,clip
C:\Users\Lenovo\Desktop\StyleMind\stylemind-cnn-training-pipeline\data\processed_dataset\Shorts\shorts411.jpg,Shorts,embroidered,0.2095,summer,0.178,0.0324,clip
C:\Users\Lenovo\Desktop\StyleMind\stylemind-cnn-training-pipeline\data\processed_dataset\Warmwear\winter268.jpg,Warmwear,embroidered,0.1866,winter,0.2029,0.0329,clip
C:\Users\Lenovo\Desktop\StyleMind\stylemind-cnn-training-pipeline\data\processed_dataset\Jacket\jacket101.jpg,Jacket,solid,0.2479,all-season,0.2417,0.0042,low_confidence_fallback
C:\Users\Lenovo\Desktop\StyleMind\stylemind-cnn-training-pipeline\data\processed_dataset\Formal_Pant\formal_pant169.jpg,Formal_Pant,solid,0.1789,fall,0.1424,0.0105,clip
C:\Users\Lenovo\Desktop\StyleMind\stylemind-cnn-training-pipeline\data\processed_dataset\Dress\dress191.jpg,Dress,pleated,0.2007,summer,0.1927,0.0532,clip
C:\Users\Lenovo\Desktop\StyleMind\stylemind-cnn-training-pipeline\data\processed_dataset\Dress\dress205.jpg,Dress,floral,0.2144,summer,0.2002,0.0468,clip
C:\Users\Lenovo\Desktop\StyleMind\stylemind-cnn-training-pipeline\data\processed_dataset\Warmwear\winter391.jpg,Warmwear,striped,0.201,winter,0.1919,0.0192,clip
C:\Users\Lenovo\Desktop\StyleMind\stylemind-cnn-training-pipeline\data\processed_dataset\Shorts\shorts368.jpg,Shorts,solid,0.2252,summer,0.2142,0.0415,clip
C:\Users\Lenovo\Desktop\StyleMind\stylemind-cnn-training-pipeline\data\processed_dataset\Jacket\jacket336.jpg,Jacket,solid,0.1864,winter,0.2183,0.0543,clip
C:\Users\Lenovo\Desktop\StyleMind\stylemind-cnn-training-pipeline\data\processed_dataset\Warmwear\winter067.jpg,Warmwear,solid,0.1891,fall,0.2058,0.023,clip
C:\Users\Lenovo\Desktop\StyleMind\stylemind-cnn-training-pipeline\data\processed_dataset\Shirt\shirt111.jpg,Shirt,solid,0.269,summer,0.2316,0.0487,clip
C:\Users\Lenovo\Desktop\StyleMind\stylemind-cnn-training-pipeline\data\processed_dataset\Warmwear\winter129.jpg,Warmwear,embroidered,0.2157,all-season,0.1876,0.001,low_confidence_fallback
C:\Users\Lenovo\Desktop\StyleMind\stylemind-cnn-training-pipeline\data\processed_dataset\Pants\pant069.jpg,Pants,solid,0.1759,all-season,0.1532,0.0051,low_confidence_fallback
C:\Users\Lenovo\Desktop\StyleMind\stylemind-cnn-training-pipeline\data\processed_dataset\Pants\pant066.jpg,Pants,solid,0.2138,all-season,0.1775,0.0026,low_confidence_fallback
C:\Users\Lenovo\Desktop\StyleMind\stylemind-cnn-training-pipeline\data\processed_dataset\Shirt\shirt029.jpg,Shirt,solid,0.2304,fall,0.1933,0.0209,clip
C:\Users\Lenovo\Desktop\StyleMind\stylemind-cnn-training-pipeline\data\processed_dataset\Dress\dress174.jpg,Dress,solid,0.2059,summer,0.2062,0.0813,clip
C:\Users\Lenovo\Desktop\StyleMind\stylemind-cnn-training-pipeline\data\processed_dataset\Blazer\blazer446.jpg,Blazer,solid,0.1993,fall,0.2301,0.0478,clip
C:\Users\Lenovo\Desktop\StyleMind\stylemind-cnn-training-pipeline\data\processed_dataset\Jacket\jacket233.jpg,Jacket,solid,0.192,winter,0.1978,0.02,clip
C:\Users\Lenovo\Desktop\StyleMind\stylemind-cnn-training-pipeline\data\processed_dataset\Formal_Pant\formal_pant208.jpg,Formal_Pant,pleated,0.1867,all-season,0.1565,0.0019,low_confidence_fallback
C:\Users\Lenovo\Desktop\StyleMind\stylemind-cnn-training-pipeline\data\processed_dataset\Top\top032.jpg,Top,solid,0.2628,summer,0.2167,0.0274,clip
C:\Users\Lenovo\Desktop\StyleMind\stylemind-cnn-training-pipeline\data\processed_dataset\Dress\dress153.jpg,Dress,pleated,0.253,summer,0.204,0.0362,clip
C:\Users\Lenovo\Desktop\StyleMind\stylemind-cnn-training-pipeline\data\processed_dataset\Shorts\shorts286.jpg,Shorts,checkered,0.234,all-season,0.1973,0.0092,low_confidence_fallback
C:\Users\Lenovo\Desktop\StyleMind\stylemind-cnn-training-pipeline\data\processed_dataset\Dress\dress221.jpg,Dress,striped,0.2136,summer,0.181,0.0769,clip
C:\Users\Lenovo\Desktop\StyleMind\stylemind-cnn-training-pipeline\data\processed_dataset\Skirt\skirt166.jpg,Skirt,solid,0.1976,summer,0.1793,0.0214,clip
C:\Users\Lenovo\Desktop\StyleMind\stylemind-cnn-training-pipeline\data\processed_dataset\Shorts\shorts384.jpg,Shorts,checkered,0.2688,summer,0.1945,0.0288,clip
C:\Users\Lenovo\Desktop\StyleMind\stylemind-cnn-training-pipeline\data\processed_dataset\Shirt\shirt295.jpg,Shirt,striped,0.2371,summer,0.202,0.0345,clip
C:\Users\Lenovo\Desktop\StyleMind\stylemind-cnn-training-pipeline\data\processed_dataset\Pants\pant229.jpg,Pants,embroidered,0.2077,all-season,0.1725,0.0041,low_confidence_fallback
C:\Users\Lenovo\Desktop\StyleMind\stylemind-cnn-training-pipeline\data\processed_dataset\Skirt\skirt098.jpg,Skirt,pleated,0.2562,all-season,0.1947,0.0007,low_confidence_fallback
C:\Users\Lenovo\Desktop\StyleMind\stylemind-cnn-training-pipeline\data\processed_dataset\Jacket\jacket172.jpg,Jacket,solid,0.1468,winter,0.1956,0.0217,clip
C:\Users\Lenovo\Desktop\StyleMind\stylemind-cnn-training-pipeline\data\processed_dataset\Blazer\blazer337.jpg,Blazer,solid,0.1719,fall,0.2087,0.044,clip
C:\Users\Lenovo\Desktop\StyleMind\stylemind-cnn-training-pipeline\data\processed_dataset\Dress\dress068.jpg,Dress,striped,0.2443,summer,0.1935,0.0673,clip
C:\Users\Lenovo\Desktop\StyleMind\stylemind-cnn-training-pipeline\data\processed_dataset\Warmwear\winter309.jpg,Warmwear,graphic,0.1768,winter,0.1654,0.0217,clip
C:\Users\Lenovo\Desktop\StyleMind\stylemind-cnn-training-pipeline\data\processed_dataset\Shorts\shorts028.jpg,Shorts,solid,0.2018,summer,0.1913,0.0155,clip
C:\Users\Lenovo\Desktop\StyleMind\stylemind-cnn-training-pipeline\data\processed_dataset\Shorts\shorts428.jpg,Shorts,solid,0.2208,summer,0.1939,0.0312,clip
C:\Users\Lenovo\Desktop\StyleMind\stylemind-cnn-training-pipeline\data\processed_dataset\Dress\dress232.jpg,Dress,checkered,0.2596,summer,0.2014,0.0332,clip
C:\Users\Lenovo\Desktop\StyleMind\stylemind-cnn-training-pipeline\data\processed_dataset\Blazer\blazer335.jpg,Blazer,embroidered,0.1625,fall,0.1828,0.0309,clip
C:\Users\Lenovo\Desktop\StyleMind\stylemind-cnn-training-pipeline\data\processed_dataset\Shirt\shirt145.jpg,Shirt,striped,0.2814,all-season,0.2222,0.0019,low_confidence_fallback
C:\Users\Lenovo\Desktop\StyleMind\stylemind-cnn-training-pipeline\data\processed_dataset\Shorts\shorts154.jpg,Shorts,solid,0.207,all-season,0.1736,0.0037,low_confidence_fallback
C:\Users\Lenovo\Desktop\StyleMind\stylemind-cnn-training-pipeline\data\processed_dataset\Dress\dress243.jpg,Dress,striped,0.2551,summer,0.2457,0.016,clip
C:\Users\Lenovo\Desktop\StyleMind\stylemind-cnn-training-pipeline\data\processed_dataset\Blazer\blazer013.jpg,Blazer,solid,0.233,fall,0.2461,0.0468,clip
C:\Users\Lenovo\Desktop\StyleMind\stylemind-cnn-training-pipeline\data\processed_dataset\Dress\dress159.jpg,Dress,floral,0.263,summer,0.2047,0.0537,clip
C:\Users\Lenovo\Desktop\StyleMind\stylemind-cnn-training-pipeline\data\processed_dataset\Pants\pant284.jpg,Pants,solid,0.1929,summer,0.149,0.0101,clip
C:\Users\Lenovo\Desktop\StyleMind\stylemind-cnn-training-pipeline\data\processed_dataset\Pants\pant448.jpg,Pants,graphic,0.2029,winter,0.1533,0.0167,clip
C:\Users\Lenovo\Desktop\StyleMind\stylemind-cnn-training-pipeline\data\processed_dataset\Shorts\shorts294.jpg,Shorts,embroidered,0.2071,summer,0.1752,0.0547,clip
C:\Users\Lenovo\Desktop\StyleMind\stylemind-cnn-training-pipeline\data\processed_dataset\Skirt\skirt378.jpg,Skirt,pleated,0.2037,summer,0.2119,0.0498,clip
C:\Users\Lenovo\Desktop\StyleMind\stylemind-cnn-training-pipeline\data\processed_dataset\Shorts\shorts442.jpg,Shorts,solid,0.2292,summer,0.2006,0.0259,clip
C:\Users\Lenovo\Desktop\StyleMind\stylemind-cnn-training-pipeline\data\processed_dataset\Shirt\shirt216.jpg,Shirt,solid,0.2838,summer,0.2736,0.0899,clip
C:\Users\Lenovo\Desktop\StyleMind\stylemind-cnn-training-pipeline\data\processed_dataset\Dress\dress055.jpg,Dress,solid,0.2472,all-season,0.2097,0.0055,low_confidence_fallback
C:\Users\Lenovo\Desktop\StyleMind\stylemind-cnn-training-pipeline\data\processed_dataset\Warmwear\winter297.jpg,Warmwear,floral,0.252,all-season,0.2182,0.0054,low_confidence_fallback
C:\Users\Lenovo\Desktop\StyleMind\stylemind-cnn-training-pipeline\data\processed_dataset\Shirt\shirt186.jpg,Shirt,solid,0.2663,all-season,0.2078,0.005,low_confidence_fallback
C:\Users\Lenovo\Desktop\StyleMind\stylemind-cnn-training-pipeline\data\processed_dataset\Shorts\shorts062.jpg,Shorts,solid,0.1339,summer,0.1393,0.0492,clip
C:\Users\Lenovo\Desktop\StyleMind\stylemind-cnn-training-pipeline\data\processed_dataset\Shorts\shorts071.jpg,Shorts,solid,0.1817,summer,0.1735,0.0291,clip
C:\Users\Lenovo\Desktop\StyleMind\stylemind-cnn-training-pipeline\data\processed_dataset\Top\top262.jpg,Top,checkered,0.221,summer,0.2119,0.0763,clip
C:\Users\Lenovo\Desktop\StyleMind\stylemind-cnn-training-pipeline\data\processed_dataset\Shorts\shorts125.jpg,Shorts,solid,0.1862,summer,0.1702,0.0353,clip
C:\Users\Lenovo\Desktop\StyleMind\stylemind-cnn-training-pipeline\data\processed_dataset\Top\top393.jpg,Top,floral,0.2268,summer,0.1715,0.0409,clip
C:\Users\Lenovo\Desktop\StyleMind\stylemind-cnn-training-pipeline\data\processed_dataset\Shorts\shorts167.jpg,Shorts,solid,0.218,summer,0.2039,0.0423,clip
C:\Users\Lenovo\Desktop\StyleMind\stylemind-cnn-training-pipeline\data\processed_dataset\Blazer\blazer402.jpg,Blazer,checkered,0.2395,fall,0.2365,0.0221,clip
C:\Users\Lenovo\Desktop\StyleMind\stylemind-cnn-training-pipeline\data\processed_dataset\Jacket\jacket454.jpg,Jacket,solid,0.2465,fall,0.2155,0.0127,clip
C:\Users\Lenovo\Desktop\StyleMind\stylemind-cnn-training-pipeline\data\processed_dataset\Formal_Pant\formal_pant066.jpg,Formal_Pant,solid,0.219,all-season,0.1674,0.0059,low_confidence_fallback
C:\Users\Lenovo\Desktop\StyleMind\stylemind-cnn-training-pipeline\data\processed_dataset\Warmwear\winter349.jpg,Warmwear,floral,0.2368,all-season,0.1851,0.0048,low_confidence_fallback
C:\Users\Lenovo\Desktop\StyleMind\stylemind-cnn-training-pipeline\data\processed_dataset\Skirt\skirt028.jpg,Skirt,checkered,0.2429,all-season,0.1574,0.0036,low_confidence_fallback
C:\Users\Lenovo\Desktop\StyleMind\stylemind-cnn-training-pipeline\data\processed_dataset\Shirt\shirt240.jpg,Shirt,solid,0.2421,fall,0.2221,0.0336,clip
C:\Users\Lenovo\Desktop\StyleMind\stylemind-cnn-training-pipeline\data\processed_dataset\Top\top002.jpg,Top,floral,0.2309,summer,0.2144,0.0469,clip
C:\Users\Lenovo\Desktop\StyleMind\stylemind-cnn-training-pipeline\data\processed_dataset\Skirt\skirt290.jpg,Skirt,solid,0.2495,summer,0.2148,0.02,clip
C:\Users\Lenovo\Desktop\StyleMind\stylemind-cnn-training-pipeline\data\processed_dataset\Top\top328.jpg,Top,striped,0.2797,summer,0.2409,0.1044,clip
C:\Users\Lenovo\Desktop\StyleMind\stylemind-cnn-training-pipeline\data\processed_dataset\Skirt\skirt123.jpg,Skirt,solid,0.223,summer,0.2038,0.048,clip
C:\Users\Lenovo\Desktop\StyleMind\stylemind-cnn-training-pipeline\data\processed_dataset\Formal_Pant\formal_pant327.jpg,Formal_Pant,solid,0.2239,all-season,0.182,0.0078,low_confidence_fallback
C:\Users\Lenovo\Desktop\StyleMind\stylemind-cnn-training-pipeline\data\processed_dataset\Skirt\skirt168.jpg,Skirt,pleated,0.2325,summer,0.2002,0.0263,clip
C:\Users\Lenovo\Desktop\StyleMind\stylemind-cnn-training-pipeline\data\processed_dataset\Dress\dress138.jpg,Dress,solid,0.1968,summer,0.1864,0.0404,clip
C:\Users\Lenovo\Desktop\StyleMind\stylemind-cnn-training-pipeline\data\processed_dataset\Dress\dress332.jpg,Dress,solid,0.1866,summer,0.2047,0.0614,clip
C:\Users\Lenovo\Desktop\StyleMind\stylemind-cnn-training-pipeline\data\processed_dataset\Jacket\jacket456.jpg,Jacket,solid,0.2014,summer,0.229,0.0264,clip
C:\Users\Lenovo\Desktop\StyleMind\stylemind-cnn-training-pipeline\data\processed_dataset\Pants\pant184.jpg,Pants,solid,0.1979,all-season,0.1643,0.0022,low_confidence_fallback
C:\Users\Lenovo\Desktop\StyleMind\stylemind-cnn-training-pipeline\data\processed_dataset\Formal_Pant\formal_pant160.jpg,Formal_Pant,solid,0.2086,fall,0.1645,0.0109,clip
C:\Users\Lenovo\Desktop\StyleMind\stylemind-cnn-training-pipeline\data\processed_dataset\Top\top360.jpg,Top,floral,0.2518,summer,0.193,0.0518,clip
C:\Users\Lenovo\Desktop\StyleMind\stylemind-cnn-training-pipeline\data\processed_dataset\Shirt\shirt157.jpg,Shirt,solid,0.2931,summer,0.2395,0.0292,clip
C:\Users\Lenovo\Desktop\StyleMind\stylemind-cnn-training-pipeline\data\processed_dataset\Dress\dress303.jpg,Dress,pleated,0.225,summer,0.226,0.0929,clip
C:\Users\Lenovo\Desktop\StyleMind\stylemind-cnn-training-pipeline\data\processed_dataset\Dress\dress201.jpg,Dress,solid,0.2033,summer,0.1577,0.0324,clip
C:\Users\Lenovo\Desktop\StyleMind\stylemind-cnn-training-pipeline\data\processed_dataset\Top\top058.jpg,Top,graphic,0.2114,summer,0.1849,0.0774,clip
C:\Users\Lenovo\Desktop\StyleMind\stylemind-cnn-training-pipeline\data\processed_dataset\Pants\pant232.jpg,Pants,striped,0.2087,winter,0.1747,0.0352,clip
C:\Users\Lenovo\Desktop\StyleMind\stylemind-cnn-training-pipeline\data\processed_dataset\Pants\pant135.jpg,Pants,solid,0.2074,summer,0.1911,0.0316,clip
C:\Users\Lenovo\Desktop\StyleMind\stylemind-cnn-training-pipeline\data\processed_dataset\Formal_Pant\formal_pant328.jpg,Formal_Pant,solid,0.2197,summer,0.1849,0.0115,clip
C:\Users\Lenovo\Desktop\StyleMind\stylemind-cnn-training-pipeline\data\processed_dataset\Jacket\jacket429.jpg,Jacket,solid,0.2597,fall,0.2407,0.0126,clip
C:\Users\Lenovo\Desktop\StyleMind\stylemind-cnn-training-pipeline\data\processed_dataset\Blazer\blazer171.jpg,Blazer,solid,0.2183,fall,0.2384,0.0533,clip
C:\Users\Lenovo\Desktop\StyleMind\stylemind-cnn-training-pipeline\data\processed_dataset\Pants\pant293.jpg,Pants,solid,0.1683,all-season,0.1512,0.007,low_confidence_fallback
C:\Users\Lenovo\Desktop\StyleMind\stylemind-cnn-training-pipeline\data\processed_dataset\Top\top317.jpg,Top,solid,0.1921,summer,0.2015,0.0475,clip
C:\Users\Lenovo\Desktop\StyleMind\stylemind-cnn-training-pipeline\data\processed_dataset\Blazer\blazer219.jpg,Blazer,checkered,0.2398,fall,0.2539,0.0463,clip
C:\Users\Lenovo\Desktop\StyleMind\stylemind-cnn-training-pipeline\data\processed_dataset\Dress\dress021.jpg,Dress,pleated,0.2376,summer,0.2166,0.0693,clip
C:\Users\Lenovo\Desktop\StyleMind\stylemind-cnn-training-pipeline\data\processed_dataset\Shorts\shorts365.jpg,Shorts,solid,0.2213,summer,0.2109,0.0497,clip
C:\Users\Lenovo\Desktop\StyleMind\stylemind-cnn-training-pipeline\data\processed_dataset\Jacket\jacket372.jpg,Jacket,solid,0.223,winter,0.2541,0.0214,clip
C:\Users\Lenovo\Desktop\StyleMind\stylemind-cnn-training-pipeline\data\processed_dataset\Shorts\shorts227.jpg,Shorts,solid,0.1675,summer,0.153,0.0358,clip
C:\Users\Lenovo\Desktop\StyleMind\stylemind-cnn-training-pipeline\data\processed_dataset\Jacket\jacket361.jpg,Jacket,solid,0.2263,all-season,0.221,0.0002,low_confidence_fallback
C:\Users\Lenovo\Desktop\StyleMind\stylemind-cnn-training-pipeline\data\processed_dataset\Jacket\jacket284.jpg,Jacket,solid,0.2388,summer,0.2286,0.0236,clip
C:\Users\Lenovo\Desktop\StyleMind\stylemind-cnn-training-pipeline\data\processed_dataset\Jacket\jacket247.jpg,Jacket,solid,0.2097,winter,0.2624,0.0485,clip
C:\Users\Lenovo\Desktop\StyleMind\stylemind-cnn-training-pipeline\data\processed_dataset\Top\top195.jpg,Top,solid,0.1867,summer,0.192,0.0501,clip
C:\Users\Lenovo\Desktop\StyleMind\stylemind-cnn-training-pipeline\data\processed_dataset\Shorts\shorts025.jpg,Shorts,striped,0.2218,summer,0.1734,0.015,clip
C:\Users\Lenovo\Desktop\StyleMind\stylemind-cnn-training-pipeline\data\processed_dataset\Shorts\shorts343.jpg,Shorts,solid,0.2067,summer,0.1985,0.0171,clip
C:\Users\Lenovo\Desktop\StyleMind\stylemind-cnn-training-pipeline\data\processed_dataset\Blazer\blazer056.jpg,Blazer,solid,0.2379,fall,0.2541,0.0432,clip
C:\Users\Lenovo\Desktop\StyleMind\stylemind-cnn-training-pipeline\data\processed_dataset\Blazer\blazer149.jpg,Blazer,solid,0.1885,fall,0.2171,0.0388,clip
C:\Users\Lenovo\Desktop\StyleMind\stylemind-cnn-training-pipeline\data\processed_dataset\Dress\dress067.jpg,Dress,solid,0.2153,summer,0.1883,0.0183,clip
C:\Users\Lenovo\Desktop\StyleMind\stylemind-cnn-training-pipeline\data\processed_dataset\Top\top272.jpg,Top,floral,0.2472,summer,0.1983,0.0663,clip
C:\Users\Lenovo\Desktop\StyleMind\stylemind-cnn-training-pipeline\data\processed_dataset\Blazer\blazer291.jpg,Blazer,checkered,0.2626,fall,0.2483,0.0564,clip
C:\Users\Lenovo\Desktop\StyleMind\stylemind-cnn-training-pipeline\data\processed_dataset\Jacket\jacket026.jpg,Jacket,solid,0.1788,winter,0.2044,0.017,clip
C:\Users\Lenovo\Desktop\StyleMind\stylemind-cnn-training-pipeline\data\processed_dataset\Shirt\shirt101.jpg,Shirt,solid,0.2656,summer,0.2822,0.0991,clip
C:\Users\Lenovo\Desktop\StyleMind\stylemind-cnn-training-pipeline\data\processed_dataset\Skirt\skirt287.jpg,Skirt,pleated,0.2536,summer,0.2009,0.0154,clip
C:\Users\Lenovo\Desktop\StyleMind\stylemind-cnn-training-pipeline\data\processed_dataset\Skirt\skirt375.jpg,Skirt,solid,0.1978,fall,0.1654,0.0107,clip
C:\Users\Lenovo\Desktop\StyleMind\stylemind-cnn-training-pipeline\data\processed_dataset\Pants\pant314.jpg,Pants,solid,0.1513,all-season,0.1288,0.0036,low_confidence_fallback
C:\Users\Lenovo\Desktop\StyleMind\stylemind-cnn-training-pipeline\data\processed_dataset\Shorts\shorts326.jpg,Shorts,checkered,0.2538,summer,0.1955,0.0219,clip
C:\Users\Lenovo\Desktop\StyleMind\stylemind-cnn-training-pipeline\data\processed_dataset\Pants\pant230.jpg,Pants,graphic,0.2298,all-season,0.1908,0.0082,low_confidence_fallback
C:\Users\Lenovo\Desktop\StyleMind\stylemind-cnn-training-pipeline\data\processed_dataset\Shirt\shirt140.jpg,Shirt,checkered,0.2924,all-season,0.2061,0.0078,low_confidence_fallback
C:\Users\Lenovo\Desktop\StyleMind\stylemind-cnn-training-pipeline\data\processed_dataset\Shorts\shorts206.jpg,Shorts,solid,0.2408,summer,0.2036,0.0296,clip
C:\Users\Lenovo\Desktop\StyleMind\stylemind-cnn-training-pipeline\data\processed_dataset\Shorts\shorts058.jpg,Shorts,embroidered,0.1919,summer,0.1705,0.0297,clip
C:\Users\Lenovo\Desktop\StyleMind\stylemind-cnn-training-pipeline\data\processed_dataset\Jacket\jacket102.jpg,Jacket,solid,0.2361,all-season,0.2576,0.0026,low_confidence_fallback
C:\Users\Lenovo\Desktop\StyleMind\stylemind-cnn-training-pipeline\data\processed_dataset\Dress\dress252.jpg,Dress,solid,0.2422,all-season,0.1735,0.005,low_confidence_fallback
C:\Users\Lenovo\Desktop\StyleMind\stylemind-cnn-training-pipeline\data\processed_dataset\Top\top229.jpg,Top,floral,0.2636,summer,0.2432,0.0703,clip
C:\Users\Lenovo\Desktop\StyleMind\stylemind-cnn-training-pipeline\data\processed_dataset\Jacket\jacket421.jpg,Jacket,solid,0.262,fall,0.2504,0.0172,clip
C:\Users\Lenovo\Desktop\StyleMind\stylemind-cnn-training-pipeline\data\processed_dataset\Dress\dress230.jpg,Dress,solid,0.1994,summer,0.1654,0.0244,clip
C:\Users\Lenovo\Desktop\StyleMind\stylemind-cnn-training-pipeline\data\processed_dataset\Warmwear\winter365.jpg,Warmwear,graphic,0.2176,winter,0.2022,0.0124,clip
C:\Users\Lenovo\Desktop\StyleMind\stylemind-cnn-training-pipeline\data\processed_dataset\Shirt\shirt092.jpg,Shirt,solid,0.2509,all-season,0.2121,0.0039,low_confidence_fallback
C:\Users\Lenovo\Desktop\StyleMind\stylemind-cnn-training-pipeline\data\processed_dataset\Warmwear\winter172.jpg,Warmwear,solid,0.2208,winter,0.2296,0.0416,clip
C:\Users\Lenovo\Desktop\StyleMind\stylemind-cnn-training-pipeline\data\processed_dataset\Dress\dress339.jpg,Dress,pleated,0.204,summer,0.1851,0.0273,clip
C:\Users\Lenovo\Desktop\StyleMind\stylemind-cnn-training-pipeline\data\processed_dataset\Pants\pant212.jpg,Pants,checkered,0.2039,all-season,0.188,0.0088,low_confidence_fallback
C:\Users\Lenovo\Desktop\StyleMind\stylemind-cnn-training-pipeline\data\processed_dataset\Jacket\jacket205.jpg,Jacket,solid,0.1959,summer,0.2035,0.0181,clip
C:\Users\Lenovo\Desktop\StyleMind\stylemind-cnn-training-pipeline\data\processed_dataset\Shorts\shorts170.jpg,Shorts,solid,0.1954,summer,0.17,0.0407,clip
C:\Users\Lenovo\Desktop\StyleMind\stylemind-cnn-training-pipeline\data\processed_dataset\Skirt\skirt050.jpg,Skirt,pleated,0.2733,fall,0.1964,0.0103,clip
C:\Users\Lenovo\Desktop\StyleMind\stylemind-cnn-training-pipeline\data\processed_dataset\Top\top257.jpg,Top,graphic,0.1917,summer,0.1785,0.0725,clip
C:\Users\Lenovo\Desktop\StyleMind\stylemind-cnn-training-pipeline\data\processed_dataset\Skirt\skirt198.jpg,Skirt,solid,0.2375,summer,0.2414,0.0847,clip
C:\Users\Lenovo\Desktop\StyleMind\stylemind-cnn-training-pipeline\data\processed_dataset\Warmwear\winter189.jpg,Warmwear,solid,0.2504,all-season,0.2286,0.0021,low_confidence_fallback
C:\Users\Lenovo\Desktop\StyleMind\stylemind-cnn-training-pipeline\data\processed_dataset\Shorts\shorts043.jpg,Shorts,solid,0.1687,winter,0.1767,0.0389,clip
C:\Users\Lenovo\Desktop\StyleMind\stylemind-cnn-training-pipeline\data\processed_dataset\Dress\dress210.jpg,Dress,solid,0.2472,all-season,0.1961,0.0002,low_confidence_fallback
C:\Users\Lenovo\Desktop\StyleMind\stylemind-cnn-training-pipeline\data\processed_dataset\Pants\pant146.jpg,Pants,solid,0.2243,all-season,0.1982,0.0075,low_confidence_fallback
C:\Users\Lenovo\Desktop\StyleMind\stylemind-cnn-training-pipeline\data\processed_dataset\Jacket\jacket273.jpg,Jacket,solid,0.2203,all-season,0.2419,0.0039,low_confidence_fallback
C:\Users\Lenovo\Desktop\StyleMind\stylemind-cnn-training-pipeline\data\processed_dataset\Blazer\blazer158.jpg,Blazer,solid,0.193,fall,0.214,0.0404,clip
C:\Users\Lenovo\Desktop\StyleMind\stylemind-cnn-training-pipeline\data\processed_dataset\Dress\dress081.jpg,Dress,floral,0.2508,summer,0.2071,0.0371,clip
C:\Users\Lenovo\Desktop\StyleMind\stylemind-cnn-training-pipeline\data\processed_dataset\Shorts\shorts307.jpg,Shorts,solid,0.1982,all-season,0.1742,0.0014,low_confidence_fallback
C:\Users\Lenovo\Desktop\StyleMind\stylemind-cnn-training-pipeline\data\processed_dataset\Shorts\shorts246.jpg,Shorts,solid,0.1751,summer,0.1709,0.0497,clip
C:\Users\Lenovo\Desktop\StyleMind\stylemind-cnn-training-pipeline\data\processed_dataset\Jacket\jacket340.jpg,Jacket,solid,0.1918,winter,0.2207,0.03,clip
C:\Users\Lenovo\Desktop\StyleMind\stylemind-cnn-training-pipeline\data\processed_dataset\Dress\dress074.jpg,Dress,pleated,0.1696,summer,0.1259,0.0169,clip
C:\Users\Lenovo\Desktop\StyleMind\stylemind-cnn-training-pipeline\data\processed_dataset\Skirt\skirt408.jpg,Skirt,pleated,0.2593,fall,0.1685,0.0145,clip
C:\Users\Lenovo\Desktop\StyleMind\stylemind-cnn-training-pipeline\data\processed_dataset\Jacket\jacket354.jpg,Jacket,solid,0.1678,all-season,0.2426,0.0086,low_confidence_fallback
C:\Users\Lenovo\Desktop\StyleMind\stylemind-cnn-training-pipeline\data\processed_dataset\Shorts\shorts328.jpg,Shorts,solid,0.1542,all-season,0.1352,0.0064,low_confidence_fallback
C:\Users\Lenovo\Desktop\StyleMind\stylemind-cnn-training-pipeline\data\processed_dataset\Jacket\jacket139.jpg,Jacket,solid,0.1921,all-season,0.1996,0.0054,low_confidence_fallback
C:\Users\Lenovo\Desktop\StyleMind\stylemind-cnn-training-pipeline\data\processed_dataset\Warmwear\winter176.jpg,Warmwear,striped,0.2105,all-season,0.1903,0.0006,low_confidence_fallback
C:\Users\Lenovo\Desktop\StyleMind\stylemind-cnn-training-pipeline\data\processed_dataset\Formal_Pant\formal_pant344.jpg,Formal_Pant,solid,0.2192,all-season,0.1916,0.0084,low_confidence_fallback
C:\Users\Lenovo\Desktop\StyleMind\stylemind-cnn-training-pipeline\data\processed_dataset\Dress\dress200.jpg,Dress,embroidered,0.2215,summer,0.2247,0.0664,clip
C:\Users\Lenovo\Desktop\StyleMind\stylemind-cnn-training-pipeline\data\processed_dataset\Top\top093.jpg,Top,solid,0.2775,summer,0.2632,0.0748,clip
C:\Users\Lenovo\Desktop\StyleMind\stylemind-cnn-training-pipeline\data\processed_dataset\Skirt\skirt423.jpg,Skirt,pleated,0.2319,all-season,0.1778,0.0001,low_confidence_fallback
C:\Users\Lenovo\Desktop\StyleMind\stylemind-cnn-training-pipeline\data\processed_dataset\Pants\pant018.jpg,Pants,solid,0.2077,all-season,0.1761,0.0003,low_confidence_fallback
C:\Users\Lenovo\Desktop\StyleMind\stylemind-cnn-training-pipeline\data\processed_dataset\Formal_Pant\formal_pant016.jpg,Formal_Pant,solid,0.2116,fall,0.1662,0.0194,clip
C:\Users\Lenovo\Desktop\StyleMind\stylemind-cnn-training-pipeline\data\processed_dataset\Blazer\blazer114.jpg,Blazer,solid,0.2096,fall,0.2506,0.0391,clip
C:\Users\Lenovo\Desktop\StyleMind\stylemind-cnn-training-pipeline\data\processed_dataset\Shorts\shorts254.jpg,Shorts,solid,0.1896,summer,0.1544,0.022,clip
C:\Users\Lenovo\Desktop\StyleMind\stylemind-cnn-training-pipeline\data\processed_dataset\Blazer\blazer154.jpg,Blazer,embroidered,0.1854,fall,0.2064,0.0294,clip
C:\Users\Lenovo\Desktop\StyleMind\stylemind-cnn-training-pipeline\data\processed_dataset\Jacket\jacket192.jpg,Jacket,solid,0.1652,all-season,0.1596,0.0067,low_confidence_fallback
C:\Users\Lenovo\Desktop\StyleMind\stylemind-cnn-training-pipeline\data\processed_dataset\Top\top115.jpg,Top,solid,0.2381,summer,0.1683,0.0302,clip
C:\Users\Lenovo\Desktop\StyleMind\stylemind-cnn-training-pipeline\data\processed_dataset\Jacket\jacket179.jpg,Jacket,solid,0.2466,all-season,0.2156,0.0059,low_confidence_fallback
C:\Users\Lenovo\Desktop\StyleMind\stylemind-cnn-training-pipeline\data\processed_dataset\Shorts\shorts207.jpg,Shorts,solid,0.1778,summer,0.1592,0.0481,clip
C:\Users\Lenovo\Desktop\StyleMind\stylemind-cnn-training-pipeline\data\processed_dataset\Skirt\skirt318.jpg,Skirt,pleated,0.2187,summer,0.1881,0.0302,clip
C:\Users\Lenovo\Desktop\StyleMind\stylemind-cnn-training-pipeline\data\processed_dataset\Blazer\blazer124.jpg,Blazer,solid,0.2112,fall,0.2217,0.0475,clip
C:\Users\Lenovo\Desktop\StyleMind\stylemind-cnn-training-pipeline\data\processed_dataset\Top\top040.jpg,Top,solid,0.2271,summer,0.2361,0.0556,clip
C:\Users\Lenovo\Desktop\StyleMind\stylemind-cnn-training-pipeline\data\processed_dataset\Shorts\shorts166.jpg,Shorts,solid,0.2336,summer,0.2007,0.0205,clip
C:\Users\Lenovo\Desktop\StyleMind\stylemind-cnn-training-pipeline\data\processed_dataset\Formal_Pant\formal_pant143.jpg,Formal_Pant,solid,0.1629,all-season,0.1392,0.009,low_confidence_fallback
C:\Users\Lenovo\Desktop\StyleMind\stylemind-cnn-training-pipeline\data\processed_dataset\Top\top362.jpg,Top,solid,0.1972,summer,0.2099,0.0541,clip
C:\Users\Lenovo\Desktop\StyleMind\stylemind-cnn-training-pipeline\data\processed_dataset\Shirt\shirt055.jpg,Shirt,solid,0.2621,summer,0.2301,0.0222,clip
C:\Users\Lenovo\Desktop\StyleMind\stylemind-cnn-training-pipeline\data\processed_dataset\Blazer\blazer371.jpg,Blazer,solid,0.2068,fall,0.2241,0.0564,clip
C:\Users\Lenovo\Desktop\StyleMind\stylemind-cnn-training-pipeline\data\processed_dataset\Top\top290.jpg,Top,solid,0.1866,summer,0.2249,0.0899,clip
C:\Users\Lenovo\Desktop\StyleMind\stylemind-cnn-training-pipeline\data\processed_dataset\Warmwear\winter012.jpg,Warmwear,graphic,0.159,winter,0.1523,0.0176,clip
C:\Users\Lenovo\Desktop\StyleMind\stylemind-cnn-training-pipeline\data\processed_dataset\Blazer\blazer080.jpg,Blazer,solid,0.2314,fall,0.2259,0.0396,clip
C:\Users\Lenovo\Desktop\StyleMind\stylemind-cnn-training-pipeline\data\processed_dataset\Blazer\blazer378.jpg,Blazer,solid,0.1872,fall,0.1917,0.0345,clip
C:\Users\Lenovo\Desktop\StyleMind\stylemind-cnn-training-pipeline\data\processed_dataset\Blazer\blazer295.jpg,Blazer,striped,0.217,all-season,0.18,0.0065,low_confidence_fallback
C:\Users\Lenovo\Desktop\StyleMind\stylemind-cnn-training-pipeline\data\processed_dataset\Jacket\jacket319.jpg,Jacket,solid,0.2096,all-season,0.2198,0.0048,low_confidence_fallback
C:\Users\Lenovo\Desktop\StyleMind\stylemind-cnn-training-pipeline\data\processed_dataset\Warmwear\winter345.jpg,Warmwear,embroidered,0.205,all-season,0.2019,0.0024,low_confidence_fallback
C:\Users\Lenovo\Desktop\StyleMind\stylemind-cnn-training-pipeline\data\processed_dataset\Dress\dress372.jpg,Dress,pleated,0.2627,summer,0.2557,0.0725,clip
C:\Users\Lenovo\Desktop\StyleMind\stylemind-cnn-training-pipeline\data\processed_dataset\Warmwear\winter284.jpg,Warmwear,striped,0.2236,fall,0.2118,0.0181,clip
C:\Users\Lenovo\Desktop\StyleMind\stylemind-cnn-training-pipeline\data\processed_dataset\Pants\pant246.jpg,Pants,embroidered,0.1991,all-season,0.144,0.0015,low_confidence_fallback
C:\Users\Lenovo\Desktop\StyleMind\stylemind-cnn-training-pipeline\data\processed_dataset\Blazer\blazer348.jpg,Blazer,solid,0.1998,fall,0.2499,0.034,clip
C:\Users\Lenovo\Desktop\StyleMind\stylemind-cnn-training-pipeline\data\processed_dataset\Top\top344.jpg,Top,pleated,0.1976,summer,0.2167,0.0909,clip
C:\Users\Lenovo\Desktop\StyleMind\stylemind-cnn-training-pipeline\data\processed_dataset\Formal_Pant\formal_pant196.jpg,Formal_Pant,pleated,0.1932,all-season,0.1498,0.0076,low_confidence_fallback
C:\Users\Lenovo\Desktop\StyleMind\stylemind-cnn-training-pipeline\data\processed_dataset\Pants\pant068.jpg,Pants,solid,0.2179,summer,0.175,0.0136,clip
C:\Users\Lenovo\Desktop\StyleMind\stylemind-cnn-training-pipeline\data\processed_dataset\Pants\pant031.jpg,Pants,checkered,0.2403,winter,0.2028,0.0253,clip
C:\Users\Lenovo\Desktop\StyleMind\stylemind-cnn-training-pipeline\data\processed_dataset\Jacket\jacket446.jpg,Jacket,solid,0.2291,summer,0.2492,0.0144,clip
C:\Users\Lenovo\Desktop\StyleMind\stylemind-cnn-training-pipeline\data\processed_dataset\Pants\pant313.jpg,Pants,solid,0.213,summer,0.1886,0.0417,clip
C:\Users\Lenovo\Desktop\StyleMind\stylemind-cnn-training-pipeline\data\processed_dataset\Skirt\skirt027.jpg,Skirt,striped,0.2445,summer,0.1667,0.0249,clip
C:\Users\Lenovo\Desktop\StyleMind\stylemind-cnn-training-pipeline\data\processed_dataset\Jacket\jacket325.jpg,Jacket,solid,0.1907,all-season,0.1887,0.0083,low_confidence_fallback
C:\Users\Lenovo\Desktop\StyleMind\stylemind-cnn-training-pipeline\data\processed_dataset\Dress\dress112.jpg,Dress,pleated,0.2287,summer,0.2021,0.0409,clip
C:\Users\Lenovo\Desktop\StyleMind\stylemind-cnn-training-pipeline\data\processed_dataset\Warmwear\winter033.jpg,Warmwear,solid,0.2257,winter,0.226,0.0245,clip
C:\Users\Lenovo\Desktop\StyleMind\stylemind-cnn-training-pipeline\data\processed_dataset\Skirt\skirt172.jpg,Skirt,pleated,0.2108,all-season,0.1501,0.0034,low_confidence_fallback
C:\Users\Lenovo\Desktop\StyleMind\stylemind-cnn-training-pipeline\data\processed_dataset\Shorts\shorts046.jpg,Shorts,embroidered,0.2311,all-season,0.1513,0.0093,low_confidence_fallback
C:\Users\Lenovo\Desktop\StyleMind\stylemind-cnn-training-pipeline\data\processed_dataset\Shirt\shirt223.jpg,Shirt,solid,0.2393,all-season,0.202,0.0073,low_confidence_fallback
C:\Users\Lenovo\Desktop\StyleMind\stylemind-cnn-training-pipeline\data\processed_dataset\Shorts\shorts249.jpg,Shorts,solid,0.1991,summer,0.1779,0.0349,clip
C:\Users\Lenovo\Desktop\StyleMind\stylemind-cnn-training-pipeline\data\processed_dataset\Formal_Pant\formal_pant195.jpg,Formal_Pant,pleated,0.2393,summer,0.1955,0.0226,clip
C:\Users\Lenovo\Desktop\StyleMind\stylemind-cnn-training-pipeline\data\processed_dataset\Skirt\skirt078.jpg,Skirt,solid,0.2159,all-season,0.1788,0.0001,low_confidence_fallback
C:\Users\Lenovo\Desktop\StyleMind\stylemind-cnn-training-pipeline\data\processed_dataset\Warmwear\winter249.jpg,Warmwear,striped,0.2571,all-season,0.2024,0.0066,low_confidence_fallback
C:\Users\Lenovo\Desktop\StyleMind\stylemind-cnn-training-pipeline\data\processed_dataset\Warmwear\winter123.jpg,Warmwear,solid,0.2569,winter,0.2459,0.0107,clip
C:\Users\Lenovo\Desktop\StyleMind\stylemind-cnn-training-pipeline\data\processed_dataset\Skirt\skirt016.jpg,Skirt,checkered,0.2665,summer,0.2249,0.031,clip
C:\Users\Lenovo\Desktop\StyleMind\stylemind-cnn-training-pipeline\data\processed_dataset\Dress\dress161.jpg,Dress,floral,0.2308,summer,0.1749,0.0434,clip
C:\Users\Lenovo\Desktop\StyleMind\stylemind-cnn-training-pipeline\data\processed_dataset\Jacket\jacket365.jpg,Jacket,solid,0.2712,winter,0.2634,0.0284,clip
C:\Users\Lenovo\Desktop\StyleMind\stylemind-cnn-training-pipeline\data\processed_dataset\Shorts\shorts048.jpg,Shorts,embroidered,0.194,summer,0.1809,0.0397,clip
C:\Users\Lenovo\Desktop\StyleMind\stylemind-cnn-training-pipeline\data\processed_dataset\Skirt\skirt430.jpg,Skirt,floral,0.2201,summer,0.1811,0.0351,clip
C:\Users\Lenovo\Desktop\StyleMind\stylemind-cnn-training-pipeline\data\processed_dataset\Blazer\blazer224.jpg,Blazer,striped,0.2462,fall,0.1788,0.0216,clip
C:\Users\Lenovo\Desktop\StyleMind\stylemind-cnn-training-pipeline\data\processed_dataset\Skirt\skirt070.jpg,Skirt,solid,0.2051,fall,0.1722,0.0188,clip
C:\Users\Lenovo\Desktop\StyleMind\stylemind-cnn-training-pipeline\data\processed_dataset\Blazer\blazer370.jpg,Blazer,solid,0.2057,fall,0.215,0.036,clip
C:\Users\Lenovo\Desktop\StyleMind\stylemind-cnn-training-pipeline\data\processed_dataset\Shirt\shirt001.jpg,Shirt,striped,0.2675,summer,0.2336,0.095,clip
C:\Users\Lenovo\Desktop\StyleMind\stylemind-cnn-training-pipeline\data\processed_dataset\Top\top218.jpg,Top,solid,0.2443,summer,0.2538,0.0996,clip
C:\Users\Lenovo\Desktop\StyleMind\stylemind-cnn-training-pipeline\data\processed_dataset\Blazer\blazer169.jpg,Blazer,striped,0.2108,fall,0.2,0.0144,clip
C:\Users\Lenovo\Desktop\StyleMind\stylemind-cnn-training-pipeline\data\processed_dataset\Jacket\jacket338.jpg,Jacket,solid,0.1881,all-season,0.2331,0.0087,low_confidence_fallback
C:\Users\Lenovo\Desktop\StyleMind\stylemind-cnn-training-pipeline\data\processed_dataset\Jacket\jacket335.jpg,Jacket,solid,0.1441,winter,0.2097,0.034,clip
C:\Users\Lenovo\Desktop\StyleMind\stylemind-cnn-training-pipeline\data\processed_dataset\Shorts\shorts087.jpg,Shorts,solid,0.2386,summer,0.2291,0.0561,clip
C:\Users\Lenovo\Desktop\StyleMind\stylemind-cnn-training-pipeline\data\processed_dataset\Formal_Pant\formal_pant310.jpg,Formal_Pant,solid,0.2015,fall,0.1704,0.0143,clip
C:\Users\Lenovo\Desktop\StyleMind\stylemind-cnn-training-pipeline\data\processed_dataset\Pants\pant182.jpg,Pants,solid,0.1985,all-season,0.1674,0.0017,low_confidence_fallback
C:\Users\Lenovo\Desktop\StyleMind\stylemind-cnn-training-pipeline\data\processed_dataset\Shorts\shorts036.jpg,Shorts,floral,0.225,summer,0.1804,0.0493,clip
C:\Users\Lenovo\Desktop\StyleMind\stylemind-cnn-training-pipeline\data\processed_dataset\Dress\dress133.jpg,Dress,floral,0.223,summer,0.1723,0.0499,clip
C:\Users\Lenovo\Desktop\StyleMind\stylemind-cnn-training-pipeline\data\processed_dataset\Blazer\blazer436.jpg,Blazer,embroidered,0.2202,fall,0.2114,0.0272,clip
C:\Users\Lenovo\Desktop\StyleMind\stylemind-cnn-training-pipeline\data\processed_dataset\Skirt\skirt040.jpg,Skirt,pleated,0.23,summer,0.1858,0.0207,clip
C:\Users\Lenovo\Desktop\StyleMind\stylemind-cnn-training-pipeline\data\processed_dataset\Pants\pant415.jpg,Pants,solid,0.1947,summer,0.1593,0.0179,clip
C:\Users\Lenovo\Desktop\StyleMind\stylemind-cnn-training-pipeline\data\processed_dataset\Formal_Pant\formal_pant093.jpg,Formal_Pant,solid,0.2237,summer,0.2123,0.0251,clip
C:\Users\Lenovo\Desktop\StyleMind\stylemind-cnn-training-pipeline\data\processed_dataset\Jacket\jacket127.jpg,Jacket,solid,0.1894,all-season,0.1982,0.0065,low_confidence_fallback
C:\Users\Lenovo\Desktop\StyleMind\stylemind-cnn-training-pipeline\data\processed_dataset\Pants\pant296.jpg,Pants,solid,0.1972,all-season,0.1593,0.0017,low_confidence_fallback
C:\Users\Lenovo\Desktop\StyleMind\stylemind-cnn-training-pipeline\data\processed_dataset\Shorts\shorts359.jpg,Shorts,solid,0.1457,summer,0.1219,0.0182,clip
C:\Users\Lenovo\Desktop\StyleMind\stylemind-cnn-training-pipeline\data\processed_dataset\Skirt\skirt263.jpg,Skirt,checkered,0.2367,summer,0.1588,0.0181,clip
C:\Users\Lenovo\Desktop\StyleMind\stylemind-cnn-training-pipeline\data\processed_dataset\Blazer\blazer284.jpg,Blazer,solid,0.2071,fall,0.2439,0.0436,clip
C:\Users\Lenovo\Desktop\StyleMind\stylemind-cnn-training-pipeline\data\processed_dataset\Blazer\blazer036.jpg,Blazer,solid,0.1706,fall,0.1817,0.0309,clip
C:\Users\Lenovo\Desktop\StyleMind\stylemind-cnn-training-pipeline\data\processed_dataset\Top\top327.jpg,Top,solid,0.2013,summer,0.2164,0.0363,clip
C:\Users\Lenovo\Desktop\StyleMind\stylemind-cnn-training-pipeline\data\processed_dataset\Dress\dress313.jpg,Dress,solid,0.2139,summer,0.1869,0.0643,clip
C:\Users\Lenovo\Desktop\StyleMind\stylemind-cnn-training-pipeline\data\processed_dataset\Dress\dress346.jpg,Dress,solid,0.2077,summer,0.1606,0.0266,clip
C:\Users\Lenovo\Desktop\StyleMind\stylemind-cnn-training-pipeline\data\processed_dataset\Top\top309.jpg,Top,solid,0.2082,summer,0.2206,0.0592,clip
C:\Users\Lenovo\Desktop\StyleMind\stylemind-cnn-training-pipeline\data\processed_dataset\Skirt\skirt186.jpg,Skirt,solid,0.2171,fall,0.1694,0.0102,clip
C:\Users\Lenovo\Desktop\StyleMind\stylemind-cnn-training-pipeline\data\processed_dataset\Blazer\blazer347.jpg,Blazer,solid,0.1698,fall,0.2293,0.0283,clip
C:\Users\Lenovo\Desktop\StyleMind\stylemind-cnn-training-pipeline\data\processed_dataset\Formal_Pant\formal_pant045.jpg,Formal_Pant,striped,0.2031,all-season,0.1492,0.003,low_confidence_fallback
C:\Users\Lenovo\Desktop\StyleMind\stylemind-cnn-training-pipeline\data\processed_dataset\Top\top274.jpg,Top,floral,0.2695,summer,0.2255,0.0643,clip
C:\Users\Lenovo\Desktop\StyleMind\stylemind-cnn-training-pipeline\data\processed_dataset\Jacket\jacket347.jpg,Jacket,solid,0.2124,all-season,0.2263,0.0011,low_confidence_fallback
C:\Users\Lenovo\Desktop\StyleMind\stylemind-cnn-training-pipeline\data\processed_dataset\Dress\dress008.jpg,Dress,floral,0.2294,summer,0.1547,0.0561,clip
C:\Users\Lenovo\Desktop\StyleMind\stylemind-cnn-training-pipeline\data\processed_dataset\Shorts\shorts161.jpg,Shorts,solid,0.1847,summer,0.1561,0.0169,clip
C:\Users\Lenovo\Desktop\StyleMind\stylemind-cnn-training-pipeline\data\processed_dataset\Blazer\blazer068.jpg,Blazer,solid,0.2153,all-season,0.21,0.0076,low_confidence_fallback
C:\Users\Lenovo\Desktop\StyleMind\stylemind-cnn-training-pipeline\data\processed_dataset\Formal_Pant\formal_pant349.jpg,Formal_Pant,solid,0.2172,fall,0.177,0.015,clip
C:\Users\Lenovo\Desktop\StyleMind\stylemind-cnn-training-pipeline\data\processed_dataset\Pants\pant302.jpg,Pants,solid,0.2058,all-season,0.1681,0.0014,low_confidence_fallback
C:\Users\Lenovo\Desktop\StyleMind\stylemind-cnn-training-pipeline\data\processed_dataset\Jacket\jacket105.jpg,Jacket,solid,0.2088,winter,0.195,0.0179,clip
C:\Users\Lenovo\Desktop\StyleMind\stylemind-cnn-training-pipeline\data\processed_dataset\Top\top230.jpg,Top,pleated,0.2666,summer,0.2434,0.0508,clip
C:\Users\Lenovo\Desktop\StyleMind\stylemind-cnn-training-pipeline\data\processed_dataset\Jacket\jacket300.jpg,Jacket,solid,0.223,fall,0.2208,0.0231,clip
C:\Users\Lenovo\Desktop\StyleMind\stylemind-cnn-training-pipeline\data\processed_dataset\Formal_Pant\formal_pant368.jpg,Formal_Pant,checkered,0.2483,summer,0.1783,0.0203,clip
C:\Users\Lenovo\Desktop\StyleMind\stylemind-cnn-training-pipeline\data\processed_dataset\Warmwear\winter334.jpg,Warmwear,striped,0.2624,winter,0.2333,0.0137,clip
C:\Users\Lenovo\Desktop\StyleMind\stylemind-cnn-training-pipeline\data\processed_dataset\Shorts\shorts240.jpg,Shorts,solid,0.2124,summer,0.2046,0.0374,clip
C:\Users\Lenovo\Desktop\StyleMind\stylemind-cnn-training-pipeline\data\processed_dataset\Blazer\blazer130.jpg,Blazer,solid,0.2025,fall,0.2115,0.0203,clip
C:\Users\Lenovo\Desktop\StyleMind\stylemind-cnn-training-pipeline\data\processed_dataset\Shirt\shirt153.jpg,Shirt,solid,0.242,fall,0.2146,0.0348,clip
C:\Users\Lenovo\Desktop\StyleMind\stylemind-cnn-training-pipeline\data\processed_dataset\Jacket\jacket156.jpg,Jacket,solid,0.1904,winter,0.2541,0.0491,clip
C:\Users\Lenovo\Desktop\StyleMind\stylemind-cnn-training-pipeline\data\processed_dataset\Top\top062.jpg,Top,solid,0.2227,summer,0.2162,0.0556,clip
C:\Users\Lenovo\Desktop\StyleMind\stylemind-cnn-training-pipeline\data\processed_dataset\Shirt\shirt285.jpg,Shirt,solid,0.2739,summer,0.2301,0.0149,clip
C:\Users\Lenovo\Desktop\StyleMind\stylemind-cnn-training-pipeline\data\processed_dataset\Dress\dress397.jpg,Dress,solid,0.2091,summer,0.2023,0.0651,clip
C:\Users\Lenovo\Desktop\StyleMind\stylemind-cnn-training-pipeline\data\processed_dataset\Skirt\skirt407.jpg,Skirt,solid,0.231,summer,0.1865,0.0176,clip
C:\Users\Lenovo\Desktop\StyleMind\stylemind-cnn-training-pipeline\data\processed_dataset\Top\top098.jpg,Top,solid,0.2754,summer,0.2626,0.083,clip
C:\Users\Lenovo\Desktop\StyleMind\stylemind-cnn-training-pipeline\data\processed_dataset\Pants\pant142.jpg,Pants,solid,0.2242,summer,0.1836,0.0338,clip
C:\Users\Lenovo\Desktop\StyleMind\stylemind-cnn-training-pipeline\data\processed_dataset\Shorts\shorts074.jpg,Shorts,solid,0.16,summer,0.1643,0.038,clip
C:\Users\Lenovo\Desktop\StyleMind\stylemind-cnn-training-pipeline\data\processed_dataset\Shirt\shirt021.jpg,Shirt,solid,0.207,summer,0.1767,0.0524,clip
C:\Users\Lenovo\Desktop\StyleMind\stylemind-cnn-training-pipeline\data\processed_dataset\Skirt\skirt006.jpg,Skirt,pleated,0.2699,summer,0.1729,0.0204,clip
C:\Users\Lenovo\Desktop\StyleMind\stylemind-cnn-training-pipeline\data\processed_dataset\Pants\pant211.jpg,Pants,solid,0.1793,winter,0.188,0.0217,clip
C:\Users\Lenovo\Desktop\StyleMind\stylemind-cnn-training-pipeline\data\processed_dataset\Blazer\blazer315.jpg,Blazer,solid,0.2226,fall,0.232,0.0375,clip
C:\Users\Lenovo\Desktop\StyleMind\stylemind-cnn-training-pipeline\data\processed_dataset\Shirt\shirt334.jpg,Shirt,solid,0.2534,summer,0.251,0.0805,clip
C:\Users\Lenovo\Desktop\StyleMind\stylemind-cnn-training-pipeline\data\processed_dataset\Skirt\skirt103.jpg,Skirt,pleated,0.2324,all-season,0.174,0.0056,low_confidence_fallback
C:\Users\Lenovo\Desktop\StyleMind\stylemind-cnn-training-pipeline\data\processed_dataset\Blazer\blazer355.jpg,Blazer,solid,0.2229,fall,0.2214,0.0107,clip
C:\Users\Lenovo\Desktop\StyleMind\stylemind-cnn-training-pipeline\data\processed_dataset\Skirt\skirt365.jpg,Skirt,checkered,0.2228,fall,0.1782,0.0287,clip
C:\Users\Lenovo\Desktop\StyleMind\stylemind-cnn-training-pipeline\data\processed_dataset\Pants\pant286.jpg,Pants,solid,0.1711,all-season,0.1663,0.0068,low_confidence_fallback
C:\Users\Lenovo\Desktop\StyleMind\stylemind-cnn-training-pipeline\data\processed_dataset\Warmwear\winter173.jpg,Warmwear,solid,0.2213,winter,0.2263,0.0222,clip
C:\Users\Lenovo\Desktop\StyleMind\stylemind-cnn-training-pipeline\data\processed_dataset\Formal_Pant\formal_pant096.jpg,Formal_Pant,pleated,0.2191,fall,0.1833,0.0134,clip
C:\Users\Lenovo\Desktop\StyleMind\stylemind-cnn-training-pipeline\data\processed_dataset\Skirt\skirt002.jpg,Skirt,floral,0.2405,summer,0.1742,0.0542,clip
C:\Users\Lenovo\Desktop\StyleMind\stylemind-cnn-training-pipeline\data\processed_dataset\Skirt\skirt238.jpg,Skirt,checkered,0.2604,all-season,0.1792,0.0018,low_confidence_fallback
C:\Users\Lenovo\Desktop\StyleMind\stylemind-cnn-training-pipeline\data\processed_dataset\Top\top053.jpg,Top,solid,0.2102,summer,0.2114,0.0658,clip
C:\Users\Lenovo\Desktop\StyleMind\stylemind-cnn-training-pipeline\data\processed_dataset\Skirt\skirt111.jpg,Skirt,solid,0.2254,fall,0.1854,0.0224,clip
C:\Users\Lenovo\Desktop\StyleMind\stylemind-cnn-training-pipeline\data\processed_dataset\Skirt\skirt020.jpg,Skirt,pleated,0.2688,summer,0.2084,0.0251,clip
C:\Users\Lenovo\Desktop\StyleMind\stylemind-cnn-training-pipeline\data\processed_dataset\Warmwear\winter040.jpg,Warmwear,solid,0.2366,winter,0.2275,0.0182,clip
C:\Users\Lenovo\Desktop\StyleMind\stylemind-cnn-training-pipeline\data\processed_dataset\Top\top148.jpg,Top,graphic,0.2378,summer,0.1695,0.0329,clip
C:\Users\Lenovo\Desktop\StyleMind\stylemind-cnn-training-pipeline\data\processed_dataset\Top\top180.jpg,Top,solid,0.2367,summer,0.2103,0.043,clip
C:\Users\Lenovo\Desktop\StyleMind\stylemind-cnn-training-pipeline\data\processed_dataset\Jacket\jacket107.jpg,Jacket,solid,0.2138,fall,0.2398,0.0496,clip
C:\Users\Lenovo\Desktop\StyleMind\stylemind-cnn-training-pipeline\data\processed_dataset\Warmwear\winter221.jpg,Warmwear,striped,0.2165,winter,0.2179,0.0122,clip
C:\Users\Lenovo\Desktop\StyleMind\stylemind-cnn-training-pipeline\data\processed_dataset\Dress\dress169.jpg,Dress,floral,0.2216,summer,0.2143,0.0659,clip
C:\Users\Lenovo\Desktop\StyleMind\stylemind-cnn-training-pipeline\data\processed_dataset\Warmwear\winter095.jpg,Warmwear,striped,0.2001,summer,0.1884,0.0111,clip
C:\Users\Lenovo\Desktop\StyleMind\stylemind-cnn-training-pipeline\data\processed_dataset\Shorts\shorts270.jpg,Shorts,embroidered,0.1962,summer,0.2157,0.0594,clip
C:\Users\Lenovo\Desktop\StyleMind\stylemind-cnn-training-pipeline\data\processed_dataset\Jacket\jacket412.jpg,Jacket,solid,0.2086,all-season,0.2439,0.0088,low_confidence_fallback
C:\Users\Lenovo\Desktop\StyleMind\stylemind-cnn-training-pipeline\data\processed_dataset\Blazer\blazer116.jpg,Blazer,solid,0.2298,fall,0.257,0.05,clip
C:\Users\Lenovo\Desktop\StyleMind\stylemind-cnn-training-pipeline\data\processed_dataset\Blazer\blazer276.jpg,Blazer,checkered,0.2064,fall,0.2324,0.0384,clip
C:\Users\Lenovo\Desktop\StyleMind\stylemind-cnn-training-pipeline\data\processed_dataset\Shirt\shirt371.jpg,Shirt,solid,0.2615,fall,0.2158,0.0188,clip
C:\Users\Lenovo\Desktop\StyleMind\stylemind-cnn-training-pipeline\data\processed_dataset\Top\top226.jpg,Top,solid,0.2744,summer,0.247,0.0546,clip
C:\Users\Lenovo\Desktop\StyleMind\stylemind-cnn-training-pipeline\data\processed_dataset\Shorts\shorts426.jpg,Shorts,solid,0.2095,summer,0.1965,0.0369,clip
C:\Users\Lenovo\Desktop\StyleMind\stylemind-cnn-training-pipeline\data\processed_dataset\Warmwear\winter198.jpg,Warmwear,solid,0.182,winter,0.1831,0.0232,clip
C:\Users\Lenovo\Desktop\StyleMind\stylemind-cnn-training-pipeline\data\processed_dataset\Jacket\jacket142.jpg,Jacket,solid,0.1816,winter,0.1922,0.032,clip
C:\Users\Lenovo\Desktop\StyleMind\stylemind-cnn-training-pipeline\data\processed_dataset\Pants\pant017.jpg,Pants,pleated,0.2079,all-season,0.1777,0.0072,low_confidence_fallback
C:\Users\Lenovo\Desktop\StyleMind\stylemind-cnn-training-pipeline\data\processed_dataset\Blazer\blazer428.jpg,Blazer,solid,0.2241,fall,0.2243,0.0542,clip
C:\Users\Lenovo\Desktop\StyleMind\stylemind-cnn-training-pipeline\data\processed_dataset\Jacket\jacket185.jpg,Jacket,solid,0.2239,winter,0.2611,0.0199,clip
C:\Users\Lenovo\Desktop\StyleMind\stylemind-cnn-training-pipeline\data\processed_dataset\Formal_Pant\formal_pant380.jpg,Formal_Pant,solid,0.164,fall,0.1403,0.0102,clip
C:\Users\Lenovo\Desktop\StyleMind\stylemind-cnn-training-pipeline\data\processed_dataset\Formal_Pant\formal_pant373.jpg,Formal_Pant,solid,0.205,all-season,0.1629,0.0054,low_confidence_fallback
C:\Users\Lenovo\Desktop\StyleMind\stylemind-cnn-training-pipeline\data\processed_dataset\Skirt\skirt112.jpg,Skirt,solid,0.2295,fall,0.1813,0.0102,clip
C:\Users\Lenovo\Desktop\StyleMind\stylemind-cnn-training-pipeline\data\processed_dataset\Top\top320.jpg,Top,checkered,0.252,summer,0.2157,0.0834,clip
C:\Users\Lenovo\Desktop\StyleMind\stylemind-cnn-training-pipeline\data\processed_dataset\Blazer\blazer182.jpg,Blazer,checkered,0.2129,fall,0.2414,0.0473,clip
C:\Users\Lenovo\Desktop\StyleMind\stylemind-cnn-training-pipeline\data\processed_dataset\Shirt\shirt270.jpg,Shirt,checkered,0.2359,summer,0.2014,0.0689,clip
C:\Users\Lenovo\Desktop\StyleMind\stylemind-cnn-training-pipeline\data\processed_dataset\Blazer\blazer339.jpg,Blazer,solid,0.2338,fall,0.2432,0.0238,clip
C:\Users\Lenovo\Desktop\StyleMind\stylemind-cnn-training-pipeline\data\processed_dataset\Pants\pant013.jpg,Pants,checkered,0.2513,all-season,0.1858,0.0048,low_confidence_fallback
C:\Users\Lenovo\Desktop\StyleMind\stylemind-cnn-training-pipeline\data\processed_dataset\Formal_Pant\formal_pant114.jpg,Formal_Pant,solid,0.1872,summer,0.157,0.0101,clip
C:\Users\Lenovo\Desktop\StyleMind\stylemind-cnn-training-pipeline\data\processed_dataset\Blazer\blazer308.jpg,Blazer,solid,0.1866,fall,0.238,0.0209,clip
C:\Users\Lenovo\Desktop\StyleMind\stylemind-cnn-training-pipeline\data\processed_dataset\Pants\pant374.jpg,Pants,solid,0.21,fall,0.2009,0.0187,clip
C:\Users\Lenovo\Desktop\StyleMind\stylemind-cnn-training-pipeline\data\processed_dataset\Pants\pant028.jpg,Pants,checkered,0.2527,fall,0.1677,0.0115,clip
C:\Users\Lenovo\Desktop\StyleMind\stylemind-cnn-training-pipeline\data\processed_dataset\Shirt\shirt257.jpg,Shirt,striped,0.2614,all-season,0.2193,0.0026,low_confidence_fallback
C:\Users\Lenovo\Desktop\StyleMind\stylemind-cnn-training-pipeline\data\processed_dataset\Shorts\shorts447.jpg,Shorts,striped,0.2613,summer,0.204,0.0272,clip
C:\Users\Lenovo\Desktop\StyleMind\stylemind-cnn-training-pipeline\data\processed_dataset\Skirt\skirt436.jpg,Skirt,pleated,0.2286,summer,0.2045,0.0296,clip
C:\Users\Lenovo\Desktop\StyleMind\stylemind-cnn-training-pipeline\data\processed_dataset\Jacket\jacket163.jpg,Jacket,solid,0.2649,all-season,0.2277,0.0049,low_confidence_fallback
C:\Users\Lenovo\Desktop\StyleMind\stylemind-cnn-training-pipeline\data\processed_dataset\Formal_Pant\formal_pant136.jpg,Formal_Pant,solid,0.2075,summer,0.1648,0.0111,clip
C:\Users\Lenovo\Desktop\StyleMind\stylemind-cnn-training-pipeline\data\processed_dataset\Formal_Pant\formal_pant369.jpg,Formal_Pant,checkered,0.2196,all-season,0.1929,0.0024,low_confidence_fallback
C:\Users\Lenovo\Desktop\StyleMind\stylemind-cnn-training-pipeline\data\processed_dataset\Blazer\blazer230.jpg,Blazer,striped,0.2522,fall,0.2104,0.0156,clip
C:\Users\Lenovo\Desktop\StyleMind\stylemind-cnn-training-pipeline\data\processed_dataset\Pants\pant390.jpg,Pants,solid,0.2186,all-season,0.1864,0.0078,low_confidence_fallback
C:\Users\Lenovo\Desktop\StyleMind\stylemind-cnn-training-pipeline\data\processed_dataset\Shirt\shirt023.jpg,Shirt,solid,0.2564,summer,0.216,0.0136,clip
C:\Users\Lenovo\Desktop\StyleMind\stylemind-cnn-training-pipeline\data\processed_dataset\Pants\pant167.jpg,Pants,solid,0.1985,fall,0.1718,0.0149,clip
C:\Users\Lenovo\Desktop\StyleMind\stylemind-cnn-training-pipeline\data\processed_dataset\Dress\dress085.jpg,Dress,floral,0.2434,summer,0.1745,0.051,clip
C:\Users\Lenovo\Desktop\StyleMind\stylemind-cnn-training-pipeline\data\processed_dataset\Skirt\skirt332.jpg,Skirt,solid,0.2094,fall,0.1882,0.0143,clip
C:\Users\Lenovo\Desktop\StyleMind\stylemind-cnn-training-pipeline\data\processed_dataset\Warmwear\winter361.jpg,Warmwear,solid,0.1809,winter,0.2006,0.0365,clip
C:\Users\Lenovo\Desktop\StyleMind\stylemind-cnn-training-pipeline\data\processed_dataset\Dress\dress032.jpg,Dress,floral,0.242,summer,0.2199,0.1054,clip
C:\Users\Lenovo\Desktop\StyleMind\stylemind-cnn-training-pipeline\data\processed_dataset\Skirt\skirt410.jpg,Skirt,pleated,0.2285,summer,0.1968,0.0378,clip
C:\Users\Lenovo\Desktop\StyleMind\stylemind-cnn-training-pipeline\data\processed_dataset\Formal_Pant\formal_pant343.jpg,Formal_Pant,solid,0.2119,all-season,0.1661,0.0086,low_confidence_fallback
C:\Users\Lenovo\Desktop\StyleMind\stylemind-cnn-training-pipeline\data\processed_dataset\Shorts\shorts182.jpg,Shorts,solid,0.1575,summer,0.1674,0.0378,clip
C:\Users\Lenovo\Desktop\StyleMind\stylemind-cnn-training-pipeline\data\processed_dataset\Pants\pant035.jpg,Pants,striped,0.2265,summer,0.1617,0.0287,clip
C:\Users\Lenovo\Desktop\StyleMind\stylemind-cnn-training-pipeline\data\processed_dataset\Jacket\jacket094.jpg,Jacket,solid,0.1898,winter,0.2065,0.0165,clip
C:\Users\Lenovo\Desktop\StyleMind\stylemind-cnn-training-pipeline\data\processed_dataset\Shorts\shorts263.jpg,Shorts,solid,0.1562,summer,0.145,0.0477,clip
C:\Users\Lenovo\Desktop\StyleMind\stylemind-cnn-training-pipeline\data\processed_dataset\Jacket\jacket013.jpg,Jacket,solid,0.2226,all-season,0.2145,0.0043,low_confidence_fallback
C:\Users\Lenovo\Desktop\StyleMind\stylemind-cnn-training-pipeline\data\processed_dataset\Warmwear\winter024.jpg,Warmwear,solid,0.2161,winter,0.1973,0.0182,clip
C:\Users\Lenovo\Desktop\StyleMind\stylemind-cnn-training-pipeline\data\processed_dataset\Formal_Pant\formal_pant367.jpg,Formal_Pant,solid,0.2117,fall,0.1857,0.0236,clip
C:\Users\Lenovo\Desktop\StyleMind\stylemind-cnn-training-pipeline\data\processed_dataset\Shirt\shirt187.jpg,Shirt,solid,0.2523,summer,0.2242,0.0751,clip
C:\Users\Lenovo\Desktop\StyleMind\stylemind-cnn-training-pipeline\data\processed_dataset\Jacket\jacket366.jpg,Jacket,solid,0.1968,winter,0.2496,0.0298,clip
C:\Users\Lenovo\Desktop\StyleMind\stylemind-cnn-training-pipeline\data\processed_dataset\Formal_Pant\formal_pant166.jpg,Formal_Pant,solid,0.2087,all-season,0.1735,0.0056,low_confidence_fallback
C:\Users\Lenovo\Desktop\StyleMind\stylemind-cnn-training-pipeline\data\processed_dataset\Skirt\skirt256.jpg,Skirt,pleated,0.2734,summer,0.2162,0.0275,clip
C:\Users\Lenovo\Desktop\StyleMind\stylemind-cnn-training-pipeline\data\processed_dataset\Dress\dress111.jpg,Dress,embroidered,0.2123,summer,0.2118,0.0605,clip
C:\Users\Lenovo\Desktop\StyleMind\stylemind-cnn-training-pipeline\data\processed_dataset\Formal_Pant\formal_pant329.jpg,Formal_Pant,solid,0.2123,all-season,0.1649,0.0024,low_confidence_fallback
C:\Users\Lenovo\Desktop\StyleMind\stylemind-cnn-training-pipeline\data\processed_dataset\Warmwear\winter002.jpg,Warmwear,solid,0.2087,winter,0.1808,0.0177,clip
C:\Users\Lenovo\Desktop\StyleMind\stylemind-cnn-training-pipeline\data\processed_dataset\Pants\pant244.jpg,Pants,solid,0.2161,fall,0.1745,0.0118,clip
C:\Users\Lenovo\Desktop\StyleMind\stylemind-cnn-training-pipeline\data\processed_dataset\Pants\pant398.jpg,Pants,embroidered,0.181,all-season,0.1319,0.0027,low_confidence_fallback
C:\Users\Lenovo\Desktop\StyleMind\stylemind-cnn-training-pipeline\data\processed_dataset\Shirt\shirt272.jpg,Shirt,checkered,0.2217,summer,0.188,0.0542,clip
C:\Users\Lenovo\Desktop\StyleMind\stylemind-cnn-training-pipeline\data\processed_dataset\Shorts\shorts244.jpg,Shorts,solid,0.2018,all-season,0.1682,0.0065,low_confidence_fallback
C:\Users\Lenovo\Desktop\StyleMind\stylemind-cnn-training-pipeline\data\processed_dataset\Warmwear\winter219.jpg,Warmwear,embroidered,0.2218,winter,0.1866,0.0271,clip
C:\Users\Lenovo\Desktop\StyleMind\stylemind-cnn-training-pipeline\data\processed_dataset\Skirt\skirt126.jpg,Skirt,pleated,0.2611,summer,0.2317,0.0442,clip
C:\Users\Lenovo\Desktop\StyleMind\stylemind-cnn-training-pipeline\data\processed_dataset\Shorts\shorts099.jpg,Shorts,solid,0.169,summer,0.1578,0.0307,clip
C:\Users\Lenovo\Desktop\StyleMind\stylemind-cnn-training-pipeline\data\processed_dataset\Jacket\jacket394.jpg,Jacket,solid,0.2375,fall,0.2102,0.0111,clip
C:\Users\Lenovo\Desktop\StyleMind\stylemind-cnn-training-pipeline\data\processed_dataset\Shirt\shirt227.jpg,Shirt,solid,0.2226,all-season,0.1915,0.005,low_confidence_fallback
C:\Users\Lenovo\Desktop\StyleMind\stylemind-cnn-training-pipeline\data\processed_dataset\Top\top077.jpg,Top,solid,0.2251,all-season,0.2038,0.0093,low_confidence_fallback
C:\Users\Lenovo\Desktop\StyleMind\stylemind-cnn-training-pipeline\data\processed_dataset\Shorts\shorts080.jpg,Shorts,solid,0.1908,summer,0.192,0.0637,clip
C:\Users\Lenovo\Desktop\StyleMind\stylemind-cnn-training-pipeline\data\processed_dataset\Jacket\jacket162.jpg,Jacket,solid,0.2241,winter,0.2806,0.0551,clip
C:\Users\Lenovo\Desktop\StyleMind\stylemind-cnn-training-pipeline\data\processed_dataset\Skirt\skirt439.jpg,Skirt,striped,0.2159,summer,0.1556,0.0141,clip
C:\Users\Lenovo\Desktop\StyleMind\stylemind-cnn-training-pipeline\data\processed_dataset\Jacket\jacket248.jpg,Jacket,solid,0.2096,winter,0.2452,0.0469,clip
C:\Users\Lenovo\Desktop\StyleMind\stylemind-cnn-training-pipeline\data\processed_dataset\Formal_Pant\formal_pant108.jpg,Formal_Pant,solid,0.2003,fall,0.168,0.0118,clip
C:\Users\Lenovo\Desktop\StyleMind\stylemind-cnn-training-pipeline\data\processed_dataset\Skirt\skirt012.jpg,Skirt,checkered,0.2777,fall,0.2123,0.0163,clip
C:\Users\Lenovo\Desktop\StyleMind\stylemind-cnn-training-pipeline\data\processed_dataset\Shirt\shirt099.jpg,Shirt,solid,0.2677,summer,0.2088,0.0242,clip
C:\Users\Lenovo\Desktop\StyleMind\stylemind-cnn-training-pipeline\data\processed_dataset\Dress\dress116.jpg,Dress,pleated,0.1979,summer,0.188,0.056,clip
C:\Users\Lenovo\Desktop\StyleMind\stylemind-cnn-training-pipeline\data\processed_dataset\Dress\dress026.jpg,Dress,pleated,0.226,summer,0.2128,0.0661,clip
C:\Users\Lenovo\Desktop\StyleMind\stylemind-cnn-training-pipeline\data\processed_dataset\Formal_Pant\formal_pant288.jpg,Formal_Pant,solid,0.1868,all-season,0.1454,0.0022,low_confidence_fallback
C:\Users\Lenovo\Desktop\StyleMind\stylemind-cnn-training-pipeline\data\processed_dataset\Blazer\blazer120.jpg,Blazer,solid,0.202,fall,0.2474,0.0336,clip
C:\Users\Lenovo\Desktop\StyleMind\stylemind-cnn-training-pipeline\data\processed_dataset\Pants\pant047.jpg,Pants,solid,0.2092,winter,0.2285,0.0549,clip
C:\Users\Lenovo\Desktop\StyleMind\stylemind-cnn-training-pipeline\data\processed_dataset\Shorts\shorts130.jpg,Shorts,solid,0.1729,all-season,0.147,0.0005,low_confidence_fallback
C:\Users\Lenovo\Desktop\StyleMind\stylemind-cnn-training-pipeline\data\processed_dataset\Shirt\shirt168.jpg,Shirt,striped,0.2854,summer,0.2555,0.031,clip
C:\Users\Lenovo\Desktop\StyleMind\stylemind-cnn-training-pipeline\data\processed_dataset\Dress\dress005.jpg,Dress,embroidered,0.189,summer,0.2034,0.0872,clip
C:\Users\Lenovo\Desktop\StyleMind\stylemind-cnn-training-pipeline\data\processed_dataset\Dress\dress281.jpg,Dress,pleated,0.2657,all-season,0.1994,0.0033,low_confidence_fallback
C:\Users\Lenovo\Desktop\StyleMind\stylemind-cnn-training-pipeline\data\processed_dataset\Warmwear\winter196.jpg,Warmwear,graphic,0.1739,winter,0.161,0.0194,clip
C:\Users\Lenovo\Desktop\StyleMind\stylemind-cnn-training-pipeline\data\processed_dataset\Pants\pant335.jpg,Pants,solid,0.2092,all-season,0.1599,0.0061,low_confidence_fallback
C:\Users\Lenovo\Desktop\StyleMind\stylemind-cnn-training-pipeline\data\processed_dataset\Jacket\jacket138.jpg,Jacket,solid,0.2377,all-season,0.2223,0.0096,low_confidence_fallback
C:\Users\Lenovo\Desktop\StyleMind\stylemind-cnn-training-pipeline\data\processed_dataset\Top\top150.jpg,Top,solid,0.2161,summer,0.1997,0.0193,clip
C:\Users\Lenovo\Desktop\StyleMind\stylemind-cnn-training-pipeline\data\processed_dataset\Pants\pant356.jpg,Pants,solid,0.2089,all-season,0.1529,0.0063,low_confidence_fallback
C:\Users\Lenovo\Desktop\StyleMind\stylemind-cnn-training-pipeline\data\processed_dataset\Pants\pant150.jpg,Pants,solid,0.226,summer,0.215,0.0296,clip
C:\Users\Lenovo\Desktop\StyleMind\stylemind-cnn-training-pipeline\data\processed_dataset\Formal_Pant\formal_pant296.jpg,Formal_Pant,solid,0.1845,summer,0.1569,0.0194,clip
C:\Users\Lenovo\Desktop\StyleMind\stylemind-cnn-training-pipeline\data\processed_dataset\Warmwear\winter280.jpg,Warmwear,checkered,0.241,fall,0.2257,0.027,clip
C:\Users\Lenovo\Desktop\StyleMind\stylemind-cnn-training-pipeline\data\processed_dataset\Pants\pant311.jpg,Pants,solid,0.2051,all-season,0.1693,0.0011,low_confidence_fallback
C:\Users\Lenovo\Desktop\StyleMind\stylemind-cnn-training-pipeline\data\processed_dataset\Jacket\jacket344.jpg,Jacket,solid,0.18,winter,0.2301,0.0285,clip
C:\Users\Lenovo\Desktop\StyleMind\stylemind-cnn-training-pipeline\data\processed_dataset\Warmwear\winter234.jpg,Warmwear,embroidered,0.2251,winter,0.2259,0.0105,clip
C:\Users\Lenovo\Desktop\StyleMind\stylemind-cnn-training-pipeline\data\processed_dataset\Blazer\blazer095.jpg,Blazer,checkered,0.2059,fall,0.2227,0.0143,clip
C:\Users\Lenovo\Desktop\StyleMind\stylemind-cnn-training-pipeline\data\processed_dataset\Top\top331.jpg,Top,solid,0.2042,summer,0.202,0.0326,clip
C:\Users\Lenovo\Desktop\StyleMind\stylemind-cnn-training-pipeline\data\processed_dataset\Jacket\jacket290.jpg,Jacket,solid,0.2578,summer,0.2294,0.0156,clip
C:\Users\Lenovo\Desktop\StyleMind\stylemind-cnn-training-pipeline\data\processed_dataset\Shirt\shirt366.jpg,Shirt,striped,0.265,fall,0.2145,0.0161,clip
C:\Users\Lenovo\Desktop\StyleMind\stylemind-cnn-training-pipeline\data\processed_dataset\Warmwear\winter329.jpg,Warmwear,solid,0.2291,all-season,0.2338,0.0031,low_confidence_fallback
C:\Users\Lenovo\Desktop\StyleMind\stylemind-cnn-training-pipeline\data\processed_dataset\Skirt\skirt243.jpg,Skirt,floral,0.2281,summer,0.1806,0.0166,clip
C:\Users\Lenovo\Desktop\StyleMind\stylemind-cnn-training-pipeline\data\processed_dataset\Top\top014.jpg,Top,solid,0.2305,summer,0.2237,0.0629,clip
C:\Users\Lenovo\Desktop\StyleMind\stylemind-cnn-training-pipeline\data\processed_dataset\Shirt\shirt381.jpg,Shirt,solid,0.2699,fall,0.2491,0.0256,clip
C:\Users\Lenovo\Desktop\StyleMind\stylemind-cnn-training-pipeline\data\processed_dataset\Shirt\shirt018.jpg,Shirt,striped,0.2637,fall,0.1935,0.0169,clip
C:\Users\Lenovo\Desktop\StyleMind\stylemind-cnn-training-pipeline\data\processed_dataset\Blazer\blazer251.jpg,Blazer,embroidered,0.2056,fall,0.1837,0.0266,clip
C:\Users\Lenovo\Desktop\StyleMind\stylemind-cnn-training-pipeline\data\processed_dataset\Blazer\blazer146.jpg,Blazer,checkered,0.2361,all-season,0.2134,0.0091,low_confidence_fallback
C:\Users\Lenovo\Desktop\StyleMind\stylemind-cnn-training-pipeline\data\processed_dataset\Blazer\blazer419.jpg,Blazer,solid,0.2019,fall,0.2073,0.0119,clip
C:\Users\Lenovo\Desktop\StyleMind\stylemind-cnn-training-pipeline\data\processed_dataset\Skirt\skirt361.jpg,Skirt,pleated,0.2707,all-season,0.1851,0.0054,low_confidence_fallback
C:\Users\Lenovo\Desktop\StyleMind\stylemind-cnn-training-pipeline\data\processed_dataset\Formal_Pant\formal_pant123.jpg,Formal_Pant,striped,0.2202,all-season,0.178,0.001,low_confidence_fallback
C:\Users\Lenovo\Desktop\StyleMind\stylemind-cnn-training-pipeline\data\processed_dataset\Blazer\blazer008.jpg,Blazer,checkered,0.2048,fall,0.2244,0.0562,clip
C:\Users\Lenovo\Desktop\StyleMind\stylemind-cnn-training-pipeline\data\processed_dataset\Top\top128.jpg,Top,solid,0.1936,summer,0.2161,0.0849,clip
C:\Users\Lenovo\Desktop\StyleMind\stylemind-cnn-training-pipeline\data\processed_dataset\Formal_Pant\formal_pant205.jpg,Formal_Pant,solid,0.2017,all-season,0.1565,0.0007,low_confidence_fallback
C:\Users\Lenovo\Desktop\StyleMind\stylemind-cnn-training-pipeline\data\processed_dataset\Pants\pant388.jpg,Pants,solid,0.1877,winter,0.1955,0.0402,clip
C:\Users\Lenovo\Desktop\StyleMind\stylemind-cnn-training-pipeline\data\processed_dataset\Pants\pant081.jpg,Pants,solid,0.214,all-season,0.1785,0.001,low_confidence_fallback
C:\Users\Lenovo\Desktop\StyleMind\stylemind-cnn-training-pipeline\data\processed_dataset\Blazer\blazer123.jpg,Blazer,solid,0.1996,fall,0.2546,0.0551,clip
C:\Users\Lenovo\Desktop\StyleMind\stylemind-cnn-training-pipeline\data\processed_dataset\Shorts\shorts340.jpg,Shorts,graphic,0.1949,summer,0.1958,0.05,clip
C:\Users\Lenovo\Desktop\StyleMind\stylemind-cnn-training-pipeline\data\processed_dataset\Pants\pant294.jpg,Pants,solid,0.2367,summer,0.2183,0.0311,clip
C:\Users\Lenovo\Desktop\StyleMind\stylemind-cnn-training-pipeline\data\processed_dataset\Top\top060.jpg,Top,solid,0.2542,summer,0.2366,0.0692,clip
C:\Users\Lenovo\Desktop\StyleMind\stylemind-cnn-training-pipeline\data\processed_dataset\Shorts\shorts152.jpg,Shorts,solid,0.1812,all-season,0.1479,0.0009,low_confidence_fallback
C:\Users\Lenovo\Desktop\StyleMind\stylemind-cnn-training-pipeline\data\processed_dataset\Top\top399.jpg,Top,solid,0.1992,all-season,0.1398,0.0006,low_confidence_fallback
C:\Users\Lenovo\Desktop\StyleMind\stylemind-cnn-training-pipeline\data\processed_dataset\Pants\pant403.jpg,Pants,solid,0.2004,all-season,0.1615,0.004,low_confidence_fallback
C:\Users\Lenovo\Desktop\StyleMind\stylemind-cnn-training-pipeline\data\processed_dataset\Shorts\shorts330.jpg,Shorts,solid,0.1871,summer,0.1632,0.0178,clip
C:\Users\Lenovo\Desktop\StyleMind\stylemind-cnn-training-pipeline\data\processed_dataset\Skirt\skirt262.jpg,Skirt,checkered,0.2301,summer,0.1827,0.0246,clip
C:\Users\Lenovo\Desktop\StyleMind\stylemind-cnn-training-pipeline\data\processed_dataset\Warmwear\winter203.jpg,Warmwear,solid,0.2062,fall,0.2025,0.0128,clip
C:\Users\Lenovo\Desktop\StyleMind\stylemind-cnn-training-pipeline\data\processed_dataset\Formal_Pant\formal_pant157.jpg,Formal_Pant,solid,0.1891,all-season,0.1666,0.0075,low_confidence_fallback
C:\Users\Lenovo\Desktop\StyleMind\stylemind-cnn-training-pipeline\data\processed_dataset\Shorts\shorts006.jpg,Shorts,checkered,0.2007,summer,0.136,0.0109,clip
C:\Users\Lenovo\Desktop\StyleMind\stylemind-cnn-training-pipeline\data\processed_dataset\Skirt\skirt194.jpg,Skirt,pleated,0.1835,summer,0.1588,0.0181,clip
C:\Users\Lenovo\Desktop\StyleMind\stylemind-cnn-training-pipeline\data\processed_dataset\Dress\dress294.jpg,Dress,pleated,0.2232,summer,0.1953,0.0422,clip
C:\Users\Lenovo\Desktop\StyleMind\stylemind-cnn-training-pipeline\data\processed_dataset\Jacket\jacket175.jpg,Jacket,solid,0.2142,fall,0.2081,0.0126,clip
C:\Users\Lenovo\Desktop\StyleMind\stylemind-cnn-training-pipeline\data\processed_dataset\Dress\dress176.jpg,Dress,floral,0.2377,summer,0.1706,0.0417,clip
C:\Users\Lenovo\Desktop\StyleMind\stylemind-cnn-training-pipeline\data\processed_dataset\Jacket\jacket007.jpg,Jacket,solid,0.256,summer,0.2454,0.0238,clip
C:\Users\Lenovo\Desktop\StyleMind\stylemind-cnn-training-pipeline\data\processed_dataset\Formal_Pant\formal_pant391.jpg,Formal_Pant,solid,0.2348,summer,0.2078,0.0187,clip
C:\Users\Lenovo\Desktop\StyleMind\stylemind-cnn-training-pipeline\data\processed_dataset\Warmwear\winter155.jpg,Warmwear,solid,0.209,all-season,0.1867,0.0066,low_confidence_fallback
C:\Users\Lenovo\Desktop\StyleMind\stylemind-cnn-training-pipeline\data\processed_dataset\Warmwear\winter281.jpg,Warmwear,solid,0.2198,all-season,0.239,0.0064,low_confidence_fallback
C:\Users\Lenovo\Desktop\StyleMind\stylemind-cnn-training-pipeline\data\processed_dataset\Formal_Pant\formal_pant211.jpg,Formal_Pant,striped,0.1934,summer,0.1745,0.0244,clip
C:\Users\Lenovo\Desktop\StyleMind\stylemind-cnn-training-pipeline\data\processed_dataset\Dress\dress269.jpg,Dress,striped,0.2729,summer,0.2424,0.1125,clip
C:\Users\Lenovo\Desktop\StyleMind\stylemind-cnn-training-pipeline\data\processed_dataset\Warmwear\winter358.jpg,Warmwear,solid,0.1377,winter,0.1516,0.0251,clip
C:\Users\Lenovo\Desktop\StyleMind\stylemind-cnn-training-pipeline\data\processed_dataset\Jacket\jacket345.jpg,Jacket,solid,0.2211,winter,0.2426,0.0221,clip
C:\Users\Lenovo\Desktop\StyleMind\stylemind-cnn-training-pipeline\data\processed_dataset\Warmwear\winter322.jpg,Warmwear,solid,0.1931,fall,0.2266,0.0425,clip
C:\Users\Lenovo\Desktop\StyleMind\stylemind-cnn-training-pipeline\data\processed_dataset\Top\top369.jpg,Top,floral,0.2381,summer,0.2052,0.0757,clip
C:\Users\Lenovo\Desktop\StyleMind\stylemind-cnn-training-pipeline\data\processed_dataset\Blazer\blazer427.jpg,Blazer,solid,0.2114,fall,0.2077,0.0277,clip
C:\Users\Lenovo\Desktop\StyleMind\stylemind-cnn-training-pipeline\data\processed_dataset\Dress\dress087.jpg,Dress,embroidered,0.1869,summer,0.1576,0.0181,clip
C:\Users\Lenovo\Desktop\StyleMind\stylemind-cnn-training-pipeline\data\processed_dataset\Pants\pant052.jpg,Pants,solid,0.2087,winter,0.2071,0.0368,clip
C:\Users\Lenovo\Desktop\StyleMind\stylemind-cnn-training-pipeline\data\processed_dataset\Top\top254.jpg,Top,solid,0.2505,summer,0.2638,0.0833,clip
C:\Users\Lenovo\Desktop\StyleMind\stylemind-cnn-training-pipeline\data\processed_dataset\Top\top138.jpg,Top,checkered,0.2741,summer,0.2138,0.0612,clip
C:\Users\Lenovo\Desktop\StyleMind\stylemind-cnn-training-pipeline\data\processed_dataset\Dress\dress120.jpg,Dress,checkered,0.2528,summer,0.1843,0.0697,clip
C:\Users\Lenovo\Desktop\StyleMind\stylemind-cnn-training-pipeline\data\processed_dataset\Blazer\blazer019.jpg,Blazer,solid,0.2192,fall,0.2147,0.0322,clip
C:\Users\Lenovo\Desktop\StyleMind\stylemind-cnn-training-pipeline\data\processed_dataset\Top\top090.jpg,Top,floral,0.2314,summer,0.2271,0.0492,clip
C:\Users\Lenovo\Desktop\StyleMind\stylemind-cnn-training-pipeline\data\processed_dataset\Shirt\shirt191.jpg,Shirt,solid,0.2591,summer,0.2207,0.0162,clip
C:\Users\Lenovo\Desktop\StyleMind\stylemind-cnn-training-pipeline\data\processed_dataset\Skirt\skirt261.jpg,Skirt,checkered,0.2562,summer,0.1847,0.0446,clip
C:\Users\Lenovo\Desktop\StyleMind\stylemind-cnn-training-pipeline\data\processed_dataset\Pants\pant219.jpg,Pants,solid,0.2108,fall,0.1654,0.0199,clip
C:\Users\Lenovo\Desktop\StyleMind\stylemind-cnn-training-pipeline\data\processed_dataset\Dress\dress367.jpg,Dress,pleated,0.2561,summer,0.2391,0.0692,clip
C:\Users\Lenovo\Desktop\StyleMind\stylemind-cnn-training-pipeline\data\processed_dataset\Jacket\jacket060.jpg,Jacket,striped,0.1709,fall,0.1985,0.0266,clip
C:\Users\Lenovo\Desktop\StyleMind\stylemind-cnn-training-pipeline\data\processed_dataset\Formal_Pant\formal_pant399.jpg,Formal_Pant,solid,0.2065,all-season,0.157,0.0009,low_confidence_fallback
C:\Users\Lenovo\Desktop\StyleMind\stylemind-cnn-training-pipeline\data\processed_dataset\Shirt\shirt273.jpg,Shirt,checkered,0.2569,summer,0.2047,0.0553,clip
C:\Users\Lenovo\Desktop\StyleMind\stylemind-cnn-training-pipeline\data\processed_dataset\Dress\dress170.jpg,Dress,graphic,0.2076,summer,0.2139,0.0824,clip
C:\Users\Lenovo\Desktop\StyleMind\stylemind-cnn-training-pipeline\data\processed_dataset\Top\top095.jpg,Top,solid,0.1986,summer,0.1856,0.0653,clip
C:\Users\Lenovo\Desktop\StyleMind\stylemind-cnn-training-pipeline\data\processed_dataset\Skirt\skirt077.jpg,Skirt,solid,0.2045,fall,0.1722,0.0121,clip
C:\Users\Lenovo\Desktop\StyleMind\stylemind-cnn-training-pipeline\data\processed_dataset\Skirt\skirt032.jpg,Skirt,checkered,0.2687,summer,0.1865,0.01,clip
C:\Users\Lenovo\Desktop\StyleMind\stylemind-cnn-training-pipeline\data\processed_dataset\Dress\dress319.jpg,Dress,floral,0.2624,summer,0.2189,0.0722,clip
C:\Users\Lenovo\Desktop\StyleMind\stylemind-cnn-training-pipeline\data\processed_dataset\Top\top129.jpg,Top,solid,0.2142,summer,0.2208,0.0918,clip
C:\Users\Lenovo\Desktop\StyleMind\stylemind-cnn-training-pipeline\data\processed_dataset\Jacket\jacket382.jpg,Jacket,solid,0.2489,all-season,0.2732,0.0037,low_confidence_fallback
C:\Users\Lenovo\Desktop\StyleMind\stylemind-cnn-training-pipeline\data\processed_dataset\Skirt\skirt044.jpg,Skirt,checkered,0.2298,all-season,0.1693,0.0049,low_confidence_fallback
C:\Users\Lenovo\Desktop\StyleMind\stylemind-cnn-training-pipeline\data\processed_dataset\Pants\pant183.jpg,Pants,solid,0.2361,summer,0.2193,0.0444,clip
C:\Users\Lenovo\Desktop\StyleMind\stylemind-cnn-training-pipeline\data\processed_dataset\Dress\dress092.jpg,Dress,pleated,0.2272,summer,0.2481,0.1037,clip
C:\Users\Lenovo\Desktop\StyleMind\stylemind-cnn-training-pipeline\data\processed_dataset\Pants\pant355.jpg,Pants,floral,0.221,summer,0.1685,0.0137,clip
C:\Users\Lenovo\Desktop\StyleMind\stylemind-cnn-training-pipeline\data\processed_dataset\Formal_Pant\formal_pant291.jpg,Formal_Pant,solid,0.2436,all-season,0.1891,0.0097,low_confidence_fallback
C:\Users\Lenovo\Desktop\StyleMind\stylemind-cnn-training-pipeline\data\processed_dataset\Pants\pant168.jpg,Pants,solid,0.215,all-season,0.1742,0.0067,low_confidence_fallback
C:\Users\Lenovo\Desktop\StyleMind\stylemind-cnn-training-pipeline\data\processed_dataset\Blazer\blazer397.jpg,Blazer,solid,0.2057,all-season,0.2247,0.001,low_confidence_fallback
C:\Users\Lenovo\Desktop\StyleMind\stylemind-cnn-training-pipeline\data\processed_dataset\Formal_Pant\formal_pant330.jpg,Formal_Pant,solid,0.2175,fall,0.177,0.0165,clip
C:\Users\Lenovo\Desktop\StyleMind\stylemind-cnn-training-pipeline\data\processed_dataset\Pants\pant159.jpg,Pants,solid,0.2263,all-season,0.2032,0.0037,low_confidence_fallback
C:\Users\Lenovo\Desktop\StyleMind\stylemind-cnn-training-pipeline\data\processed_dataset\Warmwear\winter348.jpg,Warmwear,floral,0.2112,fall,0.1717,0.0296,clip
C:\Users\Lenovo\Desktop\StyleMind\stylemind-cnn-training-pipeline\data\processed_dataset\Formal_Pant\formal_pant073.jpg,Formal_Pant,solid,0.2046,all-season,0.159,0.0012,low_confidence_fallback
C:\Users\Lenovo\Desktop\StyleMind\stylemind-cnn-training-pipeline\data\processed_dataset\Skirt\skirt306.jpg,Skirt,pleated,0.1694,summer,0.1553,0.0404,clip
C:\Users\Lenovo\Desktop\StyleMind\stylemind-cnn-training-pipeline\data\processed_dataset\Shirt\shirt174.jpg,Shirt,solid,0.2653,summer,0.2368,0.0435,clip
C:\Users\Lenovo\Desktop\StyleMind\stylemind-cnn-training-pipeline\data\processed_dataset\Jacket\jacket214.jpg,Jacket,solid,0.2445,all-season,0.213,0.0069,low_confidence_fallback
C:\Users\Lenovo\Desktop\StyleMind\stylemind-cnn-training-pipeline\data\processed_dataset\Top\top292.jpg,Top,graphic,0.2143,summer,0.1672,0.0441,clip
C:\Users\Lenovo\Desktop\StyleMind\stylemind-cnn-training-pipeline\data\processed_dataset\Shorts\shorts253.jpg,Shorts,solid,0.2341,summer,0.2146,0.0395,clip
C:\Users\Lenovo\Desktop\StyleMind\stylemind-cnn-training-pipeline\data\processed_dataset\Blazer\blazer383.jpg,Blazer,solid,0.224,fall,0.2528,0.0394,clip
C:\Users\Lenovo\Desktop\StyleMind\stylemind-cnn-training-pipeline\data\processed_dataset\Shorts\shorts177.jpg,Shorts,solid,0.1903,summer,0.1711,0.0177,clip
C:\Users\Lenovo\Desktop\StyleMind\stylemind-cnn-training-pipeline\data\processed_dataset\Top\top332.jpg,Top,solid,0.2089,summer,0.1991,0.0456,clip
C:\Users\Lenovo\Desktop\StyleMind\stylemind-cnn-training-pipeline\data\processed_dataset\Dress\dress121.jpg,Dress,striped,0.2604,summer,0.202,0.075,clip
C:\Users\Lenovo\Desktop\StyleMind\stylemind-cnn-training-pipeline\data\processed_dataset\Shorts\shorts342.jpg,Shorts,embroidered,0.2147,summer,0.2188,0.0559,clip
C:\Users\Lenovo\Desktop\StyleMind\stylemind-cnn-training-pipeline\data\processed_dataset\Dress\dress165.jpg,Dress,checkered,0.2198,summer,0.1793,0.0573,clip
C:\Users\Lenovo\Desktop\StyleMind\stylemind-cnn-training-pipeline\data\processed_dataset\Jacket\jacket033.jpg,Jacket,solid,0.2187,all-season,0.212,0.0035,low_confidence_fallback
C:\Users\Lenovo\Desktop\StyleMind\stylemind-cnn-training-pipeline\data\processed_dataset\Shirt\shirt035.jpg,Shirt,striped,0.2787,fall,0.22,0.0148,clip
C:\Users\Lenovo\Desktop\StyleMind\stylemind-cnn-training-pipeline\data\processed_dataset\Blazer\blazer200.jpg,Blazer,checkered,0.2871,fall,0.2165,0.0168,clip
C:\Users\Lenovo\Desktop\StyleMind\stylemind-cnn-training-pipeline\data\processed_dataset\Skirt\skirt049.jpg,Skirt,pleated,0.178,summer,0.1714,0.0119,clip
C:\Users\Lenovo\Desktop\StyleMind\stylemind-cnn-training-pipeline\data\processed_dataset\Formal_Pant\formal_pant189.jpg,Formal_Pant,solid,0.2125,summer,0.1754,0.013,clip
C:\Users\Lenovo\Desktop\StyleMind\stylemind-cnn-training-pipeline\data\processed_dataset\Jacket\jacket236.jpg,Jacket,solid,0.188,all-season,0.1993,0.0071,low_confidence_fallback
C:\Users\Lenovo\Desktop\StyleMind\stylemind-cnn-training-pipeline\data\processed_dataset\Pants\pant104.jpg,Pants,solid,0.2017,summer,0.1855,0.0412,clip
C:\Users\Lenovo\Desktop\StyleMind\stylemind-cnn-training-pipeline\data\processed_dataset\Dress\dress034.jpg,Dress,floral,0.2659,summer,0.2251,0.079,clip
C:\Users\Lenovo\Desktop\StyleMind\stylemind-cnn-training-pipeline\data\processed_dataset\Top\top181.jpg,Top,solid,0.2218,fall,0.1787,0.0119,clip
C:\Users\Lenovo\Desktop\StyleMind\stylemind-cnn-training-pipeline\data\processed_dataset\Blazer\blazer417.jpg,Blazer,solid,0.2519,summer,0.2498,0.0523,clip
C:\Users\Lenovo\Desktop\StyleMind\stylemind-cnn-training-pipeline\data\processed_dataset\Warmwear\winter164.jpg,Warmwear,solid,0.2256,fall,0.2354,0.0127,clip
C:\Users\Lenovo\Desktop\StyleMind\stylemind-cnn-training-pipeline\data\processed_dataset\Top\top016.jpg,Top,graphic,0.2258,summer,0.2087,0.0244,clip
C:\Users\Lenovo\Desktop\StyleMind\stylemind-cnn-training-pipeline\data\processed_dataset\Warmwear\winter269.jpg,Warmwear,solid,0.1808,winter,0.1931,0.0481,clip
C:\Users\Lenovo\Desktop\StyleMind\stylemind-cnn-training-pipeline\data\processed_dataset\Formal_Pant\formal_pant325.jpg,Formal_Pant,solid,0.2194,all-season,0.1791,0.0007,low_confidence_fallback
C:\Users\Lenovo\Desktop\StyleMind\stylemind-cnn-training-pipeline\data\processed_dataset\Shorts\shorts322.jpg,Shorts,solid,0.2473,summer,0.2332,0.043,clip
C:\Users\Lenovo\Desktop\StyleMind\stylemind-cnn-training-pipeline\data\processed_dataset\Skirt\skirt342.jpg,Skirt,checkered,0.2479,all-season,0.2215,0.0013,low_confidence_fallback
C:\Users\Lenovo\Desktop\StyleMind\stylemind-cnn-training-pipeline\data\processed_dataset\Top\top363.jpg,Top,solid,0.1988,summer,0.2181,0.0521,clip
C:\Users\Lenovo\Desktop\StyleMind\stylemind-cnn-training-pipeline\data\processed_dataset\Warmwear\winter228.jpg,Warmwear,solid,0.1944,fall,0.2004,0.0227,clip
C:\Users\Lenovo\Desktop\StyleMind\stylemind-cnn-training-pipeline\data\processed_dataset\Top\top185.jpg,Top,solid,0.2331,summer,0.2359,0.0536,clip
C:\Users\Lenovo\Desktop\StyleMind\stylemind-cnn-training-pipeline\data\processed_dataset\Blazer\blazer285.jpg,Blazer,checkered,0.2251,fall,0.2515,0.0399,clip
C:\Users\Lenovo\Desktop\StyleMind\stylemind-cnn-training-pipeline\data\processed_dataset\Formal_Pant\formal_pant272.jpg,Formal_Pant,solid,0.1741,all-season,0.1695,0.0033,low_confidence_fallback
C:\Users\Lenovo\Desktop\StyleMind\stylemind-cnn-training-pipeline\data\processed_dataset\Top\top178.jpg,Top,solid,0.2609,summer,0.2775,0.0895,clip
C:\Users\Lenovo\Desktop\StyleMind\stylemind-cnn-training-pipeline\data\processed_dataset\Dress\dress382.jpg,Dress,floral,0.2095,summer,0.179,0.0372,clip
C:\Users\Lenovo\Desktop\StyleMind\stylemind-cnn-training-pipeline\data\processed_dataset\Dress\dress214.jpg,Dress,solid,0.158,summer,0.167,0.0147,clip
C:\Users\Lenovo\Desktop\StyleMind\stylemind-cnn-training-pipeline\data\processed_dataset\Skirt\skirt297.jpg,Skirt,solid,0.1841,fall,0.1581,0.015,clip
C:\Users\Lenovo\Desktop\StyleMind\stylemind-cnn-training-pipeline\data\processed_dataset\Top\top089.jpg,Top,graphic,0.1774,summer,0.0979,0.0245,clip
C:\Users\Lenovo\Desktop\StyleMind\stylemind-cnn-training-pipeline\data\processed_dataset\Formal_Pant\formal_pant350.jpg,Formal_Pant,solid,0.2307,all-season,0.1824,0.0051,low_confidence_fallback
C:\Users\Lenovo\Desktop\StyleMind\stylemind-cnn-training-pipeline\data\processed_dataset\Shirt\shirt333.jpg,Shirt,striped,0.2749,summer,0.2685,0.0846,clip
C:\Users\Lenovo\Desktop\StyleMind\stylemind-cnn-training-pipeline\data\processed_dataset\Formal_Pant\formal_pant334.jpg,Formal_Pant,pleated,0.2217,all-season,0.1832,0.0013,low_confidence_fallback
C:\Users\Lenovo\Desktop\StyleMind\stylemind-cnn-training-pipeline\data\processed_dataset\Top\top244.jpg,Top,solid,0.2126,summer,0.21,0.061,clip
C:\Users\Lenovo\Desktop\StyleMind\stylemind-cnn-training-pipeline\data\processed_dataset\Shorts\shorts252.jpg,Shorts,solid,0.1863,summer,0.1716,0.0286,clip
C:\Users\Lenovo\Desktop\StyleMind\stylemind-cnn-training-pipeline\data\processed_dataset\Shorts\shorts377.jpg,Shorts,solid,0.2118,summer,0.1863,0.0389,clip
C:\Users\Lenovo\Desktop\StyleMind\stylemind-cnn-training-pipeline\data\processed_dataset\Formal_Pant\formal_pant342.jpg,Formal_Pant,solid,0.2181,fall,0.2034,0.02,clip
C:\Users\Lenovo\Desktop\StyleMind\stylemind-cnn-training-pipeline\data\processed_dataset\Blazer\blazer102.jpg,Blazer,solid,0.2252,fall,0.2281,0.0315,clip
C:\Users\Lenovo\Desktop\StyleMind\stylemind-cnn-training-pipeline\data\processed_dataset\Top\top353.jpg,Top,solid,0.2204,summer,0.2497,0.0691,clip
C:\Users\Lenovo\Desktop\StyleMind\stylemind-cnn-training-pipeline\data\processed_dataset\Formal_Pant\formal_pant081.jpg,Formal_Pant,checkered,0.2271,all-season,0.1841,0.0069,low_confidence_fallback
C:\Users\Lenovo\Desktop\StyleMind\stylemind-cnn-training-pipeline\data\processed_dataset\Formal_Pant\formal_pant286.jpg,Formal_Pant,solid,0.2154,all-season,0.1653,0.008,low_confidence_fallback
C:\Users\Lenovo\Desktop\StyleMind\stylemind-cnn-training-pipeline\data\processed_dataset\Warmwear\winter109.jpg,Warmwear,striped,0.2628,fall,0.2284,0.0149,clip
C:\Users\Lenovo\Desktop\StyleMind\stylemind-cnn-training-pipeline\data\processed_dataset\Pants\pant424.jpg,Pants,solid,0.2167,all-season,0.1886,0.0002,low_confidence_fallback
C:\Users\Lenovo\Desktop\StyleMind\stylemind-cnn-training-pipeline\data\processed_dataset\Warmwear\winter073.jpg,Warmwear,embroidered,0.1884,all-season,0.188,0.008,low_confidence_fallback
C:\Users\Lenovo\Desktop\StyleMind\stylemind-cnn-training-pipeline\data\processed_dataset\Top\top003.jpg,Top,solid,0.1769,summer,0.1603,0.0329,clip
C:\Users\Lenovo\Desktop\StyleMind\stylemind-cnn-training-pipeline\data\processed_dataset\Pants\pant040.jpg,Pants,solid,0.1782,all-season,0.189,0.0047,low_confidence_fallback
C:\Users\Lenovo\Desktop\StyleMind\stylemind-cnn-training-pipeline\data\processed_dataset\Formal_Pant\formal_pant082.jpg,Formal_Pant,checkered,0.2488,fall,0.2205,0.0358,clip
C:\Users\Lenovo\Desktop\StyleMind\stylemind-cnn-training-pipeline\data\processed_dataset\Shirt\shirt356.jpg,Shirt,solid,0.2504,summer,0.2219,0.0235,clip
C:\Users\Lenovo\Desktop\StyleMind\stylemind-cnn-training-pipeline\data\processed_dataset\Pants\pant140.jpg,Pants,embroidered,0.2081,summer,0.1849,0.0338,clip
C:\Users\Lenovo\Desktop\StyleMind\stylemind-cnn-training-pipeline\data\processed_dataset\Formal_Pant\formal_pant011.jpg,Formal_Pant,striped,0.2429,all-season,0.188,0.0088,low_confidence_fallback
C:\Users\Lenovo\Desktop\StyleMind\stylemind-cnn-training-pipeline\data\processed_dataset\Shorts\shorts357.jpg,Shorts,solid,0.2292,summer,0.2055,0.0518,clip
C:\Users\Lenovo\Desktop\StyleMind\stylemind-cnn-training-pipeline\data\processed_dataset\Dress\dress292.jpg,Dress,floral,0.2703,summer,0.1722,0.0155,clip
C:\Users\Lenovo\Desktop\StyleMind\stylemind-cnn-training-pipeline\data\processed_dataset\Blazer\blazer006.jpg,Blazer,checkered,0.2349,fall,0.249,0.0354,clip
C:\Users\Lenovo\Desktop\StyleMind\stylemind-cnn-training-pipeline\data\processed_dataset\Shirt\shirt355.jpg,Shirt,striped,0.2763,summer,0.2187,0.0109,clip
C:\Users\Lenovo\Desktop\StyleMind\stylemind-cnn-training-pipeline\data\processed_dataset\Dress\dress189.jpg,Dress,solid,0.1839,summer,0.1717,0.0559,clip
C:\Users\Lenovo\Desktop\StyleMind\stylemind-cnn-training-pipeline\data\processed_dataset\Blazer\blazer198.jpg,Blazer,solid,0.2083,fall,0.2112,0.0419,clip
C:\Users\Lenovo\Desktop\StyleMind\stylemind-cnn-training-pipeline\data\processed_dataset\Skirt\skirt283.jpg,Skirt,pleated,0.2402,summer,0.2196,0.035,clip
C:\Users\Lenovo\Desktop\StyleMind\stylemind-cnn-training-pipeline\data\processed_dataset\Skirt\skirt159.jpg,Skirt,pleated,0.2674,summer,0.2135,0.0657,clip
C:\Users\Lenovo\Desktop\StyleMind\stylemind-cnn-training-pipeline\data\processed_dataset\Shirt\shirt195.jpg,Shirt,solid,0.2473,summer,0.1996,0.0651,clip
C:\Users\Lenovo\Desktop\StyleMind\stylemind-cnn-training-pipeline\data\processed_dataset\Formal_Pant\formal_pant060.jpg,Formal_Pant,solid,0.2067,fall,0.1771,0.0108,clip
C:\Users\Lenovo\Desktop\StyleMind\stylemind-cnn-training-pipeline\data\processed_dataset\Shirt\shirt261.jpg,Shirt,checkered,0.2643,summer,0.2284,0.0373,clip
C:\Users\Lenovo\Desktop\StyleMind\stylemind-cnn-training-pipeline\data\processed_dataset\Dress\dress126.jpg,Dress,pleated,0.2161,summer,0.1993,0.0729,clip
C:\Users\Lenovo\Desktop\StyleMind\stylemind-cnn-training-pipeline\data\processed_dataset\Skirt\skirt368.jpg,Skirt,solid,0.2369,summer,0.1972,0.0229,clip
C:\Users\Lenovo\Desktop\StyleMind\stylemind-cnn-training-pipeline\data\processed_dataset\Top\top325.jpg,Top,checkered,0.3202,summer,0.2165,0.0243,clip
C:\Users\Lenovo\Desktop\StyleMind\stylemind-cnn-training-pipeline\data\processed_dataset\Warmwear\winter373.jpg,Warmwear,solid,0.1965,all-season,0.2129,0.0017,low_confidence_fallback
C:\Users\Lenovo\Desktop\StyleMind\stylemind-cnn-training-pipeline\data\processed_dataset\Skirt\skirt129.jpg,Skirt,solid,0.2694,winter,0.2577,0.0109,clip
C:\Users\Lenovo\Desktop\StyleMind\stylemind-cnn-training-pipeline\data\processed_dataset\Skirt\skirt151.jpg,Skirt,striped,0.2271,all-season,0.1567,0.0084,low_confidence_fallback
C:\Users\Lenovo\Desktop\StyleMind\stylemind-cnn-training-pipeline\data\processed_dataset\Formal_Pant\formal_pant309.jpg,Formal_Pant,solid,0.2075,fall,0.1723,0.0262,clip
C:\Users\Lenovo\Desktop\StyleMind\stylemind-cnn-training-pipeline\data\processed_dataset\Shirt\shirt249.jpg,Shirt,solid,0.2331,fall,0.2218,0.0148,clip
C:\Users\Lenovo\Desktop\StyleMind\stylemind-cnn-training-pipeline\data\processed_dataset\Formal_Pant\formal_pant204.jpg,Formal_Pant,solid,0.2172,all-season,0.1768,0.0077,low_confidence_fallback
C:\Users\Lenovo\Desktop\StyleMind\stylemind-cnn-training-pipeline\data\processed_dataset\Dress\dress358.jpg,Dress,solid,0.1902,summer,0.2022,0.0603,clip
C:\Users\Lenovo\Desktop\StyleMind\stylemind-cnn-training-pipeline\data\processed_dataset\Formal_Pant\formal_pant162.jpg,Formal_Pant,solid,0.2219,all-season,0.164,0.0016,low_confidence_fallback
C:\Users\Lenovo\Desktop\StyleMind\stylemind-cnn-training-pipeline\data\processed_dataset\Shorts\shorts173.jpg,Shorts,solid,0.1944,summer,0.1964,0.041,clip
C:\Users\Lenovo\Desktop\StyleMind\stylemind-cnn-training-pipeline\data\processed_dataset\Top\top240.jpg,Top,floral,0.281,summer,0.2078,0.0707,clip
C:\Users\Lenovo\Desktop\StyleMind\stylemind-cnn-training-pipeline\data\processed_dataset\Pants\pant250.jpg,Pants,solid,0.2033,all-season,0.1549,0.0077,low_confidence_fallback
C:\Users\Lenovo\Desktop\StyleMind\stylemind-cnn-training-pipeline\data\processed_dataset\Top\top122.jpg,Top,floral,0.2665,summer,0.2053,0.068,clip
C:\Users\Lenovo\Desktop\StyleMind\stylemind-cnn-training-pipeline\data\processed_dataset\Pants\pant220.jpg,Pants,solid,0.2116,all-season,0.1747,0.0039,low_confidence_fallback
C:\Users\Lenovo\Desktop\StyleMind\stylemind-cnn-training-pipeline\data\processed_dataset\Jacket\jacket135.jpg,Jacket,solid,0.2354,fall,0.2349,0.0108,clip
C:\Users\Lenovo\Desktop\StyleMind\stylemind-cnn-training-pipeline\data\processed_dataset\Shorts\shorts084.jpg,Shorts,solid,0.2086,summer,0.1599,0.0263,clip
C:\Users\Lenovo\Desktop\StyleMind\stylemind-cnn-training-pipeline\data\processed_dataset\Shorts\shorts214.jpg,Shorts,solid,0.2105,summer,0.1825,0.0502,clip
C:\Users\Lenovo\Desktop\StyleMind\stylemind-cnn-training-pipeline\data\processed_dataset\Jacket\jacket043.jpg,Jacket,solid,0.2216,fall,0.2224,0.0185,clip
C:\Users\Lenovo\Desktop\StyleMind\stylemind-cnn-training-pipeline\data\processed_dataset\Formal_Pant\formal_pant144.jpg,Formal_Pant,solid,0.2134,all-season,0.1742,0.0001,low_confidence_fallback
C:\Users\Lenovo\Desktop\StyleMind\stylemind-cnn-training-pipeline\data\processed_dataset\Shirt\shirt221.jpg,Shirt,solid,0.2484,all-season,0.2251,0.0077,low_confidence_fallback
C:\Users\Lenovo\Desktop\StyleMind\stylemind-cnn-training-pipeline\data\processed_dataset\Shorts\shorts284.jpg,Shorts,solid,0.2247,all-season,0.1963,0.0037,low_confidence_fallback
C:\Users\Lenovo\Desktop\StyleMind\stylemind-cnn-training-pipeline\data\processed_dataset\Formal_Pant\formal_pant348.jpg,Formal_Pant,solid,0.2129,all-season,0.195,0.0015,low_confidence_fallback
C:\Users\Lenovo\Desktop\StyleMind\stylemind-cnn-training-pipeline\data\processed_dataset\Blazer\blazer240.jpg,Blazer,solid,0.1705,fall,0.2152,0.0215,clip
C:\Users\Lenovo\Desktop\StyleMind\stylemind-cnn-training-pipeline\data\processed_dataset\Skirt\skirt192.jpg,Skirt,floral,0.2202,fall,0.1943,0.0157,clip
C:\Users\Lenovo\Desktop\StyleMind\stylemind-cnn-training-pipeline\data\processed_dataset\Shorts\shorts419.jpg,Shorts,solid,0.1572,all-season,0.1308,0.0012,low_confidence_fallback
C:\Users\Lenovo\Desktop\StyleMind\stylemind-cnn-training-pipeline\data\processed_dataset\Shirt\shirt245.jpg,Shirt,solid,0.2409,all-season,0.2049,0.0038,low_confidence_fallback
C:\Users\Lenovo\Desktop\StyleMind\stylemind-cnn-training-pipeline\data\processed_dataset\Skirt\skirt237.jpg,Skirt,solid,0.2531,all-season,0.1961,0.0044,low_confidence_fallback
C:\Users\Lenovo\Desktop\StyleMind\stylemind-cnn-training-pipeline\data\processed_dataset\Warmwear\winter114.jpg,Warmwear,solid,0.2157,all-season,0.2223,0.0005,low_confidence_fallback
C:\Users\Lenovo\Desktop\StyleMind\stylemind-cnn-training-pipeline\data\processed_dataset\Shirt\shirt382.jpg,Shirt,checkered,0.2744,summer,0.2532,0.0854,clip
C:\Users\Lenovo\Desktop\StyleMind\stylemind-cnn-training-pipeline\data\processed_dataset\Dress\dress239.jpg,Dress,striped,0.215,winter,0.201,0.0243,clip
C:\Users\Lenovo\Desktop\StyleMind\stylemind-cnn-training-pipeline\data\processed_dataset\Warmwear\winter320.jpg,Warmwear,solid,0.21,fall,0.2395,0.0157,clip
C:\Users\Lenovo\Desktop\StyleMind\stylemind-cnn-training-pipeline\data\processed_dataset\Skirt\skirt244.jpg,Skirt,solid,0.2532,all-season,0.1873,0.0006,low_confidence_fallback
C:\Users\Lenovo\Desktop\StyleMind\stylemind-cnn-training-pipeline\data\processed_dataset\Dress\dress006.jpg,Dress,floral,0.2354,summer,0.2116,0.073,clip
C:\Users\Lenovo\Desktop\StyleMind\stylemind-cnn-training-pipeline\data\processed_dataset\Blazer\blazer096.jpg,Blazer,solid,0.1968,fall,0.2032,0.0326,clip
C:\Users\Lenovo\Desktop\StyleMind\stylemind-cnn-training-pipeline\data\processed_dataset\Shirt\shirt091.jpg,Shirt,solid,0.236,fall,0.2011,0.0201,clip
C:\Users\Lenovo\Desktop\StyleMind\stylemind-cnn-training-pipeline\data\processed_dataset\Warmwear\winter151.jpg,Warmwear,striped,0.2648,winter,0.2017,0.0139,clip
C:\Users\Lenovo\Desktop\StyleMind\stylemind-cnn-training-pipeline\data\processed_dataset\Shorts\shorts375.jpg,Shorts,solid,0.232,summer,0.2273,0.0489,clip
C:\Users\Lenovo\Desktop\StyleMind\stylemind-cnn-training-pipeline\data\processed_dataset\Warmwear\winter041.jpg,Warmwear,solid,0.2242,winter,0.2549,0.0562,clip
C:\Users\Lenovo\Desktop\StyleMind\stylemind-cnn-training-pipeline\data\processed_dataset\Top\top366.jpg,Top,striped,0.2521,summer,0.171,0.0259,clip
C:\Users\Lenovo\Desktop\StyleMind\stylemind-cnn-training-pipeline\data\processed_dataset\Blazer\blazer082.jpg,Blazer,solid,0.2291,all-season,0.2455,0.0076,low_confidence_fallback
C:\Users\Lenovo\Desktop\StyleMind\stylemind-cnn-training-pipeline\data\processed_dataset\Jacket\jacket437.jpg,Jacket,floral,0.2029,all-season,0.2018,0.0073,low_confidence_fallback
C:\Users\Lenovo\Desktop\StyleMind\stylemind-cnn-training-pipeline\data\processed_dataset\Dress\dress311.jpg,Dress,pleated,0.2096,summer,0.1982,0.0776,clip
C:\Users\Lenovo\Desktop\StyleMind\stylemind-cnn-training-pipeline\data\processed_dataset\Shorts\shorts354.jpg,Shorts,solid,0.1962,summer,0.1926,0.0437,clip
C:\Users\Lenovo\Desktop\StyleMind\stylemind-cnn-training-pipeline\data\processed_dataset\Skirt\skirt233.jpg,Skirt,pleated,0.2112,summer,0.2053,0.0248,clip
C:\Users\Lenovo\Desktop\StyleMind\stylemind-cnn-training-pipeline\data\processed_dataset\Shirt\shirt225.jpg,Shirt,solid,0.2439,summer,0.2338,0.0777,clip
C:\Users\Lenovo\Desktop\StyleMind\stylemind-cnn-training-pipeline\data\processed_dataset\Formal_Pant\formal_pant168.jpg,Formal_Pant,pleated,0.2056,summer,0.1809,0.0179,clip
C:\Users\Lenovo\Desktop\StyleMind\stylemind-cnn-training-pipeline\data\processed_dataset\Formal_Pant\formal_pant390.jpg,Formal_Pant,solid,0.188,fall,0.1621,0.0217,clip
C:\Users\Lenovo\Desktop\StyleMind\stylemind-cnn-training-pipeline\data\processed_dataset\Formal_Pant\formal_pant255.jpg,Formal_Pant,solid,0.1967,fall,0.1884,0.0322,clip
C:\Users\Lenovo\Desktop\StyleMind\stylemind-cnn-training-pipeline\data\processed_dataset\Skirt\skirt011.jpg,Skirt,embroidered,0.1611,all-season,0.1394,0.0075,low_confidence_fallback
C:\Users\Lenovo\Desktop\StyleMind\stylemind-cnn-training-pipeline\data\processed_dataset\Blazer\blazer155.jpg,Blazer,solid,0.1686,fall,0.2018,0.0404,clip
C:\Users\Lenovo\Desktop\StyleMind\stylemind-cnn-training-pipeline\data\processed_dataset\Shorts\shorts363.jpg,Shorts,solid,0.2092,summer,0.1887,0.0264,clip
C:\Users\Lenovo\Desktop\StyleMind\stylemind-cnn-training-pipeline\data\processed_dataset\Dress\dress225.jpg,Dress,solid,0.2017,summer,0.1836,0.0424,clip
C:\Users\Lenovo\Desktop\StyleMind\stylemind-cnn-training-pipeline\data\processed_dataset\Pants\pant144.jpg,Pants,solid,0.1918,winter,0.1852,0.0164,clip
C:\Users\Lenovo\Desktop\StyleMind\stylemind-cnn-training-pipeline\data\processed_dataset\Warmwear\winter131.jpg,Warmwear,striped,0.2106,winter,0.2055,0.0182,clip
C:\Users\Lenovo\Desktop\StyleMind\stylemind-cnn-training-pipeline\data\processed_dataset\Jacket\jacket208.jpg,Jacket,solid,0.2188,all-season,0.2192,0.0006,low_confidence_fallback
C:\Users\Lenovo\Desktop\StyleMind\stylemind-cnn-training-pipeline\data\processed_dataset\Jacket\jacket091.jpg,Jacket,solid,0.1778,winter,0.2347,0.0792,clip
C:\Users\Lenovo\Desktop\StyleMind\stylemind-cnn-training-pipeline\data\processed_dataset\Pants\pant331.jpg,Pants,solid,0.2309,winter,0.2032,0.042,clip
C:\Users\Lenovo\Desktop\StyleMind\stylemind-cnn-training-pipeline\data\processed_dataset\Warmwear\winter207.jpg,Warmwear,embroidered,0.1948,all-season,0.1571,0.0002,low_confidence_fallback
C:\Users\Lenovo\Desktop\StyleMind\stylemind-cnn-training-pipeline\data\processed_dataset\Jacket\jacket445.jpg,Jacket,solid,0.2239,winter,0.226,0.0276,clip
C:\Users\Lenovo\Desktop\StyleMind\stylemind-cnn-training-pipeline\data\processed_dataset\Top\top283.jpg,Top,solid,0.2168,summer,0.2069,0.0537,clip
C:\Users\Lenovo\Desktop\StyleMind\stylemind-cnn-training-pipeline\data\processed_dataset\Warmwear\winter390.jpg,Warmwear,solid,0.1401,winter,0.1628,0.0139,clip
C:\Users\Lenovo\Desktop\StyleMind\stylemind-cnn-training-pipeline\data\processed_dataset\Jacket\jacket150.jpg,Jacket,solid,0.1443,all-season,0.1707,0.0096,low_confidence_fallback
C:\Users\Lenovo\Desktop\StyleMind\stylemind-cnn-training-pipeline\data\processed_dataset\Shorts\shorts047.jpg,Shorts,solid,0.2084,summer,0.1649,0.0115,clip
C:\Users\Lenovo\Desktop\StyleMind\stylemind-cnn-training-pipeline\data\processed_dataset\Pants\pant330.jpg,Pants,solid,0.2046,winter,0.1869,0.0196,clip
C:\Users\Lenovo\Desktop\StyleMind\stylemind-cnn-training-pipeline\data\processed_dataset\Skirt\skirt295.jpg,Skirt,pleated,0.2174,summer,0.2111,0.0575,clip
C:\Users\Lenovo\Desktop\StyleMind\stylemind-cnn-training-pipeline\data\processed_dataset\Top\top039.jpg,Top,floral,0.2585,summer,0.2482,0.0998,clip
C:\Users\Lenovo\Desktop\StyleMind\stylemind-cnn-training-pipeline\data\processed_dataset\Formal_Pant\formal_pant385.jpg,Formal_Pant,solid,0.168,winter,0.1352,0.0101,clip
C:\Users\Lenovo\Desktop\StyleMind\stylemind-cnn-training-pipeline\data\processed_dataset\Jacket\jacket452.jpg,Jacket,solid,0.2262,all-season,0.2292,0.0095,low_confidence_fallback
C:\Users\Lenovo\Desktop\StyleMind\stylemind-cnn-training-pipeline\data\processed_dataset\Blazer\blazer176.jpg,Blazer,solid,0.2361,all-season,0.2059,0.009,low_confidence_fallback
C:\Users\Lenovo\Desktop\StyleMind\stylemind-cnn-training-pipeline\data\processed_dataset\Formal_Pant\formal_pant370.jpg,Formal_Pant,solid,0.2271,summer,0.1907,0.02,clip
C:\Users\Lenovo\Desktop\StyleMind\stylemind-cnn-training-pipeline\data\processed_dataset\Shirt\shirt081.jpg,Shirt,striped,0.2379,all-season,0.1949,0.0002,low_confidence_fallback
C:\Users\Lenovo\Desktop\StyleMind\stylemind-cnn-training-pipeline\data\processed_dataset\Pants\pant234.jpg,Pants,solid,0.2498,all-season,0.1991,0.0031,low_confidence_fallback
C:\Users\Lenovo\Desktop\StyleMind\stylemind-cnn-training-pipeline\data\processed_dataset\Blazer\blazer111.jpg,Blazer,solid,0.2175,fall,0.2382,0.0399,clip
C:\Users\Lenovo\Desktop\StyleMind\stylemind-cnn-training-pipeline\data\processed_dataset\Shirt\shirt025.jpg,Shirt,striped,0.298,summer,0.2306,0.0269,clip
C:\Users\Lenovo\Desktop\StyleMind\stylemind-cnn-training-pipeline\data\processed_dataset\Warmwear\winter080.jpg,Warmwear,embroidered,0.216,fall,0.2,0.0176,clip
C:\Users\Lenovo\Desktop\StyleMind\stylemind-cnn-training-pipeline\data\processed_dataset\Pants\pant025.jpg,Pants,solid,0.216,winter,0.2092,0.024,clip
C:\Users\Lenovo\Desktop\StyleMind\stylemind-cnn-training-pipeline\data\processed_dataset\Blazer\blazer429.jpg,Blazer,checkered,0.2334,fall,0.2155,0.0338,clip
C:\Users\Lenovo\Desktop\StyleMind\stylemind-cnn-training-pipeline\data\processed_dataset\Skirt\skirt068.jpg,Skirt,striped,0.2614,summer,0.209,0.0215,clip
C:\Users\Lenovo\Desktop\StyleMind\stylemind-cnn-training-pipeline\data\processed_dataset\Shirt\shirt194.jpg,Shirt,solid,0.2609,summer,0.2136,0.0661,clip
C:\Users\Lenovo\Desktop\StyleMind\stylemind-cnn-training-pipeline\data\processed_dataset\Blazer\blazer400.jpg,Blazer,solid,0.2162,all-season,0.2002,0.001,low_confidence_fallback
C:\Users\Lenovo\Desktop\StyleMind\stylemind-cnn-training-pipeline\data\processed_dataset\Dress\dress369.jpg,Dress,solid,0.2422,summer,0.2455,0.0768,clip
C:\Users\Lenovo\Desktop\StyleMind\stylemind-cnn-training-pipeline\data\processed_dataset\Jacket\jacket131.jpg,Jacket,solid,0.2545,winter,0.2571,0.0342,clip
C:\Users\Lenovo\Desktop\StyleMind\stylemind-cnn-training-pipeline\data\processed_dataset\Blazer\blazer302.jpg,Blazer,solid,0.1914,fall,0.211,0.0278,clip
C:\Users\Lenovo\Desktop\StyleMind\stylemind-cnn-training-pipeline\data\processed_dataset\Shorts\shorts199.jpg,Shorts,embroidered,0.1659,summer,0.163,0.0539,clip
C:\Users\Lenovo\Desktop\StyleMind\stylemind-cnn-training-pipeline\data\processed_dataset\Pants\pant351.jpg,Pants,embroidered,0.1774,all-season,0.1596,0.0065,low_confidence_fallback
C:\Users\Lenovo\Desktop\StyleMind\stylemind-cnn-training-pipeline\data\processed_dataset\Jacket\jacket245.jpg,Jacket,solid,0.2307,winter,0.2787,0.0391,clip
C:\Users\Lenovo\Desktop\StyleMind\stylemind-cnn-training-pipeline\data\processed_dataset\Blazer\blazer142.jpg,Blazer,solid,0.2077,fall,0.2334,0.0443,clip
C:\Users\Lenovo\Desktop\StyleMind\stylemind-cnn-training-pipeline\data\processed_dataset\Jacket\jacket118.jpg,Jacket,solid,0.2427,all-season,0.2366,0.007,low_confidence_fallback
C:\Users\Lenovo\Desktop\StyleMind\stylemind-cnn-training-pipeline\data\processed_dataset\Pants\pant332.jpg,Pants,solid,0.2287,summer,0.1983,0.0182,clip
C:\Users\Lenovo\Desktop\StyleMind\stylemind-cnn-training-pipeline\data\processed_dataset\Skirt\skirt179.jpg,Skirt,checkered,0.2591,fall,0.2013,0.0139,clip
C:\Users\Lenovo\Desktop\StyleMind\stylemind-cnn-training-pipeline\data\processed_dataset\Pants\pant393.jpg,Pants,floral,0.166,all-season,0.1667,0.0073,low_confidence_fallback
C:\Users\Lenovo\Desktop\StyleMind\stylemind-cnn-training-pipeline\data\processed_dataset\Shirt\shirt284.jpg,Shirt,striped,0.2824,fall,0.2192,0.0338,clip
C:\Users\Lenovo\Desktop\StyleMind\stylemind-cnn-training-pipeline\data\processed_dataset\Dress\dress058.jpg,Dress,checkered,0.2916,summer,0.2174,0.018,clip
C:\Users\Lenovo\Desktop\StyleMind\stylemind-cnn-training-pipeline\data\processed_dataset\Pants\pant350.jpg,Pants,solid,0.176,all-season,0.1312,0.0024,low_confidence_fallback
C:\Users\Lenovo\Desktop\StyleMind\stylemind-cnn-training-pipeline\data\processed_dataset\Blazer\blazer140.jpg,Blazer,solid,0.209,fall,0.2316,0.048,clip
C:\Users\Lenovo\Desktop\StyleMind\stylemind-cnn-training-pipeline\data\processed_dataset\Warmwear\winter289.jpg,Warmwear,floral,0.2375,fall,0.2288,0.0137,clip
C:\Users\Lenovo\Desktop\StyleMind\stylemind-cnn-training-pipeline\data\processed_dataset\Top\top066.jpg,Top,solid,0.2358,summer,0.2114,0.0485,clip
C:\Users\Lenovo\Desktop\StyleMind\stylemind-cnn-training-pipeline\data\processed_dataset\Top\top172.jpg,Top,solid,0.2478,summer,0.2205,0.0205,clip
C:\Users\Lenovo\Desktop\StyleMind\stylemind-cnn-training-pipeline\data\processed_dataset\Dress\dress378.jpg,Dress,pleated,0.1895,summer,0.1832,0.0586,clip
C:\Users\Lenovo\Desktop\StyleMind\stylemind-cnn-training-pipeline\data\processed_dataset\Jacket\jacket455.jpg,Jacket,solid,0.2589,summer,0.2461,0.0277,clip
C:\Users\Lenovo\Desktop\StyleMind\stylemind-cnn-training-pipeline\data\processed_dataset\Blazer\blazer377.jpg,Blazer,solid,0.2161,fall,0.2363,0.0227,clip
C:\Users\Lenovo\Desktop\StyleMind\stylemind-cnn-training-pipeline\data\processed_dataset\Shorts\shorts045.jpg,Shorts,embroidered,0.1759,summer,0.165,0.0464,clip
C:\Users\Lenovo\Desktop\StyleMind\stylemind-cnn-training-pipeline\data\processed_dataset\Jacket\jacket304.jpg,Jacket,solid,0.2418,fall,0.248,0.0215,clip
C:\Users\Lenovo\Desktop\StyleMind\stylemind-cnn-training-pipeline\data\processed_dataset\Formal_Pant\formal_pant360.jpg,Formal_Pant,solid,0.211,all-season,0.1844,0.0059,low_confidence_fallback
C:\Users\Lenovo\Desktop\StyleMind\stylemind-cnn-training-pipeline\data\processed_dataset\Skirt\skirt071.jpg,Skirt,solid,0.2023,summer,0.1673,0.0135,clip
C:\Users\Lenovo\Desktop\StyleMind\stylemind-cnn-training-pipeline\data\processed_dataset\Shirt\shirt265.jpg,Shirt,striped,0.278,summer,0.2512,0.0856,clip
C:\Users\Lenovo\Desktop\StyleMind\stylemind-cnn-training-pipeline\data\processed_dataset\Shirt\shirt325.jpg,Shirt,checkered,0.2803,summer,0.2309,0.0256,clip
C:\Users\Lenovo\Desktop\StyleMind\stylemind-cnn-training-pipeline\data\processed_dataset\Pants\pant441.jpg,Pants,solid,0.1991,fall,0.1662,0.0113,clip
C:\Users\Lenovo\Desktop\StyleMind\stylemind-cnn-training-pipeline\data\processed_dataset\Pants\pant136.jpg,Pants,solid,0.2336,fall,0.2211,0.0255,clip
C:\Users\Lenovo\Desktop\StyleMind\stylemind-cnn-training-pipeline\data\processed_dataset\Skirt\skirt013.jpg,Skirt,checkered,0.2572,summer,0.1482,0.0193,clip
C:\Users\Lenovo\Desktop\StyleMind\stylemind-cnn-training-pipeline\data\processed_dataset\Shirt\shirt340.jpg,Shirt,checkered,0.3021,summer,0.2426,0.0133,clip
C:\Users\Lenovo\Desktop\StyleMind\stylemind-cnn-training-pipeline\data\processed_dataset\Pants\pant203.jpg,Pants,solid,0.1898,summer,0.1546,0.0143,clip
C:\Users\Lenovo\Desktop\StyleMind\stylemind-cnn-training-pipeline\data\processed_dataset\Pants\pant362.jpg,Pants,solid,0.1892,winter,0.1696,0.0119,clip
C:\Users\Lenovo\Desktop\StyleMind\stylemind-cnn-training-pipeline\data\processed_dataset\Jacket\jacket258.jpg,Jacket,solid,0.24,winter,0.2585,0.0173,clip
C:\Users\Lenovo\Desktop\StyleMind\stylemind-cnn-training-pipeline\data\processed_dataset\Skirt\skirt398.jpg,Skirt,solid,0.2354,fall,0.2271,0.0211,clip
C:\Users\Lenovo\Desktop\StyleMind\stylemind-cnn-training-pipeline\data\processed_dataset\Top\top055.jpg,Top,graphic,0.2184,summer,0.1965,0.0734,clip
C:\Users\Lenovo\Desktop\StyleMind\stylemind-cnn-training-pipeline\data\processed_dataset\Skirt\skirt014.jpg,Skirt,pleated,0.2391,summer,0.2155,0.041,clip
C:\Users\Lenovo\Desktop\StyleMind\stylemind-cnn-training-pipeline\data\processed_dataset\Blazer\blazer134.jpg,Blazer,embroidered,0.2026,fall,0.2264,0.0467,clip
C:\Users\Lenovo\Desktop\StyleMind\stylemind-cnn-training-pipeline\data\processed_dataset\Top\top271.jpg,Top,floral,0.2432,summer,0.1949,0.0562,clip
C:\Users\Lenovo\Desktop\StyleMind\stylemind-cnn-training-pipeline\data\processed_dataset\Jacket\jacket401.jpg,Jacket,solid,0.2218,fall,0.2182,0.0243,clip
C:\Users\Lenovo\Desktop\StyleMind\stylemind-cnn-training-pipeline\data\processed_dataset\Warmwear\winter238.jpg,Warmwear,solid,0.231,fall,0.2337,0.0111,clip
C:\Users\Lenovo\Desktop\StyleMind\stylemind-cnn-training-pipeline\data\processed_dataset\Blazer\blazer330.jpg,Blazer,solid,0.197,fall,0.2237,0.0408,clip
C:\Users\Lenovo\Desktop\StyleMind\stylemind-cnn-training-pipeline\data\processed_dataset\Shorts\shorts143.jpg,Shorts,solid,0.2074,winter,0.2171,0.0174,clip
C:\Users\Lenovo\Desktop\StyleMind\stylemind-cnn-training-pipeline\data\processed_dataset\Formal_Pant\formal_pant061.jpg,Formal_Pant,solid,0.2109,all-season,0.1708,0.0033,low_confidence_fallback
C:\Users\Lenovo\Desktop\StyleMind\stylemind-cnn-training-pipeline\data\processed_dataset\Skirt\skirt119.jpg,Skirt,solid,0.2268,summer,0.1784,0.0154,clip
C:\Users\Lenovo\Desktop\StyleMind\stylemind-cnn-training-pipeline\data\processed_dataset\Top\top146.jpg,Top,solid,0.2476,all-season,0.1858,0.001,low_confidence_fallback
C:\Users\Lenovo\Desktop\StyleMind\stylemind-cnn-training-pipeline\data\processed_dataset\Top\top217.jpg,Top,pleated,0.2091,summer,0.2262,0.0761,clip
C:\Users\Lenovo\Desktop\StyleMind\stylemind-cnn-training-pipeline\data\processed_dataset\Jacket\jacket037.jpg,Jacket,solid,0.211,fall,0.2346,0.0241,clip
C:\Users\Lenovo\Desktop\StyleMind\stylemind-cnn-training-pipeline\data\processed_dataset\Warmwear\winter314.jpg,Warmwear,embroidered,0.2065,winter,0.2224,0.0161,clip
C:\Users\Lenovo\Desktop\StyleMind\stylemind-cnn-training-pipeline\data\processed_dataset\Top\top326.jpg,Top,solid,0.2348,summer,0.2219,0.0682,clip
C:\Users\Lenovo\Desktop\StyleMind\stylemind-cnn-training-pipeline\data\processed_dataset\Pants\pant353.jpg,Pants,floral,0.2502,fall,0.1727,0.014,clip
C:\Users\Lenovo\Desktop\StyleMind\stylemind-cnn-training-pipeline\data\processed_dataset\Skirt\skirt312.jpg,Skirt,pleated,0.2407,summer,0.1644,0.0101,clip
C:\Users\Lenovo\Desktop\StyleMind\stylemind-cnn-training-pipeline\data\processed_dataset\Warmwear\winter257.jpg,Warmwear,solid,0.1906,winter,0.2097,0.0139,clip
C:\Users\Lenovo\Desktop\StyleMind\stylemind-cnn-training-pipeline\data\processed_dataset\Pants\pant006.jpg,Pants,solid,0.1903,winter,0.2182,0.0477,clip
C:\Users\Lenovo\Desktop\StyleMind\stylemind-cnn-training-pipeline\data\processed_dataset\Shirt\shirt166.jpg,Shirt,checkered,0.2689,all-season,0.2432,0.0078,low_confidence_fallback
C:\Users\Lenovo\Desktop\StyleMind\stylemind-cnn-training-pipeline\data\processed_dataset\Warmwear\winter316.jpg,Warmwear,embroidered,0.2538,fall,0.2604,0.0434,clip
C:\Users\Lenovo\Desktop\StyleMind\stylemind-cnn-training-pipeline\data\processed_dataset\Top\top176.jpg,Top,solid,0.2085,summer,0.1898,0.0149,clip
C:\Users\Lenovo\Desktop\StyleMind\stylemind-cnn-training-pipeline\data\processed_dataset\Skirt\skirt177.jpg,Skirt,solid,0.1685,summer,0.1526,0.0103,clip
C:\Users\Lenovo\Desktop\StyleMind\stylemind-cnn-training-pipeline\data\processed_dataset\Dress\dress352.jpg,Dress,floral,0.2529,summer,0.1722,0.0242,clip
C:\Users\Lenovo\Desktop\StyleMind\stylemind-cnn-training-pipeline\data\processed_dataset\Formal_Pant\formal_pant321.jpg,Formal_Pant,solid,0.2129,summer,0.1848,0.0238,clip
C:\Users\Lenovo\Desktop\StyleMind\stylemind-cnn-training-pipeline\data\processed_dataset\Top\top318.jpg,Top,solid,0.1785,summer,0.1824,0.0478,clip
C:\Users\Lenovo\Desktop\StyleMind\stylemind-cnn-training-pipeline\data\processed_dataset\Dress\dress212.jpg,Dress,pleated,0.2564,summer,0.2113,0.0684,clip
C:\Users\Lenovo\Desktop\StyleMind\stylemind-cnn-training-pipeline\data\processed_dataset\Warmwear\winter065.jpg,Warmwear,embroidered,0.2357,all-season,0.2198,0.0059,low_confidence_fallback
C:\Users\Lenovo\Desktop\StyleMind\stylemind-cnn-training-pipeline\data\processed_dataset\Shirt\shirt088.jpg,Shirt,solid,0.2389,summer,0.2311,0.049,clip
C:\Users\Lenovo\Desktop\StyleMind\stylemind-cnn-training-pipeline\data\processed_dataset\Dress\dress073.jpg,Dress,pleated,0.2214,summer,0.1932,0.045,clip
C:\Users\Lenovo\Desktop\StyleMind\stylemind-cnn-training-pipeline\data\processed_dataset\Shirt\shirt210.jpg,Shirt,striped,0.2867,all-season,0.2271,0.0051,low_confidence_fallback
C:\Users\Lenovo\Desktop\StyleMind\stylemind-cnn-training-pipeline\data\processed_dataset\Formal_Pant\formal_pant051.jpg,Formal_Pant,striped,0.2098,all-season,0.1493,0.0017,low_confidence_fallback
C:\Users\Lenovo\Desktop\StyleMind\stylemind-cnn-training-pipeline\data\processed_dataset\Skirt\skirt280.jpg,Skirt,solid,0.1926,all-season,0.1655,0.0067,low_confidence_fallback
C:\Users\Lenovo\Desktop\StyleMind\stylemind-cnn-training-pipeline\data\processed_dataset\Top\top110.jpg,Top,pleated,0.2506,summer,0.2301,0.0225,clip
C:\Users\Lenovo\Desktop\StyleMind\stylemind-cnn-training-pipeline\data\processed_dataset\Jacket\jacket225.jpg,Jacket,solid,0.1944,fall,0.2317,0.0255,clip
C:\Users\Lenovo\Desktop\StyleMind\stylemind-cnn-training-pipeline\data\processed_dataset\Skirt\skirt187.jpg,Skirt,striped,0.2702,summer,0.1711,0.025,clip
C:\Users\Lenovo\Desktop\StyleMind\stylemind-cnn-training-pipeline\data\processed_dataset\Pants\pant336.jpg,Pants,solid,0.1863,fall,0.1486,0.0185,clip
C:\Users\Lenovo\Desktop\StyleMind\stylemind-cnn-training-pipeline\data\processed_dataset\Pants\pant368.jpg,Pants,solid,0.1722,fall,0.1654,0.0184,clip
C:\Users\Lenovo\Desktop\StyleMind\stylemind-cnn-training-pipeline\data\processed_dataset\Shirt\shirt211.jpg,Shirt,solid,0.2533,summer,0.2307,0.0293,clip
C:\Users\Lenovo\Desktop\StyleMind\stylemind-cnn-training-pipeline\data\processed_dataset\Top\top200.jpg,Top,solid,0.2522,summer,0.2586,0.0908,clip
C:\Users\Lenovo\Desktop\StyleMind\stylemind-cnn-training-pipeline\data\processed_dataset\Jacket\jacket032.jpg,Jacket,solid,0.1935,winter,0.2372,0.0348,clip
C:\Users\Lenovo\Desktop\StyleMind\stylemind-cnn-training-pipeline\data\processed_dataset\Skirt\skirt197.jpg,Skirt,solid,0.2194,summer,0.2119,0.0458,clip
C:\Users\Lenovo\Desktop\StyleMind\stylemind-cnn-training-pipeline\data\processed_dataset\Pants\pant412.jpg,Pants,solid,0.2346,all-season,0.1925,0.0095,low_confidence_fallback
C:\Users\Lenovo\Desktop\StyleMind\stylemind-cnn-training-pipeline\data\processed_dataset\Shorts\shorts201.jpg,Shorts,solid,0.1841,summer,0.1471,0.0104,clip
C:\Users\Lenovo\Desktop\StyleMind\stylemind-cnn-training-pipeline\data\processed_dataset\Top\top297.jpg,Top,checkered,0.2679,summer,0.2111,0.0759,clip
C:\Users\Lenovo\Desktop\StyleMind\stylemind-cnn-training-pipeline\data\processed_dataset\Jacket\jacket384.jpg,Jacket,solid,0.1756,winter,0.2181,0.0209,clip
C:\Users\Lenovo\Desktop\StyleMind\stylemind-cnn-training-pipeline\data\processed_dataset\Shorts\shorts316.jpg,Shorts,solid,0.1768,summer,0.1647,0.0264,clip
C:\Users\Lenovo\Desktop\StyleMind\stylemind-cnn-training-pipeline\data\processed_dataset\Jacket\jacket230.jpg,Jacket,solid,0.1972,all-season,0.1944,0.0059,low_confidence_fallback
C:\Users\Lenovo\Desktop\StyleMind\stylemind-cnn-training-pipeline\data\processed_dataset\Pants\pant133.jpg,Pants,solid,0.2104,all-season,0.151,0.0066,low_confidence_fallback
C:\Users\Lenovo\Desktop\StyleMind\stylemind-cnn-training-pipeline\data\processed_dataset\Top\top088.jpg,Top,solid,0.2315,summer,0.2064,0.0562,clip
C:\Users\Lenovo\Desktop\StyleMind\stylemind-cnn-training-pipeline\data\processed_dataset\Top\top028.jpg,Top,solid,0.2813,summer,0.2704,0.0656,clip
C:\Users\Lenovo\Desktop\StyleMind\stylemind-cnn-training-pipeline\data\processed_dataset\Dress\dress260.jpg,Dress,solid,0.2236,all-season,0.1915,0.0043,low_confidence_fallback
C:\Users\Lenovo\Desktop\StyleMind\stylemind-cnn-training-pipeline\data\processed_dataset\Shirt\shirt294.jpg,Shirt,solid,0.2486,summer,0.2349,0.0433,clip
C:\Users\Lenovo\Desktop\StyleMind\stylemind-cnn-training-pipeline\data\processed_dataset\Dress\dress282.jpg,Dress,pleated,0.2043,summer,0.185,0.0316,clip
C:\Users\Lenovo\Desktop\StyleMind\stylemind-cnn-training-pipeline\data\processed_dataset\Pants\pant098.jpg,Pants,pleated,0.2009,all-season,0.1563,0.0065,low_confidence_fallback
C:\Users\Lenovo\Desktop\StyleMind\stylemind-cnn-training-pipeline\data\processed_dataset\Blazer\blazer246.jpg,Blazer,solid,0.2075,fall,0.2224,0.0207,clip
C:\Users\Lenovo\Desktop\StyleMind\stylemind-cnn-training-pipeline\data\processed_dataset\Pants\pant055.jpg,Pants,floral,0.1634,winter,0.2007,0.0487,clip
C:\Users\Lenovo\Desktop\StyleMind\stylemind-cnn-training-pipeline\data\processed_dataset\Top\top365.jpg,Top,floral,0.1931,summer,0.1743,0.0653,clip
C:\Users\Lenovo\Desktop\StyleMind\stylemind-cnn-training-pipeline\data\processed_dataset\Warmwear\winter110.jpg,Warmwear,striped,0.2457,winter,0.2082,0.0185,clip
C:\Users\Lenovo\Desktop\StyleMind\stylemind-cnn-training-pipeline\data\processed_dataset\Shorts\shorts274.jpg,Shorts,solid,0.1181,summer,0.1121,0.0126,clip
C:\Users\Lenovo\Desktop\StyleMind\stylemind-cnn-training-pipeline\data\processed_dataset\Pants\pant371.jpg,Pants,embroidered,0.226,summer,0.1519,0.0107,clip
C:\Users\Lenovo\Desktop\StyleMind\stylemind-cnn-training-pipeline\data\processed_dataset\Skirt\skirt062.jpg,Skirt,pleated,0.3119,summer,0.2214,0.0403,clip
C:\Users\Lenovo\Desktop\StyleMind\stylemind-cnn-training-pipeline\data\processed_dataset\Shirt\shirt193.jpg,Shirt,solid,0.2848,summer,0.2537,0.0726,clip
C:\Users\Lenovo\Desktop\StyleMind\stylemind-cnn-training-pipeline\data\processed_dataset\Dress\dress143.jpg,Dress,pleated,0.1953,summer,0.1559,0.021,clip
C:\Users\Lenovo\Desktop\StyleMind\stylemind-cnn-training-pipeline\data\processed_dataset\Skirt\skirt158.jpg,Skirt,solid,0.243,summer,0.2068,0.027,clip
C:\Users\Lenovo\Desktop\StyleMind\stylemind-cnn-training-pipeline\data\processed_dataset\Formal_Pant\formal_pant130.jpg,Formal_Pant,solid,0.208,fall,0.181,0.0119,clip
C:\Users\Lenovo\Desktop\StyleMind\stylemind-cnn-training-pipeline\data\processed_dataset\Jacket\jacket132.jpg,Jacket,solid,0.2752,fall,0.2562,0.0101,clip
C:\Users\Lenovo\Desktop\StyleMind\stylemind-cnn-training-pipeline\data\processed_dataset\Formal_Pant\formal_pant054.jpg,Formal_Pant,striped,0.2142,all-season,0.1443,0.0023,low_confidence_fallback
C:\Users\Lenovo\Desktop\StyleMind\stylemind-cnn-training-pipeline\data\processed_dataset\Jacket\jacket242.jpg,Jacket,solid,0.1811,winter,0.1879,0.01,clip
C:\Users\Lenovo\Desktop\StyleMind\stylemind-cnn-training-pipeline\data\processed_dataset\Shirt\shirt007.jpg,Shirt,solid,0.2059,all-season,0.1757,0.0003,low_confidence_fallback
C:\Users\Lenovo\Desktop\StyleMind\stylemind-cnn-training-pipeline\data\processed_dataset\Pants\pant087.jpg,Pants,solid,0.1872,all-season,0.1455,0.003,low_confidence_fallback
C:\Users\Lenovo\Desktop\StyleMind\stylemind-cnn-training-pipeline\data\processed_dataset\Top\top073.jpg,Top,floral,0.2735,summer,0.2138,0.088,clip
C:\Users\Lenovo\Desktop\StyleMind\stylemind-cnn-training-pipeline\data\processed_dataset\Shirt\shirt183.jpg,Shirt,striped,0.2806,summer,0.2135,0.0115,clip
C:\Users\Lenovo\Desktop\StyleMind\stylemind-cnn-training-pipeline\data\processed_dataset\Formal_Pant\formal_pant215.jpg,Formal_Pant,solid,0.1743,fall,0.1511,0.0177,clip
C:\Users\Lenovo\Desktop\StyleMind\stylemind-cnn-training-pipeline\data\processed_dataset\Warmwear\winter330.jpg,Warmwear,solid,0.2131,all-season,0.2241,0.0023,low_confidence_fallback
C:\Users\Lenovo\Desktop\StyleMind\stylemind-cnn-training-pipeline\data\processed_dataset\Blazer\blazer349.jpg,Blazer,checkered,0.1828,fall,0.2311,0.0373,clip
C:\Users\Lenovo\Desktop\StyleMind\stylemind-cnn-training-pipeline\data\processed_dataset\Warmwear\winter286.jpg,Warmwear,solid,0.2003,all-season,0.2285,0.0059,low_confidence_fallback
C:\Users\Lenovo\Desktop\StyleMind\stylemind-cnn-training-pipeline\data\processed_dataset\Dress\dress251.jpg,Dress,solid,0.1946,all-season,0.1918,0.0062,low_confidence_fallback
C:\Users\Lenovo\Desktop\StyleMind\stylemind-cnn-training-pipeline\data\processed_dataset\Blazer\blazer105.jpg,Blazer,solid,0.1919,fall,0.1988,0.0274,clip
C:\Users\Lenovo\Desktop\StyleMind\stylemind-cnn-training-pipeline\data\processed_dataset\Shirt\shirt297.jpg,Shirt,striped,0.2535,summer,0.207,0.0426,clip
C:\Users\Lenovo\Desktop\StyleMind\stylemind-cnn-training-pipeline\data\processed_dataset\Shorts\shorts433.jpg,Shorts,solid,0.2019,summer,0.2013,0.0473,clip
C:\Users\Lenovo\Desktop\StyleMind\stylemind-cnn-training-pipeline\data\processed_dataset\Pants\pant126.jpg,Pants,solid,0.2107,all-season,0.1613,0.0033,low_confidence_fallback
C:\Users\Lenovo\Desktop\StyleMind\stylemind-cnn-training-pipeline\data\processed_dataset\Shorts\shorts163.jpg,Shorts,solid,0.1915,all-season,0.1562,0.0034,low_confidence_fallback
C:\Users\Lenovo\Desktop\StyleMind\stylemind-cnn-training-pipeline\data\processed_dataset\Jacket\jacket071.jpg,Jacket,solid,0.2351,fall,0.2335,0.0206,clip
C:\Users\Lenovo\Desktop\StyleMind\stylemind-cnn-training-pipeline\data\processed_dataset\Warmwear\winter179.jpg,Warmwear,solid,0.2309,all-season,0.2138,0.0008,low_confidence_fallback
C:\Users\Lenovo\Desktop\StyleMind\stylemind-cnn-training-pipeline\data\processed_dataset\Shorts\shorts388.jpg,Shorts,solid,0.2088,summer,0.1801,0.0225,clip
C:\Users\Lenovo\Desktop\StyleMind\stylemind-cnn-training-pipeline\data\processed_dataset\Dress\dress022.jpg,Dress,floral,0.2667,summer,0.2154,0.0563,clip
C:\Users\Lenovo\Desktop\StyleMind\stylemind-cnn-training-pipeline\data\processed_dataset\Blazer\blazer165.jpg,Blazer,solid,0.2063,fall,0.206,0.0272,clip
C:\Users\Lenovo\Desktop\StyleMind\stylemind-cnn-training-pipeline\data\processed_dataset\Dress\dress315.jpg,Dress,solid,0.1867,summer,0.1468,0.0221,clip
C:\Users\Lenovo\Desktop\StyleMind\stylemind-cnn-training-pipeline\data\processed_dataset\Top\top334.jpg,Top,checkered,0.2342,summer,0.238,0.0791,clip
C:\Users\Lenovo\Desktop\StyleMind\stylemind-cnn-training-pipeline\data\processed_dataset\Warmwear\winter166.jpg,Warmwear,solid,0.2349,all-season,0.2131,0.0032,low_confidence_fallback
C:\Users\Lenovo\Desktop\StyleMind\stylemind-cnn-training-pipeline\data\processed_dataset\Formal_Pant\formal_pant191.jpg,Formal_Pant,solid,0.1887,all-season,0.152,0.0081,low_confidence_fallback
C:\Users\Lenovo\Desktop\StyleMind\stylemind-cnn-training-pipeline\data\processed_dataset\Formal_Pant\formal_pant301.jpg,Formal_Pant,solid,0.1927,summer,0.1862,0.0443,clip
C:\Users\Lenovo\Desktop\StyleMind\stylemind-cnn-training-pipeline\data\processed_dataset\Shorts\shorts389.jpg,Shorts,solid,0.1866,summer,0.1943,0.056,clip
C:\Users\Lenovo\Desktop\StyleMind\stylemind-cnn-training-pipeline\data\processed_dataset\Jacket\jacket137.jpg,Jacket,solid,0.2507,all-season,0.2303,0.0093,low_confidence_fallback
C:\Users\Lenovo\Desktop\StyleMind\stylemind-cnn-training-pipeline\data\processed_dataset\Blazer\blazer395.jpg,Blazer,solid,0.1887,fall,0.2354,0.0403,clip
C:\Users\Lenovo\Desktop\StyleMind\stylemind-cnn-training-pipeline\data\processed_dataset\Pants\pant054.jpg,Pants,solid,0.2027,all-season,0.1875,0.0014,low_confidence_fallback
C:\Users\Lenovo\Desktop\StyleMind\stylemind-cnn-training-pipeline\data\processed_dataset\Dress\dress207.jpg,Dress,solid,0.2096,summer,0.1787,0.0178,clip
C:\Users\Lenovo\Desktop\StyleMind\stylemind-cnn-training-pipeline\data\processed_dataset\Shorts\shorts248.jpg,Shorts,solid,0.1859,summer,0.1483,0.0316,clip
C:\Users\Lenovo\Desktop\StyleMind\stylemind-cnn-training-pipeline\data\processed_dataset\Formal_Pant\formal_pant235.jpg,Formal_Pant,striped,0.2249,all-season,0.1619,0.0005,low_confidence_fallback
C:\Users\Lenovo\Desktop\StyleMind\stylemind-cnn-training-pipeline\data\processed_dataset\Warmwear\winter140.jpg,Warmwear,graphic,0.2059,fall,0.2236,0.0305,clip
C:\Users\Lenovo\Desktop\StyleMind\stylemind-cnn-training-pipeline\data\processed_dataset\Formal_Pant\formal_pant177.jpg,Formal_Pant,solid,0.2165,all-season,0.1814,0.0021,low_confidence_fallback
C:\Users\Lenovo\Desktop\StyleMind\stylemind-cnn-training-pipeline\data\processed_dataset\Shorts\shorts237.jpg,Shorts,solid,0.2277,all-season,0.1885,0.0015,low_confidence_fallback
C:\Users\Lenovo\Desktop\StyleMind\stylemind-cnn-training-pipeline\data\processed_dataset\Dress\dress110.jpg,Dress,checkered,0.2187,summer,0.2168,0.0781,clip
C:\Users\Lenovo\Desktop\StyleMind\stylemind-cnn-training-pipeline\data\processed_dataset\Shirt\shirt028.jpg,Shirt,solid,0.2456,summer,0.2289,0.0176,clip
C:\Users\Lenovo\Desktop\StyleMind\stylemind-cnn-training-pipeline\data\processed_dataset\Pants\pant256.jpg,Pants,striped,0.2203,summer,0.1786,0.0384,clip
C:\Users\Lenovo\Desktop\StyleMind\stylemind-cnn-training-pipeline\data\processed_dataset\Shorts\shorts116.jpg,Shorts,solid,0.1922,summer,0.1662,0.022,clip
C:\Users\Lenovo\Desktop\StyleMind\stylemind-cnn-training-pipeline\data\processed_dataset\Top\top351.jpg,Top,floral,0.2481,summer,0.204,0.0633,clip
C:\Users\Lenovo\Desktop\StyleMind\stylemind-cnn-training-pipeline\data\processed_dataset\Top\top056.jpg,Top,floral,0.2257,summer,0.1967,0.0282,clip
C:\Users\Lenovo\Desktop\StyleMind\stylemind-cnn-training-pipeline\data\processed_dataset\Blazer\blazer390.jpg,Blazer,embroidered,0.1912,fall,0.2305,0.0422,clip
C:\Users\Lenovo\Desktop\StyleMind\stylemind-cnn-training-pipeline\data\processed_dataset\Skirt\skirt374.jpg,Skirt,pleated,0.214,all-season,0.1777,0.0034,low_confidence_fallback
C:\Users\Lenovo\Desktop\StyleMind\stylemind-cnn-training-pipeline\data\processed_dataset\Formal_Pant\formal_pant057.jpg,Formal_Pant,solid,0.2043,fall,0.1752,0.0232,clip
C:\Users\Lenovo\Desktop\StyleMind\stylemind-cnn-training-pipeline\data\processed_dataset\Pants\pant406.jpg,Pants,graphic,0.1901,all-season,0.1502,0.0097,low_confidence_fallback
C:\Users\Lenovo\Desktop\StyleMind\stylemind-cnn-training-pipeline\data\processed_dataset\Shirt\shirt268.jpg,Shirt,checkered,0.2603,summer,0.2318,0.0548,clip
C:\Users\Lenovo\Desktop\StyleMind\stylemind-cnn-training-pipeline\data\processed_dataset\Top\top193.jpg,Top,solid,0.2197,all-season,0.1777,0.0015,low_confidence_fallback
C:\Users\Lenovo\Desktop\StyleMind\stylemind-cnn-training-pipeline\data\processed_dataset\Shirt\shirt201.jpg,Shirt,solid,0.2605,summer,0.2188,0.019,clip
C:\Users\Lenovo\Desktop\StyleMind\stylemind-cnn-training-pipeline\data\processed_dataset\Blazer\blazer248.jpg,Blazer,striped,0.2095,fall,0.2184,0.0207,clip
C:\Users\Lenovo\Desktop\StyleMind\stylemind-cnn-training-pipeline\data\processed_dataset\Top\top370.jpg,Top,solid,0.2195,summer,0.2492,0.0847,clip
C:\Users\Lenovo\Desktop\StyleMind\stylemind-cnn-training-pipeline\data\processed_dataset\Skirt\skirt323.jpg,Skirt,solid,0.2154,all-season,0.1753,0.0049,low_confidence_fallback
C:\Users\Lenovo\Desktop\StyleMind\stylemind-cnn-training-pipeline\data\processed_dataset\Pants\pant099.jpg,Pants,solid,0.2299,all-season,0.1855,0.0077,low_confidence_fallback
C:\Users\Lenovo\Desktop\StyleMind\stylemind-cnn-training-pipeline\data\processed_dataset\Shirt\shirt251.jpg,Shirt,striped,0.2792,fall,0.2375,0.0126,clip
C:\Users\Lenovo\Desktop\StyleMind\stylemind-cnn-training-pipeline\data\processed_dataset\Jacket\jacket177.jpg,Jacket,solid,0.2042,all-season,0.2014,0.0062,low_confidence_fallback
C:\Users\Lenovo\Desktop\StyleMind\stylemind-cnn-training-pipeline\data\processed_dataset\Shirt\shirt385.jpg,Shirt,solid,0.2296,summer,0.2143,0.0774,clip
C:\Users\Lenovo\Desktop\StyleMind\stylemind-cnn-training-pipeline\data\processed_dataset\Shorts\shorts336.jpg,Shorts,solid,0.2101,all-season,0.1842,0.0062,low_confidence_fallback
C:\Users\Lenovo\Desktop\StyleMind\stylemind-cnn-training-pipeline\data\processed_dataset\Blazer\blazer222.jpg,Blazer,striped,0.2256,fall,0.2199,0.0309,clip
C:\Users\Lenovo\Desktop\StyleMind\stylemind-cnn-training-pipeline\data\processed_dataset\Shirt\shirt233.jpg,Shirt,striped,0.276,all-season,0.2072,0.0093,low_confidence_fallback
C:\Users\Lenovo\Desktop\StyleMind\stylemind-cnn-training-pipeline\data\processed_dataset\Blazer\blazer311.jpg,Blazer,solid,0.2164,fall,0.2347,0.0342,clip
C:\Users\Lenovo\Desktop\StyleMind\stylemind-cnn-training-pipeline\data\processed_dataset\Shorts\shorts415.jpg,Shorts,solid,0.1984,summer,0.179,0.0396,clip
C:\Users\Lenovo\Desktop\StyleMind\stylemind-cnn-training-pipeline\data\processed_dataset\Skirt\skirt182.jpg,Skirt,floral,0.2365,summer,0.2195,0.0492,clip
C:\Users\Lenovo\Desktop\StyleMind\stylemind-cnn-training-pipeline\data\processed_dataset\Jacket\jacket269.jpg,Jacket,striped,0.158,all-season,0.1942,0.0082,low_confidence_fallback
C:\Users\Lenovo\Desktop\StyleMind\stylemind-cnn-training-pipeline\data\processed_dataset\Shirt\shirt184.jpg,Shirt,solid,0.2598,summer,0.2129,0.0123,clip
C:\Users\Lenovo\Desktop\StyleMind\stylemind-cnn-training-pipeline\data\processed_dataset\Jacket\jacket019.jpg,Jacket,solid,0.2024,winter,0.243,0.0509,clip
C:\Users\Lenovo\Desktop\StyleMind\stylemind-cnn-training-pipeline\data\processed_dataset\Pants\pant005.jpg,Pants,checkered,0.2276,winter,0.193,0.0303,clip
C:\Users\Lenovo\Desktop\StyleMind\stylemind-cnn-training-pipeline\data\processed_dataset\Pants\pant110.jpg,Pants,solid,0.1873,all-season,0.1561,0.0099,low_confidence_fallback
C:\Users\Lenovo\Desktop\StyleMind\stylemind-cnn-training-pipeline\data\processed_dataset\Warmwear\winter323.jpg,Warmwear,solid,0.213,all-season,0.2198,0.0097,low_confidence_fallback
C:\Users\Lenovo\Desktop\StyleMind\stylemind-cnn-training-pipeline\data\processed_dataset\Formal_Pant\formal_pant132.jpg,Formal_Pant,solid,0.239,summer,0.2258,0.0308,clip
C:\Users\Lenovo\Desktop\StyleMind\stylemind-cnn-training-pipeline\data\processed_dataset\Shorts\shorts089.jpg,Shorts,solid,0.2292,summer,0.1853,0.0312,clip
C:\Users\Lenovo\Desktop\StyleMind\stylemind-cnn-training-pipeline\data\processed_dataset\Skirt\skirt146.jpg,Skirt,pleated,0.2276,all-season,0.1734,0.0057,low_confidence_fallback
C:\Users\Lenovo\Desktop\StyleMind\stylemind-cnn-training-pipeline\data\processed_dataset\Blazer\blazer279.jpg,Blazer,embroidered,0.187,fall,0.2085,0.039,clip
C:\Users\Lenovo\Desktop\StyleMind\stylemind-cnn-training-pipeline\data\processed_dataset\Shorts\shorts250.jpg,Shorts,solid,0.1821,summer,0.1754,0.042,clip
C:\Users\Lenovo\Desktop\StyleMind\stylemind-cnn-training-pipeline\data\processed_dataset\Skirt\skirt051.jpg,Skirt,pleated,0.209,all-season,0.1672,0.0025,low_confidence_fallback
C:\Users\Lenovo\Desktop\StyleMind\stylemind-cnn-training-pipeline\data\processed_dataset\Blazer\blazer238.jpg,Blazer,solid,0.2165,fall,0.223,0.0322,clip
C:\Users\Lenovo\Desktop\StyleMind\stylemind-cnn-training-pipeline\data\processed_dataset\Blazer\blazer144.jpg,Blazer,pleated,0.2127,fall,0.2232,0.0417,clip
C:\Users\Lenovo\Desktop\StyleMind\stylemind-cnn-training-pipeline\data\processed_dataset\Pants\pant272.jpg,Pants,solid,0.1974,all-season,0.1778,0.004,low_confidence_fallback
C:\Users\Lenovo\Desktop\StyleMind\stylemind-cnn-training-pipeline\data\processed_dataset\Top\top384.jpg,Top,solid,0.2588,summer,0.2395,0.0651,clip
C:\Users\Lenovo\Desktop\StyleMind\stylemind-cnn-training-pipeline\data\processed_dataset\Dress\dress216.jpg,Dress,floral,0.217,summer,0.1684,0.0507,clip
C:\Users\Lenovo\Desktop\StyleMind\stylemind-cnn-training-pipeline\data\processed_dataset\Skirt\skirt326.jpg,Skirt,pleated,0.2245,all-season,0.1728,0.0022,low_confidence_fallback
C:\Users\Lenovo\Desktop\StyleMind\stylemind-cnn-training-pipeline\data\processed_dataset\Shirt\shirt171.jpg,Shirt,solid,0.2805,summer,0.248,0.0149,clip
C:\Users\Lenovo\Desktop\StyleMind\stylemind-cnn-training-pipeline\data\processed_dataset\Formal_Pant\formal_pant394.jpg,Formal_Pant,solid,0.2084,summer,0.1805,0.0169,clip
C:\Users\Lenovo\Desktop\StyleMind\stylemind-cnn-training-pipeline\data\processed_dataset\Jacket\jacket430.jpg,Jacket,solid,0.2029,all-season,0.195,0.0025,low_confidence_fallback
C:\Users\Lenovo\Desktop\StyleMind\stylemind-cnn-training-pipeline\data\processed_dataset\Top\top134.jpg,Top,floral,0.3057,summer,0.2553,0.0914,clip
C:\Users\Lenovo\Desktop\StyleMind\stylemind-cnn-training-pipeline\data\processed_dataset\Formal_Pant\formal_pant049.jpg,Formal_Pant,striped,0.2566,summer,0.2109,0.0398,clip
C:\Users\Lenovo\Desktop\StyleMind\stylemind-cnn-training-pipeline\data\processed_dataset\Warmwear\winter072.jpg,Warmwear,solid,0.196,winter,0.2085,0.0136,clip
C:\Users\Lenovo\Desktop\StyleMind\stylemind-cnn-training-pipeline\data\processed_dataset\Shorts\shorts393.jpg,Shorts,solid,0.1927,summer,0.1894,0.0362,clip
C:\Users\Lenovo\Desktop\StyleMind\stylemind-cnn-training-pipeline\data\processed_dataset\Pants\pant115.jpg,Pants,solid,0.208,all-season,0.138,0.0048,low_confidence_fallback
C:\Users\Lenovo\Desktop\StyleMind\stylemind-cnn-training-pipeline\data\processed_dataset\Warmwear\winter227.jpg,Warmwear,striped,0.2689,fall,0.203,0.0193,clip
C:\Users\Lenovo\Desktop\StyleMind\stylemind-cnn-training-pipeline\data\processed_dataset\Pants\pant312.jpg,Pants,solid,0.178,all-season,0.1302,0.0024,low_confidence_fallback
C:\Users\Lenovo\Desktop\StyleMind\stylemind-cnn-training-pipeline\data\processed_dataset\Jacket\jacket035.jpg,Jacket,solid,0.2476,fall,0.2283,0.0223,clip
C:\Users\Lenovo\Desktop\StyleMind\stylemind-cnn-training-pipeline\data\processed_dataset\Jacket\jacket389.jpg,Jacket,solid,0.2263,winter,0.2381,0.0328,clip
C:\Users\Lenovo\Desktop\StyleMind\stylemind-cnn-training-pipeline\data\processed_dataset\Dress\dress234.jpg,Dress,graphic,0.2284,all-season,0.186,0.0021,low_confidence_fallback
C:\Users\Lenovo\Desktop\StyleMind\stylemind-cnn-training-pipeline\data\processed_dataset\Formal_Pant\formal_pant059.jpg,Formal_Pant,solid,0.2092,summer,0.1922,0.0302,clip
C:\Users\Lenovo\Desktop\StyleMind\stylemind-cnn-training-pipeline\data\processed_dataset\Jacket\jacket433.jpg,Jacket,solid,0.2203,summer,0.2246,0.0153,clip
C:\Users\Lenovo\Desktop\StyleMind\stylemind-cnn-training-pipeline\data\processed_dataset\Formal_Pant\formal_pant392.jpg,Formal_Pant,striped,0.2276,summer,0.1691,0.0468,clip
C:\Users\Lenovo\Desktop\StyleMind\stylemind-cnn-training-pipeline\data\processed_dataset\Blazer\blazer097.jpg,Blazer,checkered,0.166,fall,0.217,0.0379,clip
C:\Users\Lenovo\Desktop\StyleMind\stylemind-cnn-training-pipeline\data\processed_dataset\Skirt\skirt101.jpg,Skirt,pleated,0.2257,summer,0.2013,0.0299,clip
C:\Users\Lenovo\Desktop\StyleMind\stylemind-cnn-training-pipeline\data\processed_dataset\Skirt\skirt209.jpg,Skirt,solid,0.2227,summer,0.2086,0.0534,clip
C:\Users\Lenovo\Desktop\StyleMind\stylemind-cnn-training-pipeline\data\processed_dataset\Skirt\skirt175.jpg,Skirt,pleated,0.2275,summer,0.2041,0.0419,clip
C:\Users\Lenovo\Desktop\StyleMind\stylemind-cnn-training-pipeline\data\processed_dataset\Pants\pant105.jpg,Pants,checkered,0.2424,summer,0.2128,0.053,clip
C:\Users\Lenovo\Desktop\StyleMind\stylemind-cnn-training-pipeline\data\processed_dataset\Formal_Pant\formal_pant206.jpg,Formal_Pant,striped,0.1894,all-season,0.1411,0.002,low_confidence_fallback
C:\Users\Lenovo\Desktop\StyleMind\stylemind-cnn-training-pipeline\data\processed_dataset\Top\top011.jpg,Top,solid,0.2063,summer,0.2124,0.0447,clip
C:\Users\Lenovo\Desktop\StyleMind\stylemind-cnn-training-pipeline\data\processed_dataset\Pants\pant343.jpg,Pants,solid,0.2051,all-season,0.1624,0.003,low_confidence_fallback
C:\Users\Lenovo\Desktop\StyleMind\stylemind-cnn-training-pipeline\data\processed_dataset\Pants\pant004.jpg,Pants,embroidered,0.2043,all-season,0.1792,0.0022,low_confidence_fallback
C:\Users\Lenovo\Desktop\StyleMind\stylemind-cnn-training-pipeline\data\processed_dataset\Shorts\shorts421.jpg,Shorts,graphic,0.1855,all-season,0.1398,0.0039,low_confidence_fallback
C:\Users\Lenovo\Desktop\StyleMind\stylemind-cnn-training-pipeline\data\processed_dataset\Shorts\shorts367.jpg,Shorts,solid,0.247,summer,0.233,0.0701,clip
C:\Users\Lenovo\Desktop\StyleMind\stylemind-cnn-training-pipeline\data\processed_dataset\Top\top223.jpg,Top,graphic,0.1776,summer,0.1516,0.054,clip
C:\Users\Lenovo\Desktop\StyleMind\stylemind-cnn-training-pipeline\data\processed_dataset\Skirt\skirt245.jpg,Skirt,pleated,0.1637,summer,0.1464,0.0197,clip
C:\Users\Lenovo\Desktop\StyleMind\stylemind-cnn-training-pipeline\data\processed_dataset\Pants\pant329.jpg,Pants,solid,0.1936,all-season,0.1535,0.0007,low_confidence_fallback
C:\Users\Lenovo\Desktop\StyleMind\stylemind-cnn-training-pipeline\data\processed_dataset\Pants\pant445.jpg,Pants,solid,0.1639,winter,0.1541,0.0158,clip
C:\Users\Lenovo\Desktop\StyleMind\stylemind-cnn-training-pipeline\data\processed_dataset\Dress\dress317.jpg,Dress,pleated,0.2386,summer,0.2023,0.0555,clip
C:\Users\Lenovo\Desktop\StyleMind\stylemind-cnn-training-pipeline\data\processed_dataset\Skirt\skirt094.jpg,Skirt,solid,0.244,all-season,0.1835,0.0064,low_confidence_fallback
C:\Users\Lenovo\Desktop\StyleMind\stylemind-cnn-training-pipeline\data\processed_dataset\Top\top198.jpg,Top,pleated,0.2138,summer,0.2026,0.0491,clip
C:\Users\Lenovo\Desktop\StyleMind\stylemind-cnn-training-pipeline\data\processed_dataset\Shorts\shorts093.jpg,Shorts,solid,0.1789,summer,0.1584,0.0258,clip
C:\Users\Lenovo\Desktop\StyleMind\stylemind-cnn-training-pipeline\data\processed_dataset\Blazer\blazer073.jpg,Blazer,solid,0.197,fall,0.217,0.0253,clip
C:\Users\Lenovo\Desktop\StyleMind\stylemind-cnn-training-pipeline\data\processed_dataset\Blazer\blazer385.jpg,Blazer,solid,0.2015,fall,0.2434,0.0465,clip
C:\Users\Lenovo\Desktop\StyleMind\stylemind-cnn-training-pipeline\data\processed_dataset\Shorts\shorts026.jpg,Shorts,solid,0.1967,summer,0.2067,0.0372,clip
C:\Users\Lenovo\Desktop\StyleMind\stylemind-cnn-training-pipeline\data\processed_dataset\Top\top247.jpg,Top,solid,0.1828,summer,0.1964,0.073,clip
C:\Users\Lenovo\Desktop\StyleMind\stylemind-cnn-training-pipeline\data\processed_dataset\Warmwear\winter162.jpg,Warmwear,solid,0.2196,all-season,0.18,0.0085,low_confidence_fallback
C:\Users\Lenovo\Desktop\StyleMind\stylemind-cnn-training-pipeline\data\processed_dataset\Warmwear\winter215.jpg,Warmwear,solid,0.226,all-season,0.2308,0.0074,low_confidence_fallback
C:\Users\Lenovo\Desktop\StyleMind\stylemind-cnn-training-pipeline\data\processed_dataset\Skirt\skirt421.jpg,Skirt,solid,0.2035,summer,0.1524,0.0119,clip
C:\Users\Lenovo\Desktop\StyleMind\stylemind-cnn-training-pipeline\data\processed_dataset\Blazer\blazer077.jpg,Blazer,solid,0.2362,fall,0.2227,0.0226,clip
C:\Users\Lenovo\Desktop\StyleMind\stylemind-cnn-training-pipeline\data\processed_dataset\Jacket\jacket434.jpg,Jacket,solid,0.2427,winter,0.2341,0.0103,clip
C:\Users\Lenovo\Desktop\StyleMind\stylemind-cnn-training-pipeline\data\processed_dataset\Formal_Pant\formal_pant151.jpg,Formal_Pant,solid,0.2238,all-season,0.1736,0.003,low_confidence_fallback
C:\Users\Lenovo\Desktop\StyleMind\stylemind-cnn-training-pipeline\data\processed_dataset\Blazer\blazer125.jpg,Blazer,solid,0.2309,all-season,0.2179,0.0036,low_confidence_fallback
C:\Users\Lenovo\Desktop\StyleMind\stylemind-cnn-training-pipeline\data\processed_dataset\Top\top335.jpg,Top,floral,0.2215,summer,0.2177,0.0787,clip
C:\Users\Lenovo\Desktop\StyleMind\stylemind-cnn-training-pipeline\data\processed_dataset\Jacket\jacket357.jpg,Jacket,solid,0.2159,winter,0.2535,0.0342,clip
C:\Users\Lenovo\Desktop\StyleMind\stylemind-cnn-training-pipeline\data\processed_dataset\Formal_Pant\formal_pant341.jpg,Formal_Pant,solid,0.2369,fall,0.2032,0.0221,clip
C:\Users\Lenovo\Desktop\StyleMind\stylemind-cnn-training-pipeline\data\processed_dataset\Jacket\jacket160.jpg,Jacket,solid,0.1631,winter,0.219,0.033,clip
C:\Users\Lenovo\Desktop\StyleMind\stylemind-cnn-training-pipeline\data\processed_dataset\Jacket\jacket243.jpg,Jacket,solid,0.26,all-season,0.2699,0.0002,low_confidence_fallback
C:\Users\Lenovo\Desktop\StyleMind\stylemind-cnn-training-pipeline\data\processed_dataset\Blazer\blazer354.jpg,Blazer,solid,0.212,fall,0.2238,0.0558,clip
C:\Users\Lenovo\Desktop\StyleMind\stylemind-cnn-training-pipeline\data\processed_dataset\Blazer\blazer379.jpg,Blazer,striped,0.2354,fall,0.2237,0.0348,clip
C:\Users\Lenovo\Desktop\StyleMind\stylemind-cnn-training-pipeline\data\processed_dataset\Shorts\shorts157.jpg,Shorts,solid,0.1754,summer,0.1535,0.0108,clip
C:\Users\Lenovo\Desktop\StyleMind\stylemind-cnn-training-pipeline\data\processed_dataset\Dress\dress197.jpg,Dress,solid,0.2293,summer,0.1914,0.0392,clip
C:\Users\Lenovo\Desktop\StyleMind\stylemind-cnn-training-pipeline\data\processed_dataset\Warmwear\winter251.jpg,Warmwear,embroidered,0.1932,winter,0.2108,0.0105,clip
C:\Users\Lenovo\Desktop\StyleMind\stylemind-cnn-training-pipeline\data\processed_dataset\Top\top202.jpg,Top,solid,0.1798,summer,0.1675,0.0371,clip
C:\Users\Lenovo\Desktop\StyleMind\stylemind-cnn-training-pipeline\data\processed_dataset\Blazer\blazer145.jpg,Blazer,solid,0.2065,fall,0.242,0.0359,clip
C:\Users\Lenovo\Desktop\StyleMind\stylemind-cnn-training-pipeline\data\processed_dataset\Skirt\skirt324.jpg,Skirt,solid,0.2605,summer,0.2212,0.0189,clip
C:\Users\Lenovo\Desktop\StyleMind\stylemind-cnn-training-pipeline\data\processed_dataset\Dress\dress297.jpg,Dress,pleated,0.2512,summer,0.2203,0.0662,clip
C:\Users\Lenovo\Desktop\StyleMind\stylemind-cnn-training-pipeline\data\processed_dataset\Shorts\shorts341.jpg,Shorts,solid,0.1963,summer,0.1756,0.0325,clip
C:\Users\Lenovo\Desktop\StyleMind\stylemind-cnn-training-pipeline\data\processed_dataset\Warmwear\winter229.jpg,Warmwear,solid,0.2207,all-season,0.1977,0.0083,low_confidence_fallback
C:\Users\Lenovo\Desktop\StyleMind\stylemind-cnn-training-pipeline\data\processed_dataset\Formal_Pant\formal_pant336.jpg,Formal_Pant,pleated,0.2163,summer,0.1859,0.0319,clip
C:\Users\Lenovo\Desktop\StyleMind\stylemind-cnn-training-pipeline\data\processed_dataset\Dress\dress351.jpg,Dress,solid,0.204,summer,0.1857,0.0569,clip
C:\Users\Lenovo\Desktop\StyleMind\stylemind-cnn-training-pipeline\data\processed_dataset\Jacket\jacket298.jpg,Jacket,solid,0.1739,winter,0.2226,0.024,clip
C:\Users\Lenovo\Desktop\StyleMind\stylemind-cnn-training-pipeline\data\processed_dataset\Warmwear\winter255.jpg,Warmwear,embroidered,0.2185,all-season,0.2117,0.0069,low_confidence_fallback
C:\Users\Lenovo\Desktop\StyleMind\stylemind-cnn-training-pipeline\data\processed_dataset\Top\top155.jpg,Top,solid,0.2276,summer,0.2193,0.0102,clip
C:\Users\Lenovo\Desktop\StyleMind\stylemind-cnn-training-pipeline\data\processed_dataset\Formal_Pant\formal_pant268.jpg,Formal_Pant,solid,0.1772,fall,0.1704,0.0138,clip
C:\Users\Lenovo\Desktop\StyleMind\stylemind-cnn-training-pipeline\data\processed_dataset\Shorts\shorts440.jpg,Shorts,solid,0.1948,summer,0.1824,0.0574,clip
C:\Users\Lenovo\Desktop\StyleMind\stylemind-cnn-training-pipeline\data\processed_dataset\Jacket\jacket003.jpg,Jacket,solid,0.1877,all-season,0.1825,0.0017,low_confidence_fallback
C:\Users\Lenovo\Desktop\StyleMind\stylemind-cnn-training-pipeline\data\processed_dataset\Shorts\shorts120.jpg,Shorts,solid,0.2232,summer,0.2147,0.0586,clip
C:\Users\Lenovo\Desktop\StyleMind\stylemind-cnn-training-pipeline\data\processed_dataset\Shirt\shirt061.jpg,Shirt,solid,0.2579,fall,0.2206,0.0196,clip
C:\Users\Lenovo\Desktop\StyleMind\stylemind-cnn-training-pipeline\data\processed_dataset\Warmwear\winter313.jpg,Warmwear,graphic,0.2201,winter,0.2446,0.0308,clip
C:\Users\Lenovo\Desktop\StyleMind\stylemind-cnn-training-pipeline\data\processed_dataset\Shorts\shorts225.jpg,Shorts,solid,0.2257,summer,0.2203,0.068,clip
C:\Users\Lenovo\Desktop\StyleMind\stylemind-cnn-training-pipeline\data\processed_dataset\Warmwear\winter071.jpg,Warmwear,solid,0.2036,winter,0.1986,0.0151,clip
C:\Users\Lenovo\Desktop\StyleMind\stylemind-cnn-training-pipeline\data\processed_dataset\Skirt\skirt267.jpg,Skirt,solid,0.2257,summer,0.1908,0.037,clip
C:\Users\Lenovo\Desktop\StyleMind\stylemind-cnn-training-pipeline\data\processed_dataset\Shirt\shirt222.jpg,Shirt,striped,0.2404,fall,0.2185,0.027,clip
C:\Users\Lenovo\Desktop\StyleMind\stylemind-cnn-training-pipeline\data\processed_dataset\Pants\pant270.jpg,Pants,solid,0.1971,summer,0.1638,0.0125,clip
C:\Users\Lenovo\Desktop\StyleMind\stylemind-cnn-training-pipeline\data\processed_dataset\Skirt\skirt369.jpg,Skirt,solid,0.2302,all-season,0.1771,0.0068,low_confidence_fallback
C:\Users\Lenovo\Desktop\StyleMind\stylemind-cnn-training-pipeline\data\processed_dataset\Jacket\jacket021.jpg,Jacket,solid,0.2126,all-season,0.2662,0.0071,low_confidence_fallback
C:\Users\Lenovo\Desktop\StyleMind\stylemind-cnn-training-pipeline\data\processed_dataset\Top\top296.jpg,Top,graphic,0.2143,summer,0.2269,0.0597,clip
C:\Users\Lenovo\Desktop\StyleMind\stylemind-cnn-training-pipeline\data\processed_dataset\Shirt\shirt327.jpg,Shirt,checkered,0.235,summer,0.2119,0.047,clip
C:\Users\Lenovo\Desktop\StyleMind\stylemind-cnn-training-pipeline\data\processed_dataset\Dress\dress309.jpg,Dress,pleated,0.2237,summer,0.202,0.0595,clip
C:\Users\Lenovo\Desktop\StyleMind\stylemind-cnn-training-pipeline\data\processed_dataset\Top\top072.jpg,Top,solid,0.2031,summer,0.217,0.0614,clip
C:\Users\Lenovo\Desktop\StyleMind\stylemind-cnn-training-pipeline\data\processed_dataset\Shorts\shorts298.jpg,Shorts,embroidered,0.1806,summer,0.1607,0.0269,clip
C:\Users\Lenovo\Desktop\StyleMind\stylemind-cnn-training-pipeline\data\processed_dataset\Warmwear\winter317.jpg,Warmwear,embroidered,0.2254,fall,0.2309,0.018,clip
C:\Users\Lenovo\Desktop\StyleMind\stylemind-cnn-training-pipeline\data\processed_dataset\Blazer\blazer212.jpg,Blazer,solid,0.2065,fall,0.2256,0.048,clip
C:\Users\Lenovo\Desktop\StyleMind\stylemind-cnn-training-pipeline\data\processed_dataset\Top\top375.jpg,Top,solid,0.2245,summer,0.2327,0.0879,clip
C:\Users\Lenovo\Desktop\StyleMind\stylemind-cnn-training-pipeline\data\processed_dataset\Shirt\shirt292.jpg,Shirt,checkered,0.3018,summer,0.2222,0.0251,clip
C:\Users\Lenovo\Desktop\StyleMind\stylemind-cnn-training-pipeline\data\processed_dataset\Warmwear\winter064.jpg,Warmwear,floral,0.2393,fall,0.2391,0.0298,clip
C:\Users\Lenovo\Desktop\StyleMind\stylemind-cnn-training-pipeline\data\processed_dataset\Pants\pant061.jpg,Pants,pleated,0.2116,summer,0.1743,0.0158,clip
C:\Users\Lenovo\Desktop\StyleMind\stylemind-cnn-training-pipeline\data\processed_dataset\Skirt\skirt079.jpg,Skirt,solid,0.2539,fall,0.2102,0.013,clip
C:\Users\Lenovo\Desktop\StyleMind\stylemind-cnn-training-pipeline\data\processed_dataset\Warmwear\winter374.jpg,Warmwear,solid,0.1848,all-season,0.1819,0.0013,low_confidence_fallback
C:\Users\Lenovo\Desktop\StyleMind\stylemind-cnn-training-pipeline\data\processed_dataset\Jacket\jacket453.jpg,Jacket,checkered,0.2104,all-season,0.2129,0.0076,low_confidence_fallback
C:\Users\Lenovo\Desktop\StyleMind\stylemind-cnn-training-pipeline\data\processed_dataset\Pants\pant226.jpg,Pants,solid,0.1935,winter,0.1486,0.0116,clip
C:\Users\Lenovo\Desktop\StyleMind\stylemind-cnn-training-pipeline\data\processed_dataset\Top\top041.jpg,Top,solid,0.2296,summer,0.2166,0.0622,clip
C:\Users\Lenovo\Desktop\StyleMind\stylemind-cnn-training-pipeline\data\processed_dataset\Jacket\jacket092.jpg,Jacket,solid,0.19,winter,0.1755,0.0224,clip
C:\Users\Lenovo\Desktop\StyleMind\stylemind-cnn-training-pipeline\data\processed_dataset\Shirt\shirt351.jpg,Shirt,solid,0.2018,fall,0.1928,0.0212,clip
C:\Users\Lenovo\Desktop\StyleMind\stylemind-cnn-training-pipeline\data\processed_dataset\Formal_Pant\formal_pant295.jpg,Formal_Pant,solid,0.2016,fall,0.1712,0.012,clip
C:\Users\Lenovo\Desktop\StyleMind\stylemind-cnn-training-pipeline\data\processed_dataset\Jacket\jacket439.jpg,Jacket,solid,0.2354,summer,0.2139,0.0206,clip
C:\Users\Lenovo\Desktop\StyleMind\stylemind-cnn-training-pipeline\data\processed_dataset\Top\top031.jpg,Top,solid,0.2008,summer,0.2019,0.0664,clip
C:\Users\Lenovo\Desktop\StyleMind\stylemind-cnn-training-pipeline\data\processed_dataset\Formal_Pant\formal_pant284.jpg,Formal_Pant,solid,0.1905,fall,0.1615,0.0166,clip
C:\Users\Lenovo\Desktop\StyleMind\stylemind-cnn-training-pipeline\data\processed_dataset\Top\top278.jpg,Top,solid,0.2082,summer,0.2171,0.0559,clip
C:\Users\Lenovo\Desktop\StyleMind\stylemind-cnn-training-pipeline\data\processed_dataset\Formal_Pant\formal_pant308.jpg,Formal_Pant,solid,0.2412,all-season,0.186,0.0097,low_confidence_fallback
C:\Users\Lenovo\Desktop\StyleMind\stylemind-cnn-training-pipeline\data\processed_dataset\Jacket\jacket252.jpg,Jacket,solid,0.2271,all-season,0.1987,0.0084,low_confidence_fallback
C:\Users\Lenovo\Desktop\StyleMind\stylemind-cnn-training-pipeline\data\processed_dataset\Blazer\blazer423.jpg,Blazer,solid,0.2409,fall,0.2561,0.0447,clip
C:\Users\Lenovo\Desktop\StyleMind\stylemind-cnn-training-pipeline\data\processed_dataset\Jacket\jacket054.jpg,Jacket,solid,0.2367,fall,0.239,0.0262,clip
C:\Users\Lenovo\Desktop\StyleMind\stylemind-cnn-training-pipeline\data\processed_dataset\Top\top162.jpg,Top,graphic,0.2277,summer,0.216,0.0503,clip
C:\Users\Lenovo\Desktop\StyleMind\stylemind-cnn-training-pipeline\data\processed_dataset\Shirt\shirt013.jpg,Shirt,striped,0.2718,all-season,0.2261,0.0027,low_confidence_fallback
C:\Users\Lenovo\Desktop\StyleMind\stylemind-cnn-training-pipeline\data\processed_dataset\Skirt\skirt268.jpg,Skirt,solid,0.2347,summer,0.2102,0.0217,clip
C:\Users\Lenovo\Desktop\StyleMind\stylemind-cnn-training-pipeline\data\processed_dataset\Jacket\jacket066.jpg,Jacket,solid,0.2019,fall,0.2097,0.0305,clip
C:\Users\Lenovo\Desktop\StyleMind\stylemind-cnn-training-pipeline\data\processed_dataset\Formal_Pant\formal_pant164.jpg,Formal_Pant,pleated,0.2445,summer,0.1971,0.0204,clip
C:\Users\Lenovo\Desktop\StyleMind\stylemind-cnn-training-pipeline\data\processed_dataset\Shorts\shorts052.jpg,Shorts,solid,0.2048,summer,0.1974,0.0421,clip
C:\Users\Lenovo\Desktop\StyleMind\stylemind-cnn-training-pipeline\data\processed_dataset\Blazer\blazer141.jpg,Blazer,striped,0.2529,fall,0.2381,0.0357,clip
C:\Users\Lenovo\Desktop\StyleMind\stylemind-cnn-training-pipeline\data\processed_dataset\Jacket\jacket018.jpg,Jacket,solid,0.2361,all-season,0.2327,0.0076,low_confidence_fallback
C:\Users\Lenovo\Desktop\StyleMind\stylemind-cnn-training-pipeline\data\processed_dataset\Blazer\blazer058.jpg,Blazer,solid,0.2375,fall,0.2042,0.0159,clip
C:\Users\Lenovo\Desktop\StyleMind\stylemind-cnn-training-pipeline\data\processed_dataset\Warmwear\winter305.jpg,Warmwear,graphic,0.1736,winter,0.1719,0.0365,clip
C:\Users\Lenovo\Desktop\StyleMind\stylemind-cnn-training-pipeline\data\processed_dataset\Top\top049.jpg,Top,solid,0.2384,summer,0.2139,0.0576,clip
C:\Users\Lenovo\Desktop\StyleMind\stylemind-cnn-training-pipeline\data\processed_dataset\Jacket\jacket388.jpg,Jacket,solid,0.2373,winter,0.2724,0.0196,clip
C:\Users\Lenovo\Desktop\StyleMind\stylemind-cnn-training-pipeline\data\processed_dataset\Pants\pant444.jpg,Pants,solid,0.1922,winter,0.1587,0.015,clip
C:\Users\Lenovo\Desktop\StyleMind\stylemind-cnn-training-pipeline\data\processed_dataset\Formal_Pant\formal_pant209.jpg,Formal_Pant,solid,0.1815,summer,0.1684,0.0403,clip
C:\Users\Lenovo\Desktop\StyleMind\stylemind-cnn-training-pipeline\data\processed_dataset\Blazer\blazer431.jpg,Blazer,checkered,0.2477,fall,0.2149,0.0358,clip
C:\Users\Lenovo\Desktop\StyleMind\stylemind-cnn-training-pipeline\data\processed_dataset\Jacket\jacket063.jpg,Jacket,solid,0.2307,winter,0.2624,0.0273,clip
C:\Users\Lenovo\Desktop\StyleMind\stylemind-cnn-training-pipeline\data\processed_dataset\Dress\dress245.jpg,Dress,solid,0.2075,fall,0.2023,0.0115,clip
C:\Users\Lenovo\Desktop\StyleMind\stylemind-cnn-training-pipeline\data\processed_dataset\Jacket\jacket314.jpg,Jacket,solid,0.2359,fall,0.2482,0.0119,clip
C:\Users\Lenovo\Desktop\StyleMind\stylemind-cnn-training-pipeline\data\processed_dataset\Dress\dress381.jpg,Dress,floral,0.2553,summer,0.1844,0.0312,clip
C:\Users\Lenovo\Desktop\StyleMind\stylemind-cnn-training-pipeline\data\processed_dataset\Formal_Pant\formal_pant064.jpg,Formal_Pant,solid,0.2273,all-season,0.1868,0.0047,low_confidence_fallback
C:\Users\Lenovo\Desktop\StyleMind\stylemind-cnn-training-pipeline\data\processed_dataset\Top\top397.jpg,Top,pleated,0.3017,summer,0.279,0.093,clip
C:\Users\Lenovo\Desktop\StyleMind\stylemind-cnn-training-pipeline\data\processed_dataset\Shirt\shirt309.jpg,Shirt,solid,0.2364,summer,0.1974,0.032,clip
C:\Users\Lenovo\Desktop\StyleMind\stylemind-cnn-training-pipeline\data\processed_dataset\Dress\dress050.jpg,Dress,floral,0.27,all-season,0.1748,0.0042,low_confidence_fallback
C:\Users\Lenovo\Desktop\StyleMind\stylemind-cnn-training-pipeline\data\processed_dataset\Top\top323.jpg,Top,solid,0.228,summer,0.2412,0.0894,clip
C:\Users\Lenovo\Desktop\StyleMind\stylemind-cnn-training-pipeline\data\processed_dataset\Shirt\shirt342.jpg,Shirt,striped,0.2811,summer,0.2586,0.0861,clip
C:\Users\Lenovo\Desktop\StyleMind\stylemind-cnn-training-pipeline\data\processed_dataset\Skirt\skirt424.jpg,Skirt,pleated,0.2451,summer,0.1922,0.0102,clip
C:\Users\Lenovo\Desktop\StyleMind\stylemind-cnn-training-pipeline\data\processed_dataset\Formal_Pant\formal_pant023.jpg,Formal_Pant,solid,0.1866,all-season,0.1543,0.0084,low_confidence_fallback
C:\Users\Lenovo\Desktop\StyleMind\stylemind-cnn-training-pipeline\data\processed_dataset\Top\top038.jpg,Top,solid,0.2286,summer,0.2075,0.0534,clip
C:\Users\Lenovo\Desktop\StyleMind\stylemind-cnn-training-pipeline\data\processed_dataset\Jacket\jacket253.jpg,Jacket,solid,0.1656,all-season,0.1573,0.0016,low_confidence_fallback
C:\Users\Lenovo\Desktop\StyleMind\stylemind-cnn-training-pipeline\data\processed_dataset\Top\top085.jpg,Top,solid,0.266,summer,0.2248,0.0452,clip
C:\Users\Lenovo\Desktop\StyleMind\stylemind-cnn-training-pipeline\data\processed_dataset\Jacket\jacket028.jpg,Jacket,solid,0.2511,all-season,0.2363,0.0031,low_confidence_fallback
C:\Users\Lenovo\Desktop\StyleMind\stylemind-cnn-training-pipeline\data\processed_dataset\Dress\dress029.jpg,Dress,embroidered,0.1689,summer,0.1587,0.0387,clip
C:\Users\Lenovo\Desktop\StyleMind\stylemind-cnn-training-pipeline\data\processed_dataset\Pants\pant432.jpg,Pants,solid,0.2027,all-season,0.1645,0.0028,low_confidence_fallback
C:\Users\Lenovo\Desktop\StyleMind\stylemind-cnn-training-pipeline\data\processed_dataset\Jacket\jacket380.jpg,Jacket,solid,0.2036,fall,0.2296,0.0238,clip
C:\Users\Lenovo\Desktop\StyleMind\stylemind-cnn-training-pipeline\data\processed_dataset\Skirt\skirt090.jpg,Skirt,pleated,0.2439,summer,0.1793,0.0118,clip
C:\Users\Lenovo\Desktop\StyleMind\stylemind-cnn-training-pipeline\data\processed_dataset\Jacket\jacket084.jpg,Jacket,solid,0.2556,fall,0.2422,0.027,clip
C:\Users\Lenovo\Desktop\StyleMind\stylemind-cnn-training-pipeline\data\processed_dataset\Shirt\shirt163.jpg,Shirt,solid,0.2467,summer,0.2045,0.0289,clip
C:\Users\Lenovo\Desktop\StyleMind\stylemind-cnn-training-pipeline\data\processed_dataset\Shirt\shirt212.jpg,Shirt,solid,0.279,summer,0.2528,0.0495,clip
C:\Users\Lenovo\Desktop\StyleMind\stylemind-cnn-training-pipeline\data\processed_dataset\Skirt\skirt081.jpg,Skirt,solid,0.2506,fall,0.2227,0.0316,clip
C:\Users\Lenovo\Desktop\StyleMind\stylemind-cnn-training-pipeline\data\processed_dataset\Blazer\blazer286.jpg,Blazer,solid,0.1826,all-season,0.2031,0.0073,low_confidence_fallback
C:\Users\Lenovo\Desktop\StyleMind\stylemind-cnn-training-pipeline\data\processed_dataset\Shirt\shirt278.jpg,Shirt,checkered,0.2567,all-season,0.1711,0.0056,low_confidence_fallback
C:\Users\Lenovo\Desktop\StyleMind\stylemind-cnn-training-pipeline\data\processed_dataset\Jacket\jacket099.jpg,Jacket,solid,0.2421,all-season,0.2354,0.0081,low_confidence_fallback
C:\Users\Lenovo\Desktop\StyleMind\stylemind-cnn-training-pipeline\data\processed_dataset\Shorts\shorts352.jpg,Shorts,solid,0.2107,summer,0.2163,0.0683,clip
C:\Users\Lenovo\Desktop\StyleMind\stylemind-cnn-training-pipeline\data\processed_dataset\Warmwear\winter270.jpg,Warmwear,solid,0.1728,winter,0.201,0.0536,clip
C:\Users\Lenovo\Desktop\StyleMind\stylemind-cnn-training-pipeline\data\processed_dataset\Jacket\jacket183.jpg,Jacket,solid,0.1878,fall,0.1871,0.0208,clip
C:\Users\Lenovo\Desktop\StyleMind\stylemind-cnn-training-pipeline\data\processed_dataset\Shirt\shirt030.jpg,Shirt,striped,0.2624,summer,0.25,0.0252,clip
C:\Users\Lenovo\Desktop\StyleMind\stylemind-cnn-training-pipeline\data\processed_dataset\Shorts\shorts397.jpg,Shorts,solid,0.211,all-season,0.1877,0.0057,low_confidence_fallback
C:\Users\Lenovo\Desktop\StyleMind\stylemind-cnn-training-pipeline\data\processed_dataset\Shirt\shirt156.jpg,Shirt,solid,0.2842,summer,0.2439,0.0271,clip
C:\Users\Lenovo\Desktop\StyleMind\stylemind-cnn-training-pipeline\data\processed_dataset\Shirt\shirt032.jpg,Shirt,striped,0.2557,fall,0.2105,0.0221,clip
C:\Users\Lenovo\Desktop\StyleMind\stylemind-cnn-training-pipeline\data\processed_dataset\Jacket\jacket050.jpg,Jacket,solid,0.1921,all-season,0.1673,0.0072,low_confidence_fallback
C:\Users\Lenovo\Desktop\StyleMind\stylemind-cnn-training-pipeline\data\processed_dataset\Pants\pant124.jpg,Pants,solid,0.1748,winter,0.1782,0.0258,clip
C:\Users\Lenovo\Desktop\StyleMind\stylemind-cnn-training-pipeline\data\processed_dataset\Jacket\jacket241.jpg,Jacket,solid,0.1764,fall,0.1855,0.0116,clip
C:\Users\Lenovo\Desktop\StyleMind\stylemind-cnn-training-pipeline\data\processed_dataset\Shirt\shirt336.jpg,Shirt,solid,0.2677,summer,0.2575,0.0583,clip
C:\Users\Lenovo\Desktop\StyleMind\stylemind-cnn-training-pipeline\data\processed_dataset\Formal_Pant\formal_pant019.jpg,Formal_Pant,solid,0.1955,all-season,0.1581,0.0003,low_confidence_fallback
C:\Users\Lenovo\Desktop\StyleMind\stylemind-cnn-training-pipeline\data\processed_dataset\Shorts\shorts142.jpg,Shorts,solid,0.1893,winter,0.198,0.0269,clip
C:\Users\Lenovo\Desktop\StyleMind\stylemind-cnn-training-pipeline\data\processed_dataset\Skirt\skirt200.jpg,Skirt,floral,0.2608,summer,0.1871,0.028,clip
C:\Users\Lenovo\Desktop\StyleMind\stylemind-cnn-training-pipeline\data\processed_dataset\Pants\pant063.jpg,Pants,solid,0.1655,winter,0.174,0.0384,clip
C:\Users\Lenovo\Desktop\StyleMind\stylemind-cnn-training-pipeline\data\processed_dataset\Dress\dress194.jpg,Dress,solid,0.1867,summer,0.1698,0.0233,clip
C:\Users\Lenovo\Desktop\StyleMind\stylemind-cnn-training-pipeline\data\processed_dataset\Skirt\skirt224.jpg,Skirt,solid,0.2213,summer,0.1709,0.0115,clip
C:\Users\Lenovo\Desktop\StyleMind\stylemind-cnn-training-pipeline\data\processed_dataset\Top\top168.jpg,Top,solid,0.2306,summer,0.1972,0.0186,clip
C:\Users\Lenovo\Desktop\StyleMind\stylemind-cnn-training-pipeline\data\processed_dataset\Dress\dress343.jpg,Dress,pleated,0.2154,all-season,0.1737,0.0009,low_confidence_fallback
C:\Users\Lenovo\Desktop\StyleMind\stylemind-cnn-training-pipeline\data\processed_dataset\Shirt\shirt319.jpg,Shirt,solid,0.2673,summer,0.2178,0.0168,clip
C:\Users\Lenovo\Desktop\StyleMind\stylemind-cnn-training-pipeline\data\processed_dataset\Shirt\shirt133.jpg,Shirt,solid,0.2661,summer,0.2608,0.0881,clip
C:\Users\Lenovo\Desktop\StyleMind\stylemind-cnn-training-pipeline\data\processed_dataset\Blazer\blazer394.jpg,Blazer,solid,0.1846,fall,0.2189,0.0403,clip
C:\Users\Lenovo\Desktop\StyleMind\stylemind-cnn-training-pipeline\data\processed_dataset\Top\top160.jpg,Top,solid,0.23,summer,0.233,0.0735,clip
C:\Users\Lenovo\Desktop\StyleMind\stylemind-cnn-training-pipeline\data\processed_dataset\Skirt\skirt304.jpg,Skirt,solid,0.2135,all-season,0.1739,0.0064,low_confidence_fallback
C:\Users\Lenovo\Desktop\StyleMind\stylemind-cnn-training-pipeline\data\processed_dataset\Formal_Pant\formal_pant281.jpg,Formal_Pant,solid,0.2122,all-season,0.1667,0.0029,low_confidence_fallback
C:\Users\Lenovo\Desktop\StyleMind\stylemind-cnn-training-pipeline\data\processed_dataset\Pants\pant446.jpg,Pants,solid,0.1794,fall,0.1407,0.0107,clip
C:\Users\Lenovo\Desktop\StyleMind\stylemind-cnn-training-pipeline\data\processed_dataset\Dress\dress347.jpg,Dress,solid,0.191,summer,0.1682,0.0196,clip
C:\Users\Lenovo\Desktop\StyleMind\stylemind-cnn-training-pipeline\data\processed_dataset\Pants\pant101.jpg,Pants,solid,0.233,all-season,0.1819,0.0044,low_confidence_fallback
C:\Users\Lenovo\Desktop\StyleMind\stylemind-cnn-training-pipeline\data\processed_dataset\Skirt\skirt204.jpg,Skirt,pleated,0.2287,fall,0.1767,0.0137,clip
C:\Users\Lenovo\Desktop\StyleMind\stylemind-cnn-training-pipeline\data\processed_dataset\Shorts\shorts439.jpg,Shorts,solid,0.1948,summer,0.1821,0.0406,clip
C:\Users\Lenovo\Desktop\StyleMind\stylemind-cnn-training-pipeline\data\processed_dataset\Jacket\jacket180.jpg,Jacket,solid,0.2626,fall,0.2606,0.0264,clip
C:\Users\Lenovo\Desktop\StyleMind\stylemind-cnn-training-pipeline\data\processed_dataset\Blazer\blazer132.jpg,Blazer,solid,0.2012,fall,0.1967,0.0206,clip
C:\Users\Lenovo\Desktop\StyleMind\stylemind-cnn-training-pipeline\data\processed_dataset\Jacket\jacket410.jpg,Jacket,solid,0.1971,winter,0.2381,0.0248,clip
C:\Users\Lenovo\Desktop\StyleMind\stylemind-cnn-training-pipeline\data\processed_dataset\Blazer\blazer166.jpg,Blazer,solid,0.1927,fall,0.1977,0.0279,clip
C:\Users\Lenovo\Desktop\StyleMind\stylemind-cnn-training-pipeline\data\processed_dataset\Warmwear\winter021.jpg,Warmwear,solid,0.175,winter,0.157,0.0174,clip
C:\Users\Lenovo\Desktop\StyleMind\stylemind-cnn-training-pipeline\data\processed_dataset\Dress\dress080.jpg,Dress,floral,0.2346,summer,0.1767,0.02,clip
C:\Users\Lenovo\Desktop\StyleMind\stylemind-cnn-training-pipeline\data\processed_dataset\Shorts\shorts148.jpg,Shorts,striped,0.1843,summer,0.1899,0.0676,clip
C:\Users\Lenovo\Desktop\StyleMind\stylemind-cnn-training-pipeline\data\processed_dataset\Shorts\shorts287.jpg,Shorts,solid,0.2167,summer,0.183,0.0364,clip
C:\Users\Lenovo\Desktop\StyleMind\stylemind-cnn-training-pipeline\data\processed_dataset\Warmwear\winter389.jpg,Warmwear,striped,0.1651,winter,0.1905,0.0151,clip
C:\Users\Lenovo\Desktop\StyleMind\stylemind-cnn-training-pipeline\data\processed_dataset\Top\top346.jpg,Top,pleated,0.2469,summer,0.2384,0.0533,clip
C:\Users\Lenovo\Desktop\StyleMind\stylemind-cnn-training-pipeline\data\processed_dataset\Jacket\jacket407.jpg,Jacket,solid,0.2001,fall,0.228,0.0287,clip
C:\Users\Lenovo\Desktop\StyleMind\stylemind-cnn-training-pipeline\data\processed_dataset\Shorts\shorts413.jpg,Shorts,graphic,0.1543,summer,0.1299,0.0111,clip
C:\Users\Lenovo\Desktop\StyleMind\stylemind-cnn-training-pipeline\data\processed_dataset\Skirt\skirt234.jpg,Skirt,checkered,0.2439,summer,0.1783,0.0246,clip
C:\Users\Lenovo\Desktop\StyleMind\stylemind-cnn-training-pipeline\data\processed_dataset\Dress\dress142.jpg,Dress,floral,0.2369,summer,0.1703,0.0439,clip
C:\Users\Lenovo\Desktop\StyleMind\stylemind-cnn-training-pipeline\data\processed_dataset\Shirt\shirt347.jpg,Shirt,solid,0.2565,summer,0.2527,0.0658,clip
C:\Users\Lenovo\Desktop\StyleMind\stylemind-cnn-training-pipeline\data\processed_dataset\Dress\dress348.jpg,Dress,pleated,0.2561,summer,0.2251,0.0691,clip
C:\Users\Lenovo\Desktop\StyleMind\stylemind-cnn-training-pipeline\data\processed_dataset\Pants\pant407.jpg,Pants,solid,0.216,winter,0.1809,0.011,clip
C:\Users\Lenovo\Desktop\StyleMind\stylemind-cnn-training-pipeline\data\processed_dataset\Jacket\jacket249.jpg,Jacket,solid,0.1761,winter,0.2175,0.0486,clip
C:\Users\Lenovo\Desktop\StyleMind\stylemind-cnn-training-pipeline\data\processed_dataset\Jacket\jacket031.jpg,Jacket,solid,0.2387,all-season,0.2161,0.006,low_confidence_fallback
C:\Users\Lenovo\Desktop\StyleMind\stylemind-cnn-training-pipeline\data\processed_dataset\Blazer\blazer086.jpg,Blazer,solid,0.2051,fall,0.2419,0.0335,clip
C:\Users\Lenovo\Desktop\StyleMind\stylemind-cnn-training-pipeline\data\processed_dataset\Shirt\shirt315.jpg,Shirt,solid,0.2305,fall,0.2106,0.0141,clip
C:\Users\Lenovo\Desktop\StyleMind\stylemind-cnn-training-pipeline\data\processed_dataset\Shorts\shorts310.jpg,Shorts,solid,0.2133,summer,0.2009,0.049,clip
C:\Users\Lenovo\Desktop\StyleMind\stylemind-cnn-training-pipeline\data\processed_dataset\Warmwear\winter386.jpg,Warmwear,embroidered,0.152,all-season,0.1642,0.0027,low_confidence_fallback
C:\Users\Lenovo\Desktop\StyleMind\stylemind-cnn-training-pipeline\data\processed_dataset\Jacket\jacket343.jpg,Jacket,solid,0.2303,fall,0.2295,0.0274,clip
C:\Users\Lenovo\Desktop\StyleMind\stylemind-cnn-training-pipeline\data\processed_dataset\Pants\pant367.jpg,Pants,solid,0.1755,all-season,0.1431,0.0047,low_confidence_fallback
C:\Users\Lenovo\Desktop\StyleMind\stylemind-cnn-training-pipeline\data\processed_dataset\Skirt\skirt093.jpg,Skirt,pleated,0.2352,all-season,0.1837,0.0064,low_confidence_fallback
C:\Users\Lenovo\Desktop\StyleMind\stylemind-cnn-training-pipeline\data\processed_dataset\Shorts\shorts131.jpg,Shorts,solid,0.1447,summer,0.1361,0.0333,clip
C:\Users\Lenovo\Desktop\StyleMind\stylemind-cnn-training-pipeline\data\processed_dataset\Blazer\blazer300.jpg,Blazer,checkered,0.2445,fall,0.2092,0.0135,clip
C:\Users\Lenovo\Desktop\StyleMind\stylemind-cnn-training-pipeline\data\processed_dataset\Blazer\blazer043.jpg,Blazer,solid,0.2472,all-season,0.2206,0.0027,low_confidence_fallback
C:\Users\Lenovo\Desktop\StyleMind\stylemind-cnn-training-pipeline\data\processed_dataset\Blazer\blazer247.jpg,Blazer,solid,0.2129,fall,0.21,0.0272,clip
C:\Users\Lenovo\Desktop\StyleMind\stylemind-cnn-training-pipeline\data\processed_dataset\Dress\dress011.jpg,Dress,floral,0.2022,summer,0.1214,0.0474,clip
C:\Users\Lenovo\Desktop\StyleMind\stylemind-cnn-training-pipeline\data\processed_dataset\Shirt\shirt014.jpg,Shirt,solid,0.2546,fall,0.217,0.0177,clip
C:\Users\Lenovo\Desktop\StyleMind\stylemind-cnn-training-pipeline\data\processed_dataset\Dress\dress310.jpg,Dress,pleated,0.2487,summer,0.228,0.0597,clip
C:\Users\Lenovo\Desktop\StyleMind\stylemind-cnn-training-pipeline\data\processed_dataset\Skirt\skirt416.jpg,Skirt,pleated,0.275,summer,0.2269,0.0254,clip
C:\Users\Lenovo\Desktop\StyleMind\stylemind-cnn-training-pipeline\data\processed_dataset\Pants\pant138.jpg,Pants,solid,0.2281,winter,0.2022,0.0235,clip
C:\Users\Lenovo\Desktop\StyleMind\stylemind-cnn-training-pipeline\data\processed_dataset\Warmwear\winter167.jpg,Warmwear,solid,0.2433,winter,0.1872,0.0124,clip
C:\Users\Lenovo\Desktop\StyleMind\stylemind-cnn-training-pipeline\data\processed_dataset\Warmwear\winter045.jpg,Warmwear,solid,0.2088,all-season,0.2224,0.0039,low_confidence_fallback
C:\Users\Lenovo\Desktop\StyleMind\stylemind-cnn-training-pipeline\data\processed_dataset\Shirt\shirt390.jpg,Shirt,checkered,0.2798,summer,0.2078,0.0167,clip
C:\Users\Lenovo\Desktop\StyleMind\stylemind-cnn-training-pipeline\data\processed_dataset\Shirt\shirt296.jpg,Shirt,striped,0.2612,summer,0.2053,0.0415,clip
C:\Users\Lenovo\Desktop\StyleMind\stylemind-cnn-training-pipeline\data\processed_dataset\Formal_Pant\formal_pant058.jpg,Formal_Pant,striped,0.1974,all-season,0.162,0.0037,low_confidence_fallback
C:\Users\Lenovo\Desktop\StyleMind\stylemind-cnn-training-pipeline\data\processed_dataset\Dress\dress175.jpg,Dress,floral,0.2264,summer,0.1575,0.0368,clip
C:\Users\Lenovo\Desktop\StyleMind\stylemind-cnn-training-pipeline\data\processed_dataset\Jacket\jacket423.jpg,Jacket,solid,0.1877,all-season,0.2262,0.0077,low_confidence_fallback
C:\Users\Lenovo\Desktop\StyleMind\stylemind-cnn-training-pipeline\data\processed_dataset\Formal_Pant\formal_pant115.jpg,Formal_Pant,solid,0.1858,fall,0.165,0.0235,clip
C:\Users\Lenovo\Desktop\StyleMind\stylemind-cnn-training-pipeline\data\processed_dataset\Dress\dress038.jpg,Dress,solid,0.2045,summer,0.1897,0.0412,clip
C:\Users\Lenovo\Desktop\StyleMind\stylemind-cnn-training-pipeline\data\processed_dataset\Blazer\blazer153.jpg,Blazer,embroidered,0.224,fall,0.2117,0.046,clip
C:\Users\Lenovo\Desktop\StyleMind\stylemind-cnn-training-pipeline\data\processed_dataset\Blazer\blazer039.jpg,Blazer,pleated,0.2254,fall,0.2195,0.0387,clip
C:\Users\Lenovo\Desktop\StyleMind\stylemind-cnn-training-pipeline\data\processed_dataset\Skirt\skirt426.jpg,Skirt,pleated,0.2071,all-season,0.1751,0.0044,low_confidence_fallback
C:\Users\Lenovo\Desktop\StyleMind\stylemind-cnn-training-pipeline\data\processed_dataset\Pants\pant196.jpg,Pants,solid,0.2197,summer,0.1762,0.0248,clip
C:\Users\Lenovo\Desktop\StyleMind\stylemind-cnn-training-pipeline\data\processed_dataset\Shorts\shorts450.jpg,Shorts,graphic,0.1986,summer,0.2112,0.0518,clip
C:\Users\Lenovo\Desktop\StyleMind\stylemind-cnn-training-pipeline\data\processed_dataset\Formal_Pant\formal_pant032.jpg,Formal_Pant,solid,0.2051,summer,0.189,0.0447,clip
C:\Users\Lenovo\Desktop\StyleMind\stylemind-cnn-training-pipeline\data\processed_dataset\Shorts\shorts097.jpg,Shorts,solid,0.1855,summer,0.1721,0.0325,clip
C:\Users\Lenovo\Desktop\StyleMind\stylemind-cnn-training-pipeline\data\processed_dataset\Top\top289.jpg,Top,solid,0.2439,summer,0.2381,0.0339,clip
C:\Users\Lenovo\Desktop\StyleMind\stylemind-cnn-training-pipeline\data\processed_dataset\Pants\pant190.jpg,Pants,solid,0.1902,winter,0.1679,0.0202,clip
C:\Users\Lenovo\Desktop\StyleMind\stylemind-cnn-training-pipeline\data\processed_dataset\Jacket\jacket097.jpg,Jacket,solid,0.2152,winter,0.2231,0.0121,clip
C:\Users\Lenovo\Desktop\StyleMind\stylemind-cnn-training-pipeline\data\processed_dataset\Shirt\shirt253.jpg,Shirt,solid,0.2485,fall,0.2358,0.0166,clip
C:\Users\Lenovo\Desktop\StyleMind\stylemind-cnn-training-pipeline\data\processed_dataset\Jacket\jacket441.jpg,Jacket,floral,0.2154,summer,0.2322,0.0387,clip
C:\Users\Lenovo\Desktop\StyleMind\stylemind-cnn-training-pipeline\data\processed_dataset\Blazer\blazer239.jpg,Blazer,solid,0.1813,fall,0.2153,0.0329,clip
C:\Users\Lenovo\Desktop\StyleMind\stylemind-cnn-training-pipeline\data\processed_dataset\Shorts\shorts035.jpg,Shorts,striped,0.2267,summer,0.1929,0.0685,clip
C:\Users\Lenovo\Desktop\StyleMind\stylemind-cnn-training-pipeline\data\processed_dataset\Warmwear\winter182.jpg,Warmwear,solid,0.1724,all-season,0.169,0.0073,low_confidence_fallback
C:\Users\Lenovo\Desktop\StyleMind\stylemind-cnn-training-pipeline\data\processed_dataset\Skirt\skirt339.jpg,Skirt,pleated,0.2332,summer,0.1944,0.0163,clip
C:\Users\Lenovo\Desktop\StyleMind\stylemind-cnn-training-pipeline\data\processed_dataset\Blazer\blazer317.jpg,Blazer,solid,0.1862,fall,0.2137,0.0332,clip
C:\Users\Lenovo\Desktop\StyleMind\stylemind-cnn-training-pipeline\data\processed_dataset\Top\top389.jpg,Top,floral,0.2282,summer,0.1825,0.0312,clip
C:\Users\Lenovo\Desktop\StyleMind\stylemind-cnn-training-pipeline\data\processed_dataset\Skirt\skirt376.jpg,Skirt,solid,0.2173,all-season,0.1615,0.0062,low_confidence_fallback
C:\Users\Lenovo\Desktop\StyleMind\stylemind-cnn-training-pipeline\data\processed_dataset\Top\top291.jpg,Top,embroidered,0.2183,all-season,0.1833,0.0064,low_confidence_fallback
C:\Users\Lenovo\Desktop\StyleMind\stylemind-cnn-training-pipeline\data\processed_dataset\Warmwear\winter258.jpg,Warmwear,graphic,0.1726,winter,0.1922,0.0341,clip
C:\Users\Lenovo\Desktop\StyleMind\stylemind-cnn-training-pipeline\data\processed_dataset\Formal_Pant\formal_pant340.jpg,Formal_Pant,solid,0.217,fall,0.1887,0.0259,clip
C:\Users\Lenovo\Desktop\StyleMind\stylemind-cnn-training-pipeline\data\processed_dataset\Formal_Pant\formal_pant074.jpg,Formal_Pant,solid,0.2126,all-season,0.1958,0.0047,low_confidence_fallback
C:\Users\Lenovo\Desktop\StyleMind\stylemind-cnn-training-pipeline\data\processed_dataset\Top\top336.jpg,Top,embroidered,0.2087,summer,0.1882,0.0598,clip
C:\Users\Lenovo\Desktop\StyleMind\stylemind-cnn-training-pipeline\data\processed_dataset\Dress\dress193.jpg,Dress,solid,0.1895,summer,0.1874,0.0374,clip
C:\Users\Lenovo\Desktop\StyleMind\stylemind-cnn-training-pipeline\data\processed_dataset\Top\top033.jpg,Top,floral,0.2558,summer,0.2323,0.0838,clip
C:\Users\Lenovo\Desktop\StyleMind\stylemind-cnn-training-pipeline\data\processed_dataset\Pants\pant248.jpg,Pants,solid,0.2321,summer,0.2163,0.0518,clip
C:\Users\Lenovo\Desktop\StyleMind\stylemind-cnn-training-pipeline\data\processed_dataset\Dress\dress066.jpg,Dress,solid,0.2116,summer,0.1925,0.039,clip
C:\Users\Lenovo\Desktop\StyleMind\stylemind-cnn-training-pipeline\data\processed_dataset\Skirt\skirt109.jpg,Skirt,solid,0.224,summer,0.171,0.0158,clip
C:\Users\Lenovo\Desktop\StyleMind\stylemind-cnn-training-pipeline\data\processed_dataset\Formal_Pant\formal_pant018.jpg,Formal_Pant,solid,0.2199,all-season,0.1858,0.0058,low_confidence_fallback
C:\Users\Lenovo\Desktop\StyleMind\stylemind-cnn-training-pipeline\data\processed_dataset\Warmwear\winter185.jpg,Warmwear,striped,0.2643,winter,0.2154,0.0172,clip
C:\Users\Lenovo\Desktop\StyleMind\stylemind-cnn-training-pipeline\data\processed_dataset\Top\top015.jpg,Top,solid,0.2456,summer,0.2436,0.0727,clip
C:\Users\Lenovo\Desktop\StyleMind\stylemind-cnn-training-pipeline\data\processed_dataset\Jacket\jacket435.jpg,Jacket,solid,0.1797,summer,0.2235,0.0536,clip
C:\Users\Lenovo\Desktop\StyleMind\stylemind-cnn-training-pipeline\data\processed_dataset\Shorts\shorts102.jpg,Shorts,solid,0.2308,summer,0.2189,0.0603,clip
C:\Users\Lenovo\Desktop\StyleMind\stylemind-cnn-training-pipeline\data\processed_dataset\Warmwear\winter115.jpg,Warmwear,solid,0.2002,winter,0.2062,0.0111,clip
C:\Users\Lenovo\Desktop\StyleMind\stylemind-cnn-training-pipeline\data\processed_dataset\Formal_Pant\formal_pant361.jpg,Formal_Pant,solid,0.2082,all-season,0.19,0.0053,low_confidence_fallback
C:\Users\Lenovo\Desktop\StyleMind\stylemind-cnn-training-pipeline\data\processed_dataset\Blazer\blazer318.jpg,Blazer,solid,0.1752,fall,0.1763,0.012,clip
C:\Users\Lenovo\Desktop\StyleMind\stylemind-cnn-training-pipeline\data\processed_dataset\Skirt\skirt009.jpg,Skirt,floral,0.2673,summer,0.2078,0.0406,clip
C:\Users\Lenovo\Desktop\StyleMind\stylemind-cnn-training-pipeline\data\processed_dataset\Shirt\shirt095.jpg,Shirt,solid,0.2383,all-season,0.2044,0.0085,low_confidence_fallback
C:\Users\Lenovo\Desktop\StyleMind\stylemind-cnn-training-pipeline\data\processed_dataset\Pants\pant243.jpg,Pants,solid,0.2186,all-season,0.1777,0.0042,low_confidence_fallback
C:\Users\Lenovo\Desktop\StyleMind\stylemind-cnn-training-pipeline\data\processed_dataset\Shirt\shirt237.jpg,Shirt,striped,0.2508,all-season,0.1937,0.0041,low_confidence_fallback
C:\Users\Lenovo\Desktop\StyleMind\stylemind-cnn-training-pipeline\data\processed_dataset\Warmwear\winter363.jpg,Warmwear,striped,0.1532,winter,0.2053,0.0469,clip
C:\Users\Lenovo\Desktop\StyleMind\stylemind-cnn-training-pipeline\data\processed_dataset\Formal_Pant\formal_pant260.jpg,Formal_Pant,pleated,0.1929,all-season,0.169,0.0,low_confidence_fallback
C:\Users\Lenovo\Desktop\StyleMind\stylemind-cnn-training-pipeline\data\processed_dataset\Formal_Pant\formal_pant290.jpg,Formal_Pant,solid,0.2047,all-season,0.1674,0.0026,low_confidence_fallback
C:\Users\Lenovo\Desktop\StyleMind\stylemind-cnn-training-pipeline\data\processed_dataset\Shorts\shorts355.jpg,Shorts,solid,0.184,summer,0.1878,0.044,clip
C:\Users\Lenovo\Desktop\StyleMind\stylemind-cnn-training-pipeline\data\processed_dataset\Jacket\jacket411.jpg,Jacket,solid,0.2359,all-season,0.2478,0.0018,low_confidence_fallback
C:\Users\Lenovo\Desktop\StyleMind\stylemind-cnn-training-pipeline\data\processed_dataset\Top\top177.jpg,Top,graphic,0.2246,summer,0.2025,0.0241,clip
C:\Users\Lenovo\Desktop\StyleMind\stylemind-cnn-training-pipeline\data\processed_dataset\Shorts\shorts187.jpg,Shorts,solid,0.1942,all-season,0.1674,0.0019,low_confidence_fallback
C:\Users\Lenovo\Desktop\StyleMind\stylemind-cnn-training-pipeline\data\processed_dataset\Blazer\blazer093.jpg,Blazer,solid,0.2088,fall,0.2392,0.0235,clip
C:\Users\Lenovo\Desktop\StyleMind\stylemind-cnn-training-pipeline\data\processed_dataset\Pants\pant253.jpg,Pants,solid,0.1945,all-season,0.1713,0.0036,low_confidence_fallback
C:\Users\Lenovo\Desktop\StyleMind\stylemind-cnn-training-pipeline\data\processed_dataset\Dress\dress009.jpg,Dress,pleated,0.1993,summer,0.1767,0.048,clip
C:\Users\Lenovo\Desktop\StyleMind\stylemind-cnn-training-pipeline\data\processed_dataset\Blazer\blazer074.jpg,Blazer,solid,0.2038,fall,0.2162,0.0437,clip
C:\Users\Lenovo\Desktop\StyleMind\stylemind-cnn-training-pipeline\data\processed_dataset\Pants\pant016.jpg,Pants,solid,0.2085,fall,0.1713,0.0108,clip
C:\Users\Lenovo\Desktop\StyleMind\stylemind-cnn-training-pipeline\data\processed_dataset\Top\top071.jpg,Top,solid,0.2362,summer,0.2398,0.0894,clip
C:\Users\Lenovo\Desktop\StyleMind\stylemind-cnn-training-pipeline\data\processed_dataset\Warmwear\winter128.jpg,Warmwear,embroidered,0.16,winter,0.1593,0.0361,clip
C:\Users\Lenovo\Desktop\StyleMind\stylemind-cnn-training-pipeline\data\processed_dataset\Shorts\shorts299.jpg,Shorts,graphic,0.1894,all-season,0.1669,0.0057,low_confidence_fallback
C:\Users\Lenovo\Desktop\StyleMind\stylemind-cnn-training-pipeline\data\processed_dataset\Shorts\shorts304.jpg,Shorts,striped,0.2472,summer,0.2353,0.1001,clip
C:\Users\Lenovo\Desktop\StyleMind\stylemind-cnn-training-pipeline\data\processed_dataset\Skirt\skirt153.jpg,Skirt,pleated,0.2761,summer,0.2093,0.0546,clip
C:\Users\Lenovo\Desktop\StyleMind\stylemind-cnn-training-pipeline\data\processed_dataset\Blazer\blazer147.jpg,Blazer,pleated,0.2282,fall,0.2443,0.0425,clip
C:\Users\Lenovo\Desktop\StyleMind\stylemind-cnn-training-pipeline\data\processed_dataset\Jacket\jacket266.jpg,Jacket,solid,0.2022,all-season,0.2081,0.0048,low_confidence_fallback
C:\Users\Lenovo\Desktop\StyleMind\stylemind-cnn-training-pipeline\data\processed_dataset\Shorts\shorts344.jpg,Shorts,solid,0.2085,summer,0.206,0.057,clip
C:\Users\Lenovo\Desktop\StyleMind\stylemind-cnn-training-pipeline\data\processed_dataset\Jacket\jacket318.jpg,Jacket,solid,0.2201,summer,0.24,0.0326,clip
C:\Users\Lenovo\Desktop\StyleMind\stylemind-cnn-training-pipeline\data\processed_dataset\Formal_Pant\formal_pant167.jpg,Formal_Pant,solid,0.2072,summer,0.1798,0.0446,clip
C:\Users\Lenovo\Desktop\StyleMind\stylemind-cnn-training-pipeline\data\processed_dataset\Skirt\skirt072.jpg,Skirt,solid,0.1874,summer,0.1525,0.018,clip
C:\Users\Lenovo\Desktop\StyleMind\stylemind-cnn-training-pipeline\data\processed_dataset\Pants\pant395.jpg,Pants,floral,0.2145,summer,0.2072,0.0345,clip
C:\Users\Lenovo\Desktop\StyleMind\stylemind-cnn-training-pipeline\data\processed_dataset\Formal_Pant\formal_pant398.jpg,Formal_Pant,solid,0.1727,all-season,0.153,0.0004,low_confidence_fallback
C:\Users\Lenovo\Desktop\StyleMind\stylemind-cnn-training-pipeline\data\processed_dataset\Skirt\skirt064.jpg,Skirt,pleated,0.2518,summer,0.1747,0.019,clip
C:\Users\Lenovo\Desktop\StyleMind\stylemind-cnn-training-pipeline\data\processed_dataset\Pants\pant306.jpg,Pants,solid,0.1545,all-season,0.1318,0.0014,low_confidence_fallback
C:\Users\Lenovo\Desktop\StyleMind\stylemind-cnn-training-pipeline\data\processed_dataset\Jacket\jacket427.jpg,Jacket,solid,0.1506,winter,0.1832,0.0236,clip
C:\Users\Lenovo\Desktop\StyleMind\stylemind-cnn-training-pipeline\data\processed_dataset\Jacket\jacket155.jpg,Jacket,solid,0.2331,all-season,0.2207,0.0023,low_confidence_fallback
C:\Users\Lenovo\Desktop\StyleMind\stylemind-cnn-training-pipeline\data\processed_dataset\Skirt\skirt291.jpg,Skirt,solid,0.249,summer,0.2082,0.0158,clip
C:\Users\Lenovo\Desktop\StyleMind\stylemind-cnn-training-pipeline\data\processed_dataset\Shorts\shorts449.jpg,Shorts,solid,0.1636,all-season,0.1588,0.0004,low_confidence_fallback
C:\Users\Lenovo\Desktop\StyleMind\stylemind-cnn-training-pipeline\data\processed_dataset\Shirt\shirt046.jpg,Shirt,striped,0.2615,summer,0.2052,0.0354,clip
C:\Users\Lenovo\Desktop\StyleMind\stylemind-cnn-training-pipeline\data\processed_dataset\Warmwear\winter191.jpg,Warmwear,solid,0.2162,all-season,0.1847,0.0095,low_confidence_fallback
C:\Users\Lenovo\Desktop\StyleMind\stylemind-cnn-training-pipeline\data\processed_dataset\Skirt\skirt393.jpg,Skirt,pleated,0.1919,summer,0.1738,0.0285,clip
C:\Users\Lenovo\Desktop\StyleMind\stylemind-cnn-training-pipeline\data\processed_dataset\Blazer\blazer079.jpg,Blazer,solid,0.2127,fall,0.2226,0.0446,clip
C:\Users\Lenovo\Desktop\StyleMind\stylemind-cnn-training-pipeline\data\processed_dataset\Shorts\shorts241.jpg,Shorts,solid,0.2024,summer,0.2076,0.0488,clip
C:\Users\Lenovo\Desktop\StyleMind\stylemind-cnn-training-pipeline\data\processed_dataset\Blazer\blazer168.jpg,Blazer,striped,0.2285,fall,0.2143,0.0266,clip
C:\Users\Lenovo\Desktop\StyleMind\stylemind-cnn-training-pipeline\data\processed_dataset\Warmwear\winter051.jpg,Warmwear,solid,0.2098,fall,0.2232,0.0134,clip
C:\Users\Lenovo\Desktop\StyleMind\stylemind-cnn-training-pipeline\data\processed_dataset\Blazer\blazer342.jpg,Blazer,solid,0.2197,fall,0.2252,0.0505,clip
C:\Users\Lenovo\Desktop\StyleMind\stylemind-cnn-training-pipeline\data\processed_dataset\Shorts\shorts079.jpg,Shorts,solid,0.2169,summer,0.1802,0.0439,clip
C:\Users\Lenovo\Desktop\StyleMind\stylemind-cnn-training-pipeline\data\processed_dataset\Skirt\skirt260.jpg,Skirt,solid,0.1948,all-season,0.1568,0.0021,low_confidence_fallback
C:\Users\Lenovo\Desktop\StyleMind\stylemind-cnn-training-pipeline\data\processed_dataset\Shirt\shirt038.jpg,Shirt,solid,0.2352,summer,0.1956,0.0228,clip
C:\Users\Lenovo\Desktop\StyleMind\stylemind-cnn-training-pipeline\data\processed_dataset\Formal_Pant\formal_pant376.jpg,Formal_Pant,checkered,0.2259,fall,0.1974,0.0244,clip
C:\Users\Lenovo\Desktop\StyleMind\stylemind-cnn-training-pipeline\data\processed_dataset\Blazer\blazer368.jpg,Blazer,solid,0.1969,fall,0.2046,0.0444,clip
C:\Users\Lenovo\Desktop\StyleMind\stylemind-cnn-training-pipeline\data\processed_dataset\Shorts\shorts031.jpg,Shorts,solid,0.2005,summer,0.2146,0.0393,clip
C:\Users\Lenovo\Desktop\StyleMind\stylemind-cnn-training-pipeline\data\processed_dataset\Dress\dress127.jpg,Dress,solid,0.1779,summer,0.1554,0.031,clip
C:\Users\Lenovo\Desktop\StyleMind\stylemind-cnn-training-pipeline\data\processed_dataset\Skirt\skirt390.jpg,Skirt,pleated,0.2999,summer,0.2204,0.0372,clip
C:\Users\Lenovo\Desktop\StyleMind\stylemind-cnn-training-pipeline\data\processed_dataset\Skirt\skirt349.jpg,Skirt,solid,0.2172,summer,0.1978,0.0229,clip
C:\Users\Lenovo\Desktop\StyleMind\stylemind-cnn-training-pipeline\data\processed_dataset\Blazer\blazer332.jpg,Blazer,solid,0.2073,fall,0.2198,0.0493,clip
C:\Users\Lenovo\Desktop\StyleMind\stylemind-cnn-training-pipeline\data\processed_dataset\Formal_Pant\formal_pant024.jpg,Formal_Pant,solid,0.1885,fall,0.1587,0.0186,clip
C:\Users\Lenovo\Desktop\StyleMind\stylemind-cnn-training-pipeline\data\processed_dataset\Skirt\skirt441.jpg,Skirt,pleated,0.2428,summer,0.1943,0.0432,clip
C:\Users\Lenovo\Desktop\StyleMind\stylemind-cnn-training-pipeline\data\processed_dataset\Formal_Pant\formal_pant029.jpg,Formal_Pant,solid,0.206,fall,0.1799,0.0139,clip
C:\Users\Lenovo\Desktop\StyleMind\stylemind-cnn-training-pipeline\data\processed_dataset\Skirt\skirt346.jpg,Skirt,pleated,0.2535,fall,0.1932,0.0121,clip
C:\Users\Lenovo\Desktop\StyleMind\stylemind-cnn-training-pipeline\data\processed_dataset\Shorts\shorts277.jpg,Shorts,checkered,0.1958,summer,0.1972,0.034,clip
C:\Users\Lenovo\Desktop\StyleMind\stylemind-cnn-training-pipeline\data\processed_dataset\Skirt\skirt415.jpg,Skirt,solid,0.2063,summer,0.2094,0.0523,clip
C:\Users\Lenovo\Desktop\StyleMind\stylemind-cnn-training-pipeline\data\processed_dataset\Top\top112.jpg,Top,solid,0.188,summer,0.1666,0.0617,clip
C:\Users\Lenovo\Desktop\StyleMind\stylemind-cnn-training-pipeline\data\processed_dataset\Top\top367.jpg,Top,floral,0.2519,summer,0.21,0.0793,clip
C:\Users\Lenovo\Desktop\StyleMind\stylemind-cnn-training-pipeline\data\processed_dataset\Blazer\blazer447.jpg,Blazer,solid,0.1827,fall,0.1955,0.0294,clip
C:\Users\Lenovo\Desktop\StyleMind\stylemind-cnn-training-pipeline\data\processed_dataset\Top\top034.jpg,Top,solid,0.2356,summer,0.2332,0.0854,clip
C:\Users\Lenovo\Desktop\StyleMind\stylemind-cnn-training-pipeline\data\processed_dataset\Dress\dress171.jpg,Dress,pleated,0.2132,summer,0.212,0.0448,clip
C:\Users\Lenovo\Desktop\StyleMind\stylemind-cnn-training-pipeline\data\processed_dataset\Top\top224.jpg,Top,solid,0.2793,summer,0.2104,0.0441,clip
C:\Users\Lenovo\Desktop\StyleMind\stylemind-cnn-training-pipeline\data\processed_dataset\Pants\pant189.jpg,Pants,solid,0.2145,all-season,0.1804,0.0046,low_confidence_fallback
C:\Users\Lenovo\Desktop\StyleMind\stylemind-cnn-training-pipeline\data\processed_dataset\Skirt\skirt315.jpg,Skirt,solid,0.2019,summer,0.1764,0.0306,clip
C:\Users\Lenovo\Desktop\StyleMind\stylemind-cnn-training-pipeline\data\processed_dataset\Dress\dress195.jpg,Dress,pleated,0.1836,summer,0.1363,0.0108,clip
C:\Users\Lenovo\Desktop\StyleMind\stylemind-cnn-training-pipeline\data\processed_dataset\Blazer\blazer235.jpg,Blazer,solid,0.2172,fall,0.2301,0.0418,clip
C:\Users\Lenovo\Desktop\StyleMind\stylemind-cnn-training-pipeline\data\processed_dataset\Jacket\jacket166.jpg,Jacket,solid,0.1965,winter,0.2171,0.0153,clip
C:\Users\Lenovo\Desktop\StyleMind\stylemind-cnn-training-pipeline\data\processed_dataset\Dress\dress307.jpg,Dress,solid,0.1806,summer,0.1775,0.0388,clip
C:\Users\Lenovo\Desktop\StyleMind\stylemind-cnn-training-pipeline\data\processed_dataset\Jacket\jacket320.jpg,Jacket,solid,0.2021,all-season,0.216,0.0004,low_confidence_fallback
C:\Users\Lenovo\Desktop\StyleMind\stylemind-cnn-training-pipeline\data\processed_dataset\Formal_Pant\formal_pant030.jpg,Formal_Pant,solid,0.1904,all-season,0.1592,0.0081,low_confidence_fallback
C:\Users\Lenovo\Desktop\StyleMind\stylemind-cnn-training-pipeline\data\processed_dataset\Dress\dress219.jpg,Dress,solid,0.1796,summer,0.2064,0.0877,clip
C:\Users\Lenovo\Desktop\StyleMind\stylemind-cnn-training-pipeline\data\processed_dataset\Formal_Pant\formal_pant252.jpg,Formal_Pant,solid,0.2124,summer,0.1743,0.0101,clip
C:\Users\Lenovo\Desktop\StyleMind\stylemind-cnn-training-pipeline\data\processed_dataset\Pants\pant358.jpg,Pants,solid,0.1733,all-season,0.1466,0.0078,low_confidence_fallback
C:\Users\Lenovo\Desktop\StyleMind\stylemind-cnn-training-pipeline\data\processed_dataset\Pants\pant171.jpg,Pants,solid,0.2025,summer,0.1758,0.0175,clip
C:\Users\Lenovo\Desktop\StyleMind\stylemind-cnn-training-pipeline\data\processed_dataset\Top\top395.jpg,Top,floral,0.2649,summer,0.2529,0.1091,clip
C:\Users\Lenovo\Desktop\StyleMind\stylemind-cnn-training-pipeline\data\processed_dataset\Warmwear\winter007.jpg,Warmwear,solid,0.2547,winter,0.2239,0.0252,clip
C:\Users\Lenovo\Desktop\StyleMind\stylemind-cnn-training-pipeline\data\processed_dataset\Skirt\skirt174.jpg,Skirt,floral,0.2497,all-season,0.1603,0.0018,low_confidence_fallback
C:\Users\Lenovo\Desktop\StyleMind\stylemind-cnn-training-pipeline\data\processed_dataset\Shirt\shirt283.jpg,Shirt,striped,0.2677,fall,0.1949,0.0146,clip
C:\Users\Lenovo\Desktop\StyleMind\stylemind-cnn-training-pipeline\data\processed_dataset\Dress\dress371.jpg,Dress,pleated,0.2835,summer,0.2468,0.083,clip
C:\Users\Lenovo\Desktop\StyleMind\stylemind-cnn-training-pipeline\data\processed_dataset\Shorts\shorts008.jpg,Shorts,striped,0.2331,summer,0.1777,0.0692,clip
C:\Users\Lenovo\Desktop\StyleMind\stylemind-cnn-training-pipeline\data\processed_dataset\Jacket\jacket065.jpg,Jacket,striped,0.1855,all-season,0.1876,0.01,low_confidence_fallback
C:\Users\Lenovo\Desktop\StyleMind\stylemind-cnn-training-pipeline\data\processed_dataset\Shorts\shorts158.jpg,Shorts,pleated,0.1667,summer,0.1498,0.0451,clip
C:\Users\Lenovo\Desktop\StyleMind\stylemind-cnn-training-pipeline\data\processed_dataset\Jacket\jacket200.jpg,Jacket,solid,0.1853,all-season,0.2041,0.0018,low_confidence_fallback
C:\Users\Lenovo\Desktop\StyleMind\stylemind-cnn-training-pipeline\data\processed_dataset\Pants\pant139.jpg,Pants,solid,0.1987,all-season,0.1694,0.0034,low_confidence_fallback
C:\Users\Lenovo\Desktop\StyleMind\stylemind-cnn-training-pipeline\data\processed_dataset\Top\top301.jpg,Top,solid,0.2559,summer,0.2602,0.0957,clip
C:\Users\Lenovo\Desktop\StyleMind\stylemind-cnn-training-pipeline\data\processed_dataset\Shorts\shorts205.jpg,Shorts,solid,0.2271,summer,0.2126,0.0457,clip
C:\Users\Lenovo\Desktop\StyleMind\stylemind-cnn-training-pipeline\data\processed_dataset\Top\top087.jpg,Top,floral,0.2495,summer,0.2023,0.032,clip
C:\Users\Lenovo\Desktop\StyleMind\stylemind-cnn-training-pipeline\data\processed_dataset\Shorts\shorts208.jpg,Shorts,solid,0.1992,summer,0.1964,0.0456,clip
C:\Users\Lenovo\Desktop\StyleMind\stylemind-cnn-training-pipeline\data\processed_dataset\Blazer\blazer376.jpg,Blazer,solid,0.2222,fall,0.2177,0.0264,clip
C:\Users\Lenovo\Desktop\StyleMind\stylemind-cnn-training-pipeline\data\processed_dataset\Skirt\skirt340.jpg,Skirt,solid,0.2336,summer,0.1805,0.0177,clip
C:\Users\Lenovo\Desktop\StyleMind\stylemind-cnn-training-pipeline\data\processed_dataset\Dress\dress001.jpg,Dress,floral,0.2454,summer,0.1809,0.0624,clip
C:\Users\Lenovo\Desktop\StyleMind\stylemind-cnn-training-pipeline\data\processed_dataset\Shirt\shirt305.jpg,Shirt,solid,0.241,summer,0.2129,0.066,clip
C:\Users\Lenovo\Desktop\StyleMind\stylemind-cnn-training-pipeline\data\processed_dataset\Blazer\blazer007.jpg,Blazer,solid,0.2134,fall,0.2057,0.0267,clip
C:\Users\Lenovo\Desktop\StyleMind\stylemind-cnn-training-pipeline\data\processed_dataset\Warmwear\winter243.jpg,Warmwear,solid,0.2025,all-season,0.2227,0.004,low_confidence_fallback
C:\Users\Lenovo\Desktop\StyleMind\stylemind-cnn-training-pipeline\data\processed_dataset\Jacket\jacket126.jpg,Jacket,solid,0.1943,all-season,0.1787,0.009,low_confidence_fallback
C:\Users\Lenovo\Desktop\StyleMind\stylemind-cnn-training-pipeline\data\processed_dataset\Warmwear\winter340.jpg,Warmwear,solid,0.1896,winter,0.2293,0.0201,clip
C:\Users\Lenovo\Desktop\StyleMind\stylemind-cnn-training-pipeline\data\processed_dataset\Warmwear\winter291.jpg,Warmwear,floral,0.2332,all-season,0.2044,0.0091,low_confidence_fallback
C:\Users\Lenovo\Desktop\StyleMind\stylemind-cnn-training-pipeline\data\processed_dataset\Warmwear\winter246.jpg,Warmwear,striped,0.2365,winter,0.2015,0.0135,clip
C:\Users\Lenovo\Desktop\StyleMind\stylemind-cnn-training-pipeline\data\processed_dataset\Blazer\blazer029.jpg,Blazer,striped,0.2678,summer,0.2152,0.0124,clip
C:\Users\Lenovo\Desktop\StyleMind\stylemind-cnn-training-pipeline\data\processed_dataset\Warmwear\winter271.jpg,Warmwear,checkered,0.2225,winter,0.2107,0.0252,clip
C:\Users\Lenovo\Desktop\StyleMind\stylemind-cnn-training-pipeline\data\processed_dataset\Pants\pant141.jpg,Pants,solid,0.2397,summer,0.2003,0.0208,clip
C:\Users\Lenovo\Desktop\StyleMind\stylemind-cnn-training-pipeline\data\processed_dataset\Blazer\blazer306.jpg,Blazer,checkered,0.2426,fall,0.2265,0.0126,clip
C:\Users\Lenovo\Desktop\StyleMind\stylemind-cnn-training-pipeline\data\processed_dataset\Warmwear\winter099.jpg,Warmwear,solid,0.2174,all-season,0.218,0.0003,low_confidence_fallback
C:\Users\Lenovo\Desktop\StyleMind\stylemind-cnn-training-pipeline\data\processed_dataset\Formal_Pant\formal_pant314.jpg,Formal_Pant,pleated,0.18,fall,0.1659,0.0171,clip
C:\Users\Lenovo\Desktop\StyleMind\stylemind-cnn-training-pipeline\data\processed_dataset\Warmwear\winter063.jpg,Warmwear,floral,0.2376,fall,0.2389,0.0405,clip
C:\Users\Lenovo\Desktop\StyleMind\stylemind-cnn-training-pipeline\data\processed_dataset\Formal_Pant\formal_pant063.jpg,Formal_Pant,solid,0.2143,summer,0.1705,0.0139,clip
C:\Users\Lenovo\Desktop\StyleMind\stylemind-cnn-training-pipeline\data\processed_dataset\Blazer\blazer322.jpg,Blazer,solid,0.2297,fall,0.2349,0.0422,clip
C:\Users\Lenovo\Desktop\StyleMind\stylemind-cnn-training-pipeline\data\processed_dataset\Pants\pant283.jpg,Pants,solid,0.1799,all-season,0.1331,0.0036,low_confidence_fallback
C:\Users\Lenovo\Desktop\StyleMind\stylemind-cnn-training-pipeline\data\processed_dataset\Top\top004.jpg,Top,graphic,0.2706,summer,0.1814,0.0306,clip
C:\Users\Lenovo\Desktop\StyleMind\stylemind-cnn-training-pipeline\data\processed_dataset\Blazer\blazer287.jpg,Blazer,floral,0.2069,fall,0.1999,0.0266,clip
C:\Users\Lenovo\Desktop\StyleMind\stylemind-cnn-training-pipeline\data\processed_dataset\Blazer\blazer203.jpg,Blazer,striped,0.2652,fall,0.2007,0.0281,clip
C:\Users\Lenovo\Desktop\StyleMind\stylemind-cnn-training-pipeline\data\processed_dataset\Blazer\blazer018.jpg,Blazer,checkered,0.2246,fall,0.2578,0.0403,clip
C:\Users\Lenovo\Desktop\StyleMind\stylemind-cnn-training-pipeline\data\processed_dataset\Warmwear\winter211.jpg,Warmwear,solid,0.2092,winter,0.2414,0.0215,clip
C:\Users\Lenovo\Desktop\StyleMind\stylemind-cnn-training-pipeline\data\processed_dataset\Blazer\blazer119.jpg,Blazer,solid,0.2295,fall,0.2638,0.0296,clip
C:\Users\Lenovo\Desktop\StyleMind\stylemind-cnn-training-pipeline\data\processed_dataset\Shirt\shirt238.jpg,Shirt,checkered,0.2571,fall,0.1951,0.0134,clip
C:\Users\Lenovo\Desktop\StyleMind\stylemind-cnn-training-pipeline\data\processed_dataset\Pants\pant318.jpg,Pants,solid,0.1522,winter,0.1481,0.0164,clip
C:\Users\Lenovo\Desktop\StyleMind\stylemind-cnn-training-pipeline\data\processed_dataset\Warmwear\winter118.jpg,Warmwear,solid,0.2104,all-season,0.1923,0.0081,low_confidence_fallback
C:\Users\Lenovo\Desktop\StyleMind\stylemind-cnn-training-pipeline\data\processed_dataset\Shorts\shorts435.jpg,Shorts,solid,0.2101,summer,0.1856,0.0506,clip
C:\Users\Lenovo\Desktop\StyleMind\stylemind-cnn-training-pipeline\data\processed_dataset\Dress\dress027.jpg,Dress,embroidered,0.2162,summer,0.21,0.074,clip
C:\Users\Lenovo\Desktop\StyleMind\stylemind-cnn-training-pipeline\data\processed_dataset\Jacket\jacket283.jpg,Jacket,solid,0.2001,fall,0.2266,0.0263,clip
C:\Users\Lenovo\Desktop\StyleMind\stylemind-cnn-training-pipeline\data\processed_dataset\Skirt\skirt445.jpg,Skirt,solid,0.2362,all-season,0.1955,0.0077,low_confidence_fallback
C:\Users\Lenovo\Desktop\StyleMind\stylemind-cnn-training-pipeline\data\processed_dataset\Shorts\shorts195.jpg,Shorts,solid,0.1517,summer,0.1382,0.0335,clip
C:\Users\Lenovo\Desktop\StyleMind\stylemind-cnn-training-pipeline\data\processed_dataset\Skirt\skirt232.jpg,Skirt,floral,0.2487,fall,0.1701,0.0106,clip
C:\Users\Lenovo\Desktop\StyleMind\stylemind-cnn-training-pipeline\data\processed_dataset\Skirt\skirt155.jpg,Skirt,solid,0.2123,all-season,0.1922,0.0065,low_confidence_fallback
C:\Users\Lenovo\Desktop\StyleMind\stylemind-cnn-training-pipeline\data\processed_dataset\Warmwear\winter171.jpg,Warmwear,solid,0.2466,all-season,0.2325,0.0074,low_confidence_fallback
C:\Users\Lenovo\Desktop\StyleMind\stylemind-cnn-training-pipeline\data\processed_dataset\Warmwear\winter194.jpg,Warmwear,floral,0.2262,all-season,0.185,0.0034,low_confidence_fallback
C:\Users\Lenovo\Desktop\StyleMind\stylemind-cnn-training-pipeline\data\processed_dataset\Shirt\shirt159.jpg,Shirt,solid,0.285,summer,0.2892,0.0922,clip
C:\Users\Lenovo\Desktop\StyleMind\stylemind-cnn-training-pipeline\data\processed_dataset\Skirt\skirt264.jpg,Skirt,pleated,0.2007,summer,0.1886,0.0574,clip
C:\Users\Lenovo\Desktop\StyleMind\stylemind-cnn-training-pipeline\data\processed_dataset\Shirt\shirt332.jpg,Shirt,striped,0.257,summer,0.2327,0.0774,clip
C:\Users\Lenovo\Desktop\StyleMind\stylemind-cnn-training-pipeline\data\processed_dataset\Dress\dress072.jpg,Dress,pleated,0.2399,summer,0.1865,0.0339,clip
C:\Users\Lenovo\Desktop\StyleMind\stylemind-cnn-training-pipeline\data\processed_dataset\Warmwear\winter036.jpg,Warmwear,solid,0.1631,winter,0.1782,0.04,clip
C:\Users\Lenovo\Desktop\StyleMind\stylemind-cnn-training-pipeline\data\processed_dataset\Blazer\blazer350.jpg,Blazer,checkered,0.2244,fall,0.2347,0.0442,clip
C:\Users\Lenovo\Desktop\StyleMind\stylemind-cnn-training-pipeline\data\processed_dataset\Skirt\skirt371.jpg,Skirt,solid,0.1995,all-season,0.179,0.0098,low_confidence_fallback
C:\Users\Lenovo\Desktop\StyleMind\stylemind-cnn-training-pipeline\data\processed_dataset\Skirt\skirt409.jpg,Skirt,solid,0.254,winter,0.2097,0.013,clip
C:\Users\Lenovo\Desktop\StyleMind\stylemind-cnn-training-pipeline\data\processed_dataset\Pants\pant241.jpg,Pants,solid,0.2391,winter,0.2163,0.0145,clip
C:\Users\Lenovo\Desktop\StyleMind\stylemind-cnn-training-pipeline\data\processed_dataset\Shirt\shirt338.jpg,Shirt,checkered,0.2963,summer,0.2646,0.0513,clip
C:\Users\Lenovo\Desktop\StyleMind\stylemind-cnn-training-pipeline\data\processed_dataset\Formal_Pant\formal_pant383.jpg,Formal_Pant,solid,0.1789,all-season,0.1469,0.0044,low_confidence_fallback
C:\Users\Lenovo\Desktop\StyleMind\stylemind-cnn-training-pipeline\data\processed_dataset\Blazer\blazer396.jpg,Blazer,solid,0.1962,fall,0.2285,0.0342,clip
C:\Users\Lenovo\Desktop\StyleMind\stylemind-cnn-training-pipeline\data\processed_dataset\Shorts\shorts061.jpg,Shorts,solid,0.1632,summer,0.1754,0.0556,clip
C:\Users\Lenovo\Desktop\StyleMind\stylemind-cnn-training-pipeline\data\processed_dataset\Warmwear\winter263.jpg,Warmwear,checkered,0.1887,winter,0.2347,0.026,clip
C:\Users\Lenovo\Desktop\StyleMind\stylemind-cnn-training-pipeline\data\processed_dataset\Formal_Pant\formal_pant065.jpg,Formal_Pant,solid,0.2142,all-season,0.1687,0.0086,low_confidence_fallback
C:\Users\Lenovo\Desktop\StyleMind\stylemind-cnn-training-pipeline\data\processed_dataset\Dress\dress014.jpg,Dress,checkered,0.2374,summer,0.1779,0.0776,clip
C:\Users\Lenovo\Desktop\StyleMind\stylemind-cnn-training-pipeline\data\processed_dataset\Top\top026.jpg,Top,floral,0.268,summer,0.1542,0.0358,clip
C:\Users\Lenovo\Desktop\StyleMind\stylemind-cnn-training-pipeline\data\processed_dataset\Skirt\skirt228.jpg,Skirt,solid,0.2261,summer,0.195,0.0313,clip
C:\Users\Lenovo\Desktop\StyleMind\stylemind-cnn-training-pipeline\data\processed_dataset\Formal_Pant\formal_pant397.jpg,Formal_Pant,striped,0.2264,all-season,0.1347,0.0066,low_confidence_fallback
C:\Users\Lenovo\Desktop\StyleMind\stylemind-cnn-training-pipeline\data\processed_dataset\Formal_Pant\formal_pant087.jpg,Formal_Pant,solid,0.216,all-season,0.1814,0.0021,low_confidence_fallback
C:\Users\Lenovo\Desktop\StyleMind\stylemind-cnn-training-pipeline\data\processed_dataset\Blazer\blazer380.jpg,Blazer,striped,0.2487,fall,0.2052,0.0175,clip
C:\Users\Lenovo\Desktop\StyleMind\stylemind-cnn-training-pipeline\data\processed_dataset\Formal_Pant\formal_pant193.jpg,Formal_Pant,pleated,0.2028,fall,0.1628,0.0157,clip
C:\Users\Lenovo\Desktop\StyleMind\stylemind-cnn-training-pipeline\data\processed_dataset\Warmwear\winter293.jpg,Warmwear,solid,0.2204,all-season,0.2251,0.0058,low_confidence_fallback
C:\Users\Lenovo\Desktop\StyleMind\stylemind-cnn-training-pipeline\data\processed_dataset\Warmwear\winter262.jpg,Warmwear,graphic,0.1773,winter,0.195,0.0182,clip
C:\Users\Lenovo\Desktop\StyleMind\stylemind-cnn-training-pipeline\data\processed_dataset\Top\top144.jpg,Top,solid,0.2209,summer,0.2226,0.0793,clip
C:\Users\Lenovo\Desktop\StyleMind\stylemind-cnn-training-pipeline\data\processed_dataset\Formal_Pant\formal_pant116.jpg,Formal_Pant,solid,0.2116,fall,0.18,0.0147,clip
C:\Users\Lenovo\Desktop\StyleMind\stylemind-cnn-training-pipeline\data\processed_dataset\Dress\dress156.jpg,Dress,pleated,0.2406,summer,0.2375,0.066,clip
C:\Users\Lenovo\Desktop\StyleMind\stylemind-cnn-training-pipeline\data\processed_dataset\Dress\dress059.jpg,Dress,checkered,0.2589,summer,0.2219,0.083,clip
C:\Users\Lenovo\Desktop\StyleMind\stylemind-cnn-training-pipeline\data\processed_dataset\Formal_Pant\formal_pant359.jpg,Formal_Pant,solid,0.2342,all-season,0.1893,0.0082,low_confidence_fallback
C:\Users\Lenovo\Desktop\StyleMind\stylemind-cnn-training-pipeline\data\processed_dataset\Pants\pant263.jpg,Pants,solid,0.2042,fall,0.1589,0.0122,clip
C:\Users\Lenovo\Desktop\StyleMind\stylemind-cnn-training-pipeline\data\processed_dataset\Jacket\jacket238.jpg,Jacket,solid,0.2505,fall,0.2258,0.0112,clip
C:\Users\Lenovo\Desktop\StyleMind\stylemind-cnn-training-pipeline\data\processed_dataset\Shorts\shorts197.jpg,Shorts,solid,0.1883,summer,0.1895,0.0401,clip
C:\Users\Lenovo\Desktop\StyleMind\stylemind-cnn-training-pipeline\data\processed_dataset\Shirt\shirt040.jpg,Shirt,solid,0.2222,fall,0.218,0.0263,clip
C:\Users\Lenovo\Desktop\StyleMind\stylemind-cnn-training-pipeline\data\processed_dataset\Dress\dress203.jpg,Dress,solid,0.2074,summer,0.1905,0.0368,clip
C:\Users\Lenovo\Desktop\StyleMind\stylemind-cnn-training-pipeline\data\processed_dataset\Warmwear\winter354.jpg,Warmwear,graphic,0.1834,winter,0.1615,0.0222,clip
C:\Users\Lenovo\Desktop\StyleMind\stylemind-cnn-training-pipeline\data\processed_dataset\Shirt\shirt299.jpg,Shirt,checkered,0.2959,summer,0.2582,0.0512,clip
C:\Users\Lenovo\Desktop\StyleMind\stylemind-cnn-training-pipeline\data\processed_dataset\Pants\pant048.jpg,Pants,solid,0.2112,winter,0.2288,0.0238,clip
C:\Users\Lenovo\Desktop\StyleMind\stylemind-cnn-training-pipeline\data\processed_dataset\Top\top390.jpg,Top,floral,0.2705,summer,0.2264,0.0691,clip
C:\Users\Lenovo\Desktop\StyleMind\stylemind-cnn-training-pipeline\data\processed_dataset\Warmwear\winter225.jpg,Warmwear,striped,0.2723,all-season,0.2261,0.005,low_confidence_fallback
C:\Users\Lenovo\Desktop\StyleMind\stylemind-cnn-training-pipeline\data\processed_dataset\Top\top205.jpg,Top,solid,0.2663,summer,0.2695,0.0986,clip
C:\Users\Lenovo\Desktop\StyleMind\stylemind-cnn-training-pipeline\data\processed_dataset\Skirt\skirt092.jpg,Skirt,solid,0.2124,summer,0.1894,0.0255,clip
C:\Users\Lenovo\Desktop\StyleMind\stylemind-cnn-training-pipeline\data\processed_dataset\Top\top243.jpg,Top,floral,0.2828,summer,0.2248,0.0743,clip
C:\Users\Lenovo\Desktop\StyleMind\stylemind-cnn-training-pipeline\data\processed_dataset\Blazer\blazer107.jpg,Blazer,solid,0.2092,fall,0.2432,0.0194,clip
C:\Users\Lenovo\Desktop\StyleMind\stylemind-cnn-training-pipeline\data\processed_dataset\Skirt\skirt352.jpg,Skirt,solid,0.2406,fall,0.2031,0.0117,clip
C:\Users\Lenovo\Desktop\StyleMind\stylemind-cnn-training-pipeline\data\processed_dataset\Top\top083.jpg,Top,pleated,0.215,summer,0.218,0.0577,clip
C:\Users\Lenovo\Desktop\StyleMind\stylemind-cnn-training-pipeline\data\processed_dataset\Top\top233.jpg,Top,solid,0.2216,summer,0.1786,0.0466,clip
C:\Users\Lenovo\Desktop\StyleMind\stylemind-cnn-training-pipeline\data\processed_dataset\Warmwear\winter132.jpg,Warmwear,striped,0.2081,winter,0.2134,0.0187,clip
C:\Users\Lenovo\Desktop\StyleMind\stylemind-cnn-training-pipeline\data\processed_dataset\Top\top356.jpg,Top,floral,0.203,summer,0.1908,0.0449,clip
C:\Users\Lenovo\Desktop\StyleMind\stylemind-cnn-training-pipeline\data\processed_dataset\Skirt\skirt292.jpg,Skirt,pleated,0.2171,all-season,0.181,0.0081,low_confidence_fallback
C:\Users\Lenovo\Desktop\StyleMind\stylemind-cnn-training-pipeline\data\processed_dataset\Jacket\jacket323.jpg,Jacket,solid,0.2739,summer,0.2805,0.0204,clip
C:\Users\Lenovo\Desktop\StyleMind\stylemind-cnn-training-pipeline\data\processed_dataset\Blazer\blazer418.jpg,Blazer,solid,0.1915,fall,0.2008,0.0486,clip
C:\Users\Lenovo\Desktop\StyleMind\stylemind-cnn-training-pipeline\data\processed_dataset\Pants\pant295.jpg,Pants,solid,0.1407,all-season,0.1151,0.0058,low_confidence_fallback
C:\Users\Lenovo\Desktop\StyleMind\stylemind-cnn-training-pipeline\data\processed_dataset\Skirt\skirt042.jpg,Skirt,solid,0.2005,summer,0.2143,0.0628,clip
C:\Users\Lenovo\Desktop\StyleMind\stylemind-cnn-training-pipeline\data\processed_dataset\Blazer\blazer343.jpg,Blazer,solid,0.1851,fall,0.2256,0.0493,clip
C:\Users\Lenovo\Desktop\StyleMind\stylemind-cnn-training-pipeline\data\processed_dataset\Pants\pant192.jpg,Pants,solid,0.2253,all-season,0.1835,0.0064,low_confidence_fallback
C:\Users\Lenovo\Desktop\StyleMind\stylemind-cnn-training-pipeline\data\processed_dataset\Shorts\shorts107.jpg,Shorts,solid,0.2233,summer,0.2005,0.0542,clip
C:\Users\Lenovo\Desktop\StyleMind\stylemind-cnn-training-pipeline\data\processed_dataset\Formal_Pant\formal_pant044.jpg,Formal_Pant,checkered,0.2282,fall,0.1764,0.0204,clip
C:\Users\Lenovo\Desktop\StyleMind\stylemind-cnn-training-pipeline\data\processed_dataset\Shirt\shirt282.jpg,Shirt,solid,0.2544,all-season,0.1764,0.0089,low_confidence_fallback
C:\Users\Lenovo\Desktop\StyleMind\stylemind-cnn-training-pipeline\data\processed_dataset\Dress\dress136.jpg,Dress,solid,0.1852,summer,0.1646,0.0415,clip
C:\Users\Lenovo\Desktop\StyleMind\stylemind-cnn-training-pipeline\data\processed_dataset\Top\top018.jpg,Top,solid,0.256,summer,0.2319,0.0494,clip
C:\Users\Lenovo\Desktop\StyleMind\stylemind-cnn-training-pipeline\data\processed_dataset\Shorts\shorts145.jpg,Shorts,solid,0.2015,summer,0.2379,0.087,clip
C:\Users\Lenovo\Desktop\StyleMind\stylemind-cnn-training-pipeline\data\processed_dataset\Pants\pant129.jpg,Pants,solid,0.155,all-season,0.1346,0.0084,low_confidence_fallback
C:\Users\Lenovo\Desktop\StyleMind\stylemind-cnn-training-pipeline\data\processed_dataset\Shirt\shirt399.jpg,Shirt,checkered,0.2616,summer,0.2191,0.0612,clip
C:\Users\Lenovo\Desktop\StyleMind\stylemind-cnn-training-pipeline\data\processed_dataset\Skirt\skirt330.jpg,Skirt,pleated,0.2633,all-season,0.1942,0.0032,low_confidence_fallback
C:\Users\Lenovo\Desktop\StyleMind\stylemind-cnn-training-pipeline\data\processed_dataset\Shorts\shorts329.jpg,Shorts,solid,0.1776,summer,0.1611,0.027,clip
C:\Users\Lenovo\Desktop\StyleMind\stylemind-cnn-training-pipeline\data\processed_dataset\Shorts\shorts110.jpg,Shorts,solid,0.248,summer,0.2188,0.0451,clip
C:\Users\Lenovo\Desktop\StyleMind\stylemind-cnn-training-pipeline\data\processed_dataset\Warmwear\winter377.jpg,Warmwear,graphic,0.1919,fall,0.2067,0.0138,clip
C:\Users\Lenovo\Desktop\StyleMind\stylemind-cnn-training-pipeline\data\processed_dataset\Blazer\blazer137.jpg,Blazer,solid,0.1864,fall,0.1872,0.0263,clip
C:\Users\Lenovo\Desktop\StyleMind\stylemind-cnn-training-pipeline\data\processed_dataset\Shirt\shirt079.jpg,Shirt,solid,0.2108,summer,0.181,0.0452,clip
C:\Users\Lenovo\Desktop\StyleMind\stylemind-cnn-training-pipeline\data\processed_dataset\Formal_Pant\formal_pant262.jpg,Formal_Pant,solid,0.2095,all-season,0.166,0.0048,low_confidence_fallback
C:\Users\Lenovo\Desktop\StyleMind\stylemind-cnn-training-pipeline\data\processed_dataset\Skirt\skirt061.jpg,Skirt,pleated,0.182,summer,0.1257,0.0214,clip
C:\Users\Lenovo\Desktop\StyleMind\stylemind-cnn-training-pipeline\data\processed_dataset\Skirt\skirt351.jpg,Skirt,pleated,0.2637,all-season,0.1912,0.0066,low_confidence_fallback
C:\Users\Lenovo\Desktop\StyleMind\stylemind-cnn-training-pipeline\data\processed_dataset\Skirt\skirt007.jpg,Skirt,pleated,0.2572,summer,0.2163,0.0274,clip
C:\Users\Lenovo\Desktop\StyleMind\stylemind-cnn-training-pipeline\data\processed_dataset\Blazer\blazer159.jpg,Blazer,solid,0.1729,fall,0.1824,0.028,clip
C:\Users\Lenovo\Desktop\StyleMind\stylemind-cnn-training-pipeline\data\processed_dataset\Jacket\jacket377.jpg,Jacket,solid,0.203,fall,0.2049,0.0258,clip
C:\Users\Lenovo\Desktop\StyleMind\stylemind-cnn-training-pipeline\data\processed_dataset\Warmwear\winter030.jpg,Warmwear,solid,0.2003,winter,0.2239,0.0162,clip
C:\Users\Lenovo\Desktop\StyleMind\stylemind-cnn-training-pipeline\data\processed_dataset\Jacket\jacket374.jpg,Jacket,solid,0.2184,all-season,0.2022,0.0081,low_confidence_fallback
C:\Users\Lenovo\Desktop\StyleMind\stylemind-cnn-training-pipeline\data\processed_dataset\Formal_Pant\formal_pant271.jpg,Formal_Pant,solid,0.2035,all-season,0.1889,0.0089,low_confidence_fallback
C:\Users\Lenovo\Desktop\StyleMind\stylemind-cnn-training-pipeline\data\processed_dataset\Shirt\shirt290.jpg,Shirt,checkered,0.2553,summer,0.2243,0.0337,clip
C:\Users\Lenovo\Desktop\StyleMind\stylemind-cnn-training-pipeline\data\processed_dataset\Skirt\skirt193.jpg,Skirt,pleated,0.226,summer,0.1843,0.0153,clip
C:\Users\Lenovo\Desktop\StyleMind\stylemind-cnn-training-pipeline\data\processed_dataset\Top\top124.jpg,Top,solid,0.214,summer,0.203,0.0232,clip
C:\Users\Lenovo\Desktop\StyleMind\stylemind-cnn-training-pipeline\data\processed_dataset\Top\top044.jpg,Top,solid,0.2324,summer,0.1885,0.0414,clip
C:\Users\Lenovo\Desktop\StyleMind\stylemind-cnn-training-pipeline\data\processed_dataset\Blazer\blazer415.jpg,Blazer,solid,0.2375,summer,0.2423,0.032,clip
C:\Users\Lenovo\Desktop\StyleMind\stylemind-cnn-training-pipeline\data\processed_dataset\Shorts\shorts060.jpg,Shorts,solid,0.1862,summer,0.1678,0.0308,clip
C:\Users\Lenovo\Desktop\StyleMind\stylemind-cnn-training-pipeline\data\processed_dataset\Shorts\shorts069.jpg,Shorts,solid,0.1936,summer,0.1687,0.0365,clip
C:\Users\Lenovo\Desktop\StyleMind\stylemind-cnn-training-pipeline\data\processed_dataset\Formal_Pant\formal_pant050.jpg,Formal_Pant,solid,0.2248,fall,0.1909,0.0149,clip
C:\Users\Lenovo\Desktop\StyleMind\stylemind-cnn-training-pipeline\data\processed_dataset\Jacket\jacket260.jpg,Jacket,solid,0.1949,all-season,0.2463,0.0081,low_confidence_fallback
C:\Users\Lenovo\Desktop\StyleMind\stylemind-cnn-training-pipeline\data\processed_dataset\Jacket\jacket038.jpg,Jacket,solid,0.2218,fall,0.2651,0.027,clip
C:\Users\Lenovo\Desktop\StyleMind\stylemind-cnn-training-pipeline\data\processed_dataset\Warmwear\winter254.jpg,Warmwear,floral,0.2556,winter,0.2251,0.0242,clip
C:\Users\Lenovo\Desktop\StyleMind\stylemind-cnn-training-pipeline\data\processed_dataset\Shirt\shirt062.jpg,Shirt,solid,0.2568,all-season,0.2228,0.0049,low_confidence_fallback
C:\Users\Lenovo\Desktop\StyleMind\stylemind-cnn-training-pipeline\data\processed_dataset\Blazer\blazer004.jpg,Blazer,solid,0.2102,fall,0.2029,0.0317,clip
C:\Users\Lenovo\Desktop\StyleMind\stylemind-cnn-training-pipeline\data\processed_dataset\Shirt\shirt395.jpg,Shirt,striped,0.262,all-season,0.2045,0.0048,low_confidence_fallback
C:\Users\Lenovo\Desktop\StyleMind\stylemind-cnn-training-pipeline\data\processed_dataset\Jacket\jacket262.jpg,Jacket,solid,0.2005,winter,0.2647,0.0429,clip
C:\Users\Lenovo\Desktop\StyleMind\stylemind-cnn-training-pipeline\data\processed_dataset\Formal_Pant\formal_pant245.jpg,Formal_Pant,solid,0.2417,all-season,0.1829,0.0088,low_confidence_fallback
C:\Users\Lenovo\Desktop\StyleMind\stylemind-cnn-training-pipeline\data\processed_dataset\Skirt\skirt448.jpg,Skirt,solid,0.179,all-season,0.1332,0.0002,low_confidence_fallback
C:\Users\Lenovo\Desktop\StyleMind\stylemind-cnn-training-pipeline\data\processed_dataset\Formal_Pant\formal_pant346.jpg,Formal_Pant,solid,0.1997,all-season,0.172,0.0039,low_confidence_fallback
C:\Users\Lenovo\Desktop\StyleMind\stylemind-cnn-training-pipeline\data\processed_dataset\Formal_Pant\formal_pant138.jpg,Formal_Pant,solid,0.2126,fall,0.182,0.0143,clip
C:\Users\Lenovo\Desktop\StyleMind\stylemind-cnn-training-pipeline\data\processed_dataset\Blazer\blazer027.jpg,Blazer,checkered,0.2776,fall,0.2558,0.0369,clip
C:\Users\Lenovo\Desktop\StyleMind\stylemind-cnn-training-pipeline\data\processed_dataset\Blazer\blazer398.jpg,Blazer,solid,0.2148,fall,0.2603,0.032,clip
C:\Users\Lenovo\Desktop\StyleMind\stylemind-cnn-training-pipeline\data\processed_dataset\Pants\pant200.jpg,Pants,solid,0.2149,winter,0.1845,0.0103,clip
C:\Users\Lenovo\Desktop\StyleMind\stylemind-cnn-training-pipeline\data\processed_dataset\Jacket\jacket417.jpg,Jacket,solid,0.2393,fall,0.2326,0.0198,clip
C:\Users\Lenovo\Desktop\StyleMind\stylemind-cnn-training-pipeline\data\processed_dataset\Top\top211.jpg,Top,solid,0.1984,summer,0.2026,0.0598,clip
C:\Users\Lenovo\Desktop\StyleMind\stylemind-cnn-training-pipeline\data\processed_dataset\Blazer\blazer020.jpg,Blazer,solid,0.1921,fall,0.1962,0.0301,clip
C:\Users\Lenovo\Desktop\StyleMind\stylemind-cnn-training-pipeline\data\processed_dataset\Skirt\skirt096.jpg,Skirt,solid,0.2154,all-season,0.1634,0.0073,low_confidence_fallback
C:\Users\Lenovo\Desktop\StyleMind\stylemind-cnn-training-pipeline\data\processed_dataset\Pants\pant282.jpg,Pants,solid,0.2181,fall,0.1911,0.0201,clip
C:\Users\Lenovo\Desktop\StyleMind\stylemind-cnn-training-pipeline\data\processed_dataset\Shirt\shirt298.jpg,Shirt,solid,0.2105,summer,0.2093,0.0609,clip
C:\Users\Lenovo\Desktop\StyleMind\stylemind-cnn-training-pipeline\data\processed_dataset\Shirt\shirt052.jpg,Shirt,striped,0.273,summer,0.2366,0.0323,clip
C:\Users\Lenovo\Desktop\StyleMind\stylemind-cnn-training-pipeline\data\processed_dataset\Top\top029.jpg,Top,solid,0.2298,summer,0.2376,0.041,clip
C:\Users\Lenovo\Desktop\StyleMind\stylemind-cnn-training-pipeline\data\processed_dataset\Formal_Pant\formal_pant302.jpg,Formal_Pant,solid,0.1833,all-season,0.1479,0.0047,low_confidence_fallback
C:\Users\Lenovo\Desktop\StyleMind\stylemind-cnn-training-pipeline\data\processed_dataset\Shorts\shorts303.jpg,Shorts,solid,0.1985,summer,0.1784,0.0359,clip
C:\Users\Lenovo\Desktop\StyleMind\stylemind-cnn-training-pipeline\data\processed_dataset\Formal_Pant\formal_pant120.jpg,Formal_Pant,solid,0.2068,all-season,0.1724,0.0051,low_confidence_fallback
C:\Users\Lenovo\Desktop\StyleMind\stylemind-cnn-training-pipeline\data\processed_dataset\Pants\pant326.jpg,Pants,solid,0.1756,winter,0.1611,0.0214,clip
C:\Users\Lenovo\Desktop\StyleMind\stylemind-cnn-training-pipeline\data\processed_dataset\Skirt\skirt379.jpg,Skirt,pleated,0.2218,summer,0.188,0.0237,clip
C:\Users\Lenovo\Desktop\StyleMind\stylemind-cnn-training-pipeline\data\processed_dataset\Dress\dress048.jpg,Dress,floral,0.2342,summer,0.1873,0.0163,clip
C:\Users\Lenovo\Desktop\StyleMind\stylemind-cnn-training-pipeline\data\processed_dataset\Dress\dress129.jpg,Dress,floral,0.2237,summer,0.1632,0.0588,clip
C:\Users\Lenovo\Desktop\StyleMind\stylemind-cnn-training-pipeline\data\processed_dataset\Dress\dress083.jpg,Dress,pleated,0.2181,all-season,0.1623,0.0042,low_confidence_fallback
C:\Users\Lenovo\Desktop\StyleMind\stylemind-cnn-training-pipeline\data\processed_dataset\Shorts\shorts372.jpg,Shorts,solid,0.1938,summer,0.1621,0.0382,clip
C:\Users\Lenovo\Desktop\StyleMind\stylemind-cnn-training-pipeline\data\processed_dataset\Formal_Pant\formal_pant201.jpg,Formal_Pant,solid,0.202,fall,0.1855,0.0178,clip
C:\Users\Lenovo\Desktop\StyleMind\stylemind-cnn-training-pipeline\data\processed_dataset\Top\top105.jpg,Top,solid,0.2274,summer,0.2395,0.072,clip
C:\Users\Lenovo\Desktop\StyleMind\stylemind-cnn-training-pipeline\data\processed_dataset\Shirt\shirt255.jpg,Shirt,solid,0.2768,fall,0.2515,0.0135,clip
C:\Users\Lenovo\Desktop\StyleMind\stylemind-cnn-training-pipeline\data\processed_dataset\Pants\pant269.jpg,Pants,solid,0.1771,all-season,0.1468,0.0058,low_confidence_fallback
C:\Users\Lenovo\Desktop\StyleMind\stylemind-cnn-training-pipeline\data\processed_dataset\Blazer\blazer045.jpg,Blazer,solid,0.2406,summer,0.2395,0.0217,clip
C:\Users\Lenovo\Desktop\StyleMind\stylemind-cnn-training-pipeline\data\processed_dataset\Dress\dress388.jpg,Dress,solid,0.2022,all-season,0.1608,0.0094,low_confidence_fallback
C:\Users\Lenovo\Desktop\StyleMind\stylemind-cnn-training-pipeline\data\processed_dataset\Top\top024.jpg,Top,solid,0.2468,summer,0.2341,0.0775,clip
C:\Users\Lenovo\Desktop\StyleMind\stylemind-cnn-training-pipeline\data\processed_dataset\Warmwear\winter100.jpg,Warmwear,checkered,0.2655,all-season,0.2089,0.004,low_confidence_fallback
C:\Users\Lenovo\Desktop\StyleMind\stylemind-cnn-training-pipeline\data\processed_dataset\Dress\dress345.jpg,Dress,solid,0.2327,summer,0.1834,0.0387,clip
C:\Users\Lenovo\Desktop\StyleMind\stylemind-cnn-training-pipeline\data\processed_dataset\Dress\dress054.jpg,Dress,solid,0.1881,fall,0.1844,0.0145,clip
C:\Users\Lenovo\Desktop\StyleMind\stylemind-cnn-training-pipeline\data\processed_dataset\Formal_Pant\formal_pant098.jpg,Formal_Pant,solid,0.1975,all-season,0.1576,0.007,low_confidence_fallback
C:\Users\Lenovo\Desktop\StyleMind\stylemind-cnn-training-pipeline\data\processed_dataset\Shorts\shorts180.jpg,Shorts,solid,0.2382,summer,0.2243,0.0415,clip
C:\Users\Lenovo\Desktop\StyleMind\stylemind-cnn-training-pipeline\data\processed_dataset\Formal_Pant\formal_pant103.jpg,Formal_Pant,solid,0.2124,all-season,0.1779,0.0087,low_confidence_fallback
C:\Users\Lenovo\Desktop\StyleMind\stylemind-cnn-training-pipeline\data\processed_dataset\Shorts\shorts168.jpg,Shorts,solid,0.1417,summer,0.1222,0.0207,clip
C:\Users\Lenovo\Desktop\StyleMind\stylemind-cnn-training-pipeline\data\processed_dataset\Jacket\jacket276.jpg,Jacket,solid,0.2294,winter,0.2523,0.0157,clip
C:\Users\Lenovo\Desktop\StyleMind\stylemind-cnn-training-pipeline\data\processed_dataset\Formal_Pant\formal_pant084.jpg,Formal_Pant,solid,0.1567,all-season,0.136,0.0038,low_confidence_fallback
C:\Users\Lenovo\Desktop\StyleMind\stylemind-cnn-training-pipeline\data\processed_dataset\Shorts\shorts301.jpg,Shorts,solid,0.2541,summer,0.2516,0.0498,clip
C:\Users\Lenovo\Desktop\StyleMind\stylemind-cnn-training-pipeline\data\processed_dataset\Warmwear\winter370.jpg,Warmwear,solid,0.2282,fall,0.2264,0.0153,clip
C:\Users\Lenovo\Desktop\StyleMind\stylemind-cnn-training-pipeline\data\processed_dataset\Top\top094.jpg,Top,floral,0.2469,summer,0.2077,0.0538,clip
C:\Users\Lenovo\Desktop\StyleMind\stylemind-cnn-training-pipeline\data\processed_dataset\Top\top339.jpg,Top,embroidered,0.1698,summer,0.1477,0.0179,clip
C:\Users\Lenovo\Desktop\StyleMind\stylemind-cnn-training-pipeline\data\processed_dataset\Skirt\skirt162.jpg,Skirt,pleated,0.2507,summer,0.2109,0.0243,clip
C:\Users\Lenovo\Desktop\StyleMind\stylemind-cnn-training-pipeline\data\processed_dataset\Jacket\jacket291.jpg,Jacket,solid,0.1422,winter,0.1573,0.0167,clip
C:\Users\Lenovo\Desktop\StyleMind\stylemind-cnn-training-pipeline\data\processed_dataset\Blazer\blazer292.jpg,Blazer,checkered,0.2583,fall,0.2536,0.0658,clip
C:\Users\Lenovo\Desktop\StyleMind\stylemind-cnn-training-pipeline\data\processed_dataset\Top\top265.jpg,Top,floral,0.2721,summer,0.2075,0.0388,clip
C:\Users\Lenovo\Desktop\StyleMind\stylemind-cnn-training-pipeline\data\processed_dataset\Shirt\shirt353.jpg,Shirt,striped,0.2692,fall,0.1988,0.0167,clip
C:\Users\Lenovo\Desktop\StyleMind\stylemind-cnn-training-pipeline\data\processed_dataset\Pants\pant029.jpg,Pants,solid,0.2215,winter,0.2321,0.0369,clip
C:\Users\Lenovo\Desktop\StyleMind\stylemind-cnn-training-pipeline\data\processed_dataset\Shirt\shirt303.jpg,Shirt,solid,0.2031,summer,0.1872,0.0581,clip
C:\Users\Lenovo\Desktop\StyleMind\stylemind-cnn-training-pipeline\data\processed_dataset\Shirt\shirt181.jpg,Shirt,striped,0.2699,summer,0.2028,0.013,clip
C:\Users\Lenovo\Desktop\StyleMind\stylemind-cnn-training-pipeline\data\processed_dataset\Pants\pant307.jpg,Pants,solid,0.1915,all-season,0.1601,0.0056,low_confidence_fallback
C:\Users\Lenovo\Desktop\StyleMind\stylemind-cnn-training-pipeline\data\processed_dataset\Shirt\shirt328.jpg,Shirt,checkered,0.2512,summer,0.2375,0.0734,clip
C:\Users\Lenovo\Desktop\StyleMind\stylemind-cnn-training-pipeline\data\processed_dataset\Dress\dress162.jpg,Dress,floral,0.2053,summer,0.1866,0.067,clip
C:\Users\Lenovo\Desktop\StyleMind\stylemind-cnn-training-pipeline\data\processed_dataset\Shirt\shirt396.jpg,Shirt,solid,0.2734,fall,0.2418,0.0224,clip
C:\Users\Lenovo\Desktop\StyleMind\stylemind-cnn-training-pipeline\data\processed_dataset\Dress\dress255.jpg,Dress,solid,0.2095,winter,0.2462,0.0401,clip
C:\Users\Lenovo\Desktop\StyleMind\stylemind-cnn-training-pipeline\data\processed_dataset\Jacket\jacket108.jpg,Jacket,solid,0.2069,winter,0.2678,0.0365,clip
C:\Users\Lenovo\Desktop\StyleMind\stylemind-cnn-training-pipeline\data\processed_dataset\Pants\pant258.jpg,Pants,solid,0.2097,summer,0.1642,0.0182,clip
C:\Users\Lenovo\Desktop\StyleMind\stylemind-cnn-training-pipeline\data\processed_dataset\Jacket\jacket392.jpg,Jacket,solid,0.2553,winter,0.2817,0.0297,clip
C:\Users\Lenovo\Desktop\StyleMind\stylemind-cnn-training-pipeline\data\processed_dataset\Blazer\blazer404.jpg,Blazer,checkered,0.2344,fall,0.2583,0.0428,clip
C:\Users\Lenovo\Desktop\StyleMind\stylemind-cnn-training-pipeline\data\processed_dataset\Skirt\skirt152.jpg,Skirt,solid,0.2176,all-season,0.184,0.0015,low_confidence_fallback
C:\Users\Lenovo\Desktop\StyleMind\stylemind-cnn-training-pipeline\data\processed_dataset\Skirt\skirt316.jpg,Skirt,solid,0.2292,summer,0.2038,0.0339,clip
C:\Users\Lenovo\Desktop\StyleMind\stylemind-cnn-training-pipeline\data\processed_dataset\Formal_Pant\formal_pant185.jpg,Formal_Pant,solid,0.2129,fall,0.1816,0.0158,clip
C:\Users\Lenovo\Desktop\StyleMind\stylemind-cnn-training-pipeline\data\processed_dataset\Jacket\jacket095.jpg,Jacket,solid,0.215,fall,0.2438,0.0359,clip
C:\Users\Lenovo\Desktop\StyleMind\stylemind-cnn-training-pipeline\data\processed_dataset\Skirt\skirt241.jpg,Skirt,checkered,0.2395,summer,0.1391,0.0106,clip
C:\Users\Lenovo\Desktop\StyleMind\stylemind-cnn-training-pipeline\data\processed_dataset\Blazer\blazer303.jpg,Blazer,solid,0.187,fall,0.2156,0.0438,clip
C:\Users\Lenovo\Desktop\StyleMind\stylemind-cnn-training-pipeline\data\processed_dataset\Pants\pant370.jpg,Pants,striped,0.2191,all-season,0.1688,0.0043,low_confidence_fallback
C:\Users\Lenovo\Desktop\StyleMind\stylemind-cnn-training-pipeline\data\processed_dataset\Shorts\shorts257.jpg,Shorts,solid,0.1847,summer,0.1663,0.0234,clip
C:\Users\Lenovo\Desktop\StyleMind\stylemind-cnn-training-pipeline\data\processed_dataset\Warmwear\winter326.jpg,Warmwear,checkered,0.275,fall,0.2539,0.0226,clip
C:\Users\Lenovo\Desktop\StyleMind\stylemind-cnn-training-pipeline\data\processed_dataset\Shirt\shirt189.jpg,Shirt,solid,0.2472,all-season,0.2137,0.0066,low_confidence_fallback
C:\Users\Lenovo\Desktop\StyleMind\stylemind-cnn-training-pipeline\data\processed_dataset\Jacket\jacket274.jpg,Jacket,solid,0.1836,winter,0.2531,0.0489,clip
C:\Users\Lenovo\Desktop\StyleMind\stylemind-cnn-training-pipeline\data\processed_dataset\Jacket\jacket263.jpg,Jacket,solid,0.2556,winter,0.2781,0.0276,clip
C:\Users\Lenovo\Desktop\StyleMind\stylemind-cnn-training-pipeline\data\processed_dataset\Pants\pant383.jpg,Pants,solid,0.1827,winter,0.1788,0.0248,clip
C:\Users\Lenovo\Desktop\StyleMind\stylemind-cnn-training-pipeline\data\processed_dataset\Pants\pant439.jpg,Pants,solid,0.2173,all-season,0.1839,0.0002,low_confidence_fallback
C:\Users\Lenovo\Desktop\StyleMind\stylemind-cnn-training-pipeline\data\processed_dataset\Jacket\jacket015.jpg,Jacket,solid,0.2416,all-season,0.2365,0.0066,low_confidence_fallback
C:\Users\Lenovo\Desktop\StyleMind\stylemind-cnn-training-pipeline\data\processed_dataset\Blazer\blazer410.jpg,Blazer,solid,0.2196,fall,0.2321,0.0198,clip
C:\Users\Lenovo\Desktop\StyleMind\stylemind-cnn-training-pipeline\data\processed_dataset\Warmwear\winter144.jpg,Warmwear,solid,0.2563,all-season,0.2556,0.0077,low_confidence_fallback
C:\Users\Lenovo\Desktop\StyleMind\stylemind-cnn-training-pipeline\data\processed_dataset\Dress\dress128.jpg,Dress,floral,0.2746,summer,0.2279,0.0439,clip
C:\Users\Lenovo\Desktop\StyleMind\stylemind-cnn-training-pipeline\data\processed_dataset\Shorts\shorts418.jpg,Shorts,graphic,0.2117,summer,0.1623,0.0189,clip
C:\Users\Lenovo\Desktop\StyleMind\stylemind-cnn-training-pipeline\data\processed_dataset\Shirt\shirt398.jpg,Shirt,striped,0.2521,summer,0.237,0.0811,clip
C:\Users\Lenovo\Desktop\StyleMind\stylemind-cnn-training-pipeline\data\processed_dataset\Skirt\skirt431.jpg,Skirt,pleated,0.2472,all-season,0.2038,0.0042,low_confidence_fallback
C:\Users\Lenovo\Desktop\StyleMind\stylemind-cnn-training-pipeline\data\processed_dataset\Skirt\skirt018.jpg,Skirt,pleated,0.2709,summer,0.1818,0.0218,clip
C:\Users\Lenovo\Desktop\StyleMind\stylemind-cnn-training-pipeline\data\processed_dataset\Jacket\jacket420.jpg,Jacket,solid,0.2314,winter,0.2254,0.0174,clip
C:\Users\Lenovo\Desktop\StyleMind\stylemind-cnn-training-pipeline\data\processed_dataset\Top\top355.jpg,Top,embroidered,0.1599,summer,0.1761,0.0573,clip
C:\Users\Lenovo\Desktop\StyleMind\stylemind-cnn-training-pipeline\data\processed_dataset\Blazer\blazer186.jpg,Blazer,solid,0.2059,fall,0.206,0.0383,clip
C:\Users\Lenovo\Desktop\StyleMind\stylemind-cnn-training-pipeline\data\processed_dataset\Formal_Pant\formal_pant076.jpg,Formal_Pant,checkered,0.2008,summer,0.1806,0.0452,clip
C:\Users\Lenovo\Desktop\StyleMind\stylemind-cnn-training-pipeline\data\processed_dataset\Warmwear\winter106.jpg,Warmwear,checkered,0.2483,fall,0.2268,0.0305,clip
C:\Users\Lenovo\Desktop\StyleMind\stylemind-cnn-training-pipeline\data\processed_dataset\Warmwear\winter056.jpg,Warmwear,solid,0.1985,all-season,0.2017,0.0051,low_confidence_fallback
C:\Users\Lenovo\Desktop\StyleMind\stylemind-cnn-training-pipeline\data\processed_dataset\Top\top261.jpg,Top,checkered,0.2814,summer,0.2409,0.0739,clip
C:\Users\Lenovo\Desktop\StyleMind\stylemind-cnn-training-pipeline\data\processed_dataset\Formal_Pant\formal_pant131.jpg,Formal_Pant,pleated,0.2122,fall,0.176,0.0148,clip
C:\Users\Lenovo\Desktop\StyleMind\stylemind-cnn-training-pipeline\data\processed_dataset\Dress\dress002.jpg,Dress,floral,0.2422,summer,0.2027,0.0775,clip
C:\Users\Lenovo\Desktop\StyleMind\stylemind-cnn-training-pipeline\data\processed_dataset\Pants\pant287.jpg,Pants,solid,0.2244,winter,0.1765,0.0143,clip
C:\Users\Lenovo\Desktop\StyleMind\stylemind-cnn-training-pipeline\data\processed_dataset\Pants\pant239.jpg,Pants,embroidered,0.2206,summer,0.2089,0.0547,clip
C:\Users\Lenovo\Desktop\StyleMind\stylemind-cnn-training-pipeline\data\processed_dataset\Shirt\shirt115.jpg,Shirt,solid,0.2767,summer,0.2612,0.0295,clip
C:\Users\Lenovo\Desktop\StyleMind\stylemind-cnn-training-pipeline\data\processed_dataset\Formal_Pant\formal_pant017.jpg,Formal_Pant,solid,0.2154,all-season,0.1843,0.0048,low_confidence_fallback
C:\Users\Lenovo\Desktop\StyleMind\stylemind-cnn-training-pipeline\data\processed_dataset\Shorts\shorts132.jpg,Shorts,pleated,0.2031,summer,0.2049,0.048,clip
C:\Users\Lenovo\Desktop\StyleMind\stylemind-cnn-training-pipeline\data\processed_dataset\Shorts\shorts053.jpg,Shorts,solid,0.2183,all-season,0.1712,0.0027,low_confidence_fallback
C:\Users\Lenovo\Desktop\StyleMind\stylemind-cnn-training-pipeline\data\processed_dataset\Dress\dress392.jpg,Dress,solid,0.2156,summer,0.2077,0.078,clip
C:\Users\Lenovo\Desktop\StyleMind\stylemind-cnn-training-pipeline\data\processed_dataset\Formal_Pant\formal_pant072.jpg,Formal_Pant,solid,0.2339,all-season,0.1915,0.01,low_confidence_fallback
C:\Users\Lenovo\Desktop\StyleMind\stylemind-cnn-training-pipeline\data\processed_dataset\Warmwear\winter134.jpg,Warmwear,solid,0.2388,winter,0.2146,0.0205,clip
C:\Users\Lenovo\Desktop\StyleMind\stylemind-cnn-training-pipeline\data\processed_dataset\Jacket\jacket025.jpg,Jacket,solid,0.2029,winter,0.2416,0.0125,clip
C:\Users\Lenovo\Desktop\StyleMind\stylemind-cnn-training-pipeline\data\processed_dataset\Blazer\blazer211.jpg,Blazer,solid,0.2057,fall,0.2152,0.0314,clip
C:\Users\Lenovo\Desktop\StyleMind\stylemind-cnn-training-pipeline\data\processed_dataset\Skirt\skirt017.jpg,Skirt,floral,0.2693,summer,0.2093,0.0533,clip
C:\Users\Lenovo\Desktop\StyleMind\stylemind-cnn-training-pipeline\data\processed_dataset\Formal_Pant\formal_pant080.jpg,Formal_Pant,checkered,0.2227,fall,0.1786,0.0162,clip
C:\Users\Lenovo\Desktop\StyleMind\stylemind-cnn-training-pipeline\data\processed_dataset\Shorts\shorts230.jpg,Shorts,solid,0.1994,summer,0.1881,0.0298,clip
C:\Users\Lenovo\Desktop\StyleMind\stylemind-cnn-training-pipeline\data\processed_dataset\Shorts\shorts098.jpg,Shorts,solid,0.1747,summer,0.1527,0.0248,clip
C:\Users\Lenovo\Desktop\StyleMind\stylemind-cnn-training-pipeline\data\processed_dataset\Blazer\blazer297.jpg,Blazer,striped,0.2567,fall,0.2124,0.0379,clip
C:\Users\Lenovo\Desktop\StyleMind\stylemind-cnn-training-pipeline\data\processed_dataset\Formal_Pant\formal_pant307.jpg,Formal_Pant,solid,0.1799,all-season,0.1379,0.0024,low_confidence_fallback
C:\Users\Lenovo\Desktop\StyleMind\stylemind-cnn-training-pipeline\data\processed_dataset\Jacket\jacket145.jpg,Jacket,solid,0.17,winter,0.2184,0.021,clip
C:\Users\Lenovo\Desktop\StyleMind\stylemind-cnn-training-pipeline\data\processed_dataset\Jacket\jacket418.jpg,Jacket,solid,0.2757,all-season,0.2593,0.0045,low_confidence_fallback
C:\Users\Lenovo\Desktop\StyleMind\stylemind-cnn-training-pipeline\data\processed_dataset\Blazer\blazer187.jpg,Blazer,solid,0.2328,fall,0.2357,0.032,clip
C:\Users\Lenovo\Desktop\StyleMind\stylemind-cnn-training-pipeline\data\processed_dataset\Pants\pant213.jpg,Pants,solid,0.2014,fall,0.174,0.0164,clip
C:\Users\Lenovo\Desktop\StyleMind\stylemind-cnn-training-pipeline\data\processed_dataset\Blazer\blazer225.jpg,Blazer,striped,0.2308,fall,0.2389,0.0181,clip
C:\Users\Lenovo\Desktop\StyleMind\stylemind-cnn-training-pipeline\data\processed_dataset\Shorts\shorts438.jpg,Shorts,solid,0.1991,summer,0.1473,0.0272,clip
C:\Users\Lenovo\Desktop\StyleMind\stylemind-cnn-training-pipeline\data\processed_dataset\Blazer\blazer221.jpg,Blazer,striped,0.2459,fall,0.1964,0.0124,clip
C:\Users\Lenovo\Desktop\StyleMind\stylemind-cnn-training-pipeline\data\processed_dataset\Top\top285.jpg,Top,solid,0.2275,summer,0.1814,0.0258,clip
C:\Users\Lenovo\Desktop\StyleMind\stylemind-cnn-training-pipeline\data\processed_dataset\Formal_Pant\formal_pant218.jpg,Formal_Pant,solid,0.1758,all-season,0.1438,0.0085,low_confidence_fallback
C:\Users\Lenovo\Desktop\StyleMind\stylemind-cnn-training-pipeline\data\processed_dataset\Shorts\shorts276.jpg,Shorts,solid,0.1761,summer,0.1837,0.0549,clip
C:\Users\Lenovo\Desktop\StyleMind\stylemind-cnn-training-pipeline\data\processed_dataset\Pants\pant255.jpg,Pants,solid,0.1978,all-season,0.1486,0.0041,low_confidence_fallback
C:\Users\Lenovo\Desktop\StyleMind\stylemind-cnn-training-pipeline\data\processed_dataset\Warmwear\winter149.jpg,Warmwear,pleated,0.2409,winter,0.2099,0.0116,clip
C:\Users\Lenovo\Desktop\StyleMind\stylemind-cnn-training-pipeline\data\processed_dataset\Formal_Pant\formal_pant389.jpg,Formal_Pant,solid,0.187,all-season,0.1339,0.0016,low_confidence_fallback
C:\Users\Lenovo\Desktop\StyleMind\stylemind-cnn-training-pipeline\data\processed_dataset\Formal_Pant\formal_pant242.jpg,Formal_Pant,solid,0.1896,all-season,0.1617,0.0037,low_confidence_fallback
C:\Users\Lenovo\Desktop\StyleMind\stylemind-cnn-training-pipeline\data\processed_dataset\Skirt\skirt088.jpg,Skirt,solid,0.2233,all-season,0.1769,0.009,low_confidence_fallback
C:\Users\Lenovo\Desktop\StyleMind\stylemind-cnn-training-pipeline\data\processed_dataset\Shorts\shorts212.jpg,Shorts,solid,0.2086,all-season,0.1729,0.0025,low_confidence_fallback
C:\Users\Lenovo\Desktop\StyleMind\stylemind-cnn-training-pipeline\data\processed_dataset\Jacket\jacket321.jpg,Jacket,solid,0.1993,all-season,0.1855,0.0048,low_confidence_fallback
C:\Users\Lenovo\Desktop\StyleMind\stylemind-cnn-training-pipeline\data\processed_dataset\Top\top255.jpg,Top,solid,0.2628,summer,0.2453,0.0671,clip
C:\Users\Lenovo\Desktop\StyleMind\stylemind-cnn-training-pipeline\data\processed_dataset\Jacket\jacket390.jpg,Jacket,solid,0.2237,winter,0.2605,0.0345,clip
C:\Users\Lenovo\Desktop\StyleMind\stylemind-cnn-training-pipeline\data\processed_dataset\Dress\dress124.jpg,Dress,floral,0.2449,summer,0.2132,0.0566,clip
C:\Users\Lenovo\Desktop\StyleMind\stylemind-cnn-training-pipeline\data\processed_dataset\Skirt\skirt059.jpg,Skirt,solid,0.1926,summer,0.1742,0.0292,clip
C:\Users\Lenovo\Desktop\StyleMind\stylemind-cnn-training-pipeline\data\processed_dataset\Top\top345.jpg,Top,solid,0.2476,summer,0.2274,0.0468,clip
C:\Users\Lenovo\Desktop\StyleMind\stylemind-cnn-training-pipeline\data\processed_dataset\Jacket\jacket425.jpg,Jacket,solid,0.1853,all-season,0.2,0.0063,low_confidence_fallback
C:\Users\Lenovo\Desktop\StyleMind\stylemind-cnn-training-pipeline\data\processed_dataset\Blazer\blazer127.jpg,Blazer,pleated,0.1764,fall,0.212,0.0508,clip
C:\Users\Lenovo\Desktop\StyleMind\stylemind-cnn-training-pipeline\data\processed_dataset\Pants\pant152.jpg,Pants,solid,0.2414,summer,0.2147,0.0307,clip
C:\Users\Lenovo\Desktop\StyleMind\stylemind-cnn-training-pipeline\data\processed_dataset\Formal_Pant\formal_pant100.jpg,Formal_Pant,solid,0.197,all-season,0.1596,0.0032,low_confidence_fallback
C:\Users\Lenovo\Desktop\StyleMind\stylemind-cnn-training-pipeline\data\processed_dataset\Dress\dress071.jpg,Dress,solid,0.2005,summer,0.1742,0.022,clip
C:\Users\Lenovo\Desktop\StyleMind\stylemind-cnn-training-pipeline\data\processed_dataset\Dress\dress211.jpg,Dress,solid,0.2112,summer,0.2463,0.0981,clip
C:\Users\Lenovo\Desktop\StyleMind\stylemind-cnn-training-pipeline\data\processed_dataset\Blazer\blazer026.jpg,Blazer,solid,0.2585,fall,0.2538,0.0505,clip
C:\Users\Lenovo\Desktop\StyleMind\stylemind-cnn-training-pipeline\data\processed_dataset\Pants\pant400.jpg,Pants,graphic,0.1731,winter,0.1438,0.0106,clip
C:\Users\Lenovo\Desktop\StyleMind\stylemind-cnn-training-pipeline\data\processed_dataset\Shirt\shirt360.jpg,Shirt,striped,0.2288,summer,0.1436,0.0122,clip
C:\Users\Lenovo\Desktop\StyleMind\stylemind-cnn-training-pipeline\data\processed_dataset\Jacket\jacket199.jpg,Jacket,solid,0.2219,winter,0.2596,0.0102,clip
C:\Users\Lenovo\Desktop\StyleMind\stylemind-cnn-training-pipeline\data\processed_dataset\Warmwear\winter178.jpg,Warmwear,solid,0.2361,winter,0.2082,0.0125,clip
C:\Users\Lenovo\Desktop\StyleMind\stylemind-cnn-training-pipeline\data\processed_dataset\Pants\pant172.jpg,Pants,embroidered,0.1815,all-season,0.1495,0.0065,low_confidence_fallback
C:\Users\Lenovo\Desktop\StyleMind\stylemind-cnn-training-pipeline\data\processed_dataset\Skirt\skirt222.jpg,Skirt,pleated,0.2568,all-season,0.1378,0.0029,low_confidence_fallback
C:\Users\Lenovo\Desktop\StyleMind\stylemind-cnn-training-pipeline\data\processed_dataset\Formal_Pant\formal_pant293.jpg,Formal_Pant,solid,0.2064,fall,0.1839,0.0164,clip
C:\Users\Lenovo\Desktop\StyleMind\stylemind-cnn-training-pipeline\data\processed_dataset\Dress\dress335.jpg,Dress,solid,0.234,summer,0.2544,0.0947,clip
C:\Users\Lenovo\Desktop\StyleMind\stylemind-cnn-training-pipeline\data\processed_dataset\Skirt\skirt057.jpg,Skirt,checkered,0.1864,winter,0.1771,0.0242,clip
C:\Users\Lenovo\Desktop\StyleMind\stylemind-cnn-training-pipeline\data\processed_dataset\Jacket\jacket251.jpg,Jacket,solid,0.1876,winter,0.2776,0.0683,clip
C:\Users\Lenovo\Desktop\StyleMind\stylemind-cnn-training-pipeline\data\processed_dataset\Top\top329.jpg,Top,solid,0.2599,summer,0.2292,0.0323,clip
C:\Users\Lenovo\Desktop\StyleMind\stylemind-cnn-training-pipeline\data\processed_dataset\Shorts\shorts317.jpg,Shorts,striped,0.2007,summer,0.1712,0.0721,clip
C:\Users\Lenovo\Desktop\StyleMind\stylemind-cnn-training-pipeline\data\processed_dataset\Skirt\skirt358.jpg,Skirt,solid,0.2269,all-season,0.1879,0.0055,low_confidence_fallback
C:\Users\Lenovo\Desktop\StyleMind\stylemind-cnn-training-pipeline\data\processed_dataset\Shirt\shirt094.jpg,Shirt,solid,0.2715,summer,0.2398,0.021,clip
C:\Users\Lenovo\Desktop\StyleMind\stylemind-cnn-training-pipeline\data\processed_dataset\Formal_Pant\formal_pant099.jpg,Formal_Pant,solid,0.2291,all-season,0.1736,0.0016,low_confidence_fallback
C:\Users\Lenovo\Desktop\StyleMind\stylemind-cnn-training-pipeline\data\processed_dataset\Blazer\blazer003.jpg,Blazer,embroidered,0.2481,fall,0.232,0.0601,clip
C:\Users\Lenovo\Desktop\StyleMind\stylemind-cnn-training-pipeline\data\processed_dataset\Shorts\shorts073.jpg,Shorts,solid,0.1986,summer,0.1837,0.0314,clip
C:\Users\Lenovo\Desktop\StyleMind\stylemind-cnn-training-pipeline\data\processed_dataset\Blazer\blazer313.jpg,Blazer,checkered,0.2729,fall,0.2318,0.0392,clip
C:\Users\Lenovo\Desktop\StyleMind\stylemind-cnn-training-pipeline\data\processed_dataset\Blazer\blazer133.jpg,Blazer,solid,0.2113,fall,0.194,0.0175,clip
C:\Users\Lenovo\Desktop\StyleMind\stylemind-cnn-training-pipeline\data\processed_dataset\Skirt\skirt329.jpg,Skirt,solid,0.2285,summer,0.2092,0.0229,clip
C:\Users\Lenovo\Desktop\StyleMind\stylemind-cnn-training-pipeline\data\processed_dataset\Top\top315.jpg,Top,floral,0.2545,summer,0.2223,0.0459,clip
C:\Users\Lenovo\Desktop\StyleMind\stylemind-cnn-training-pipeline\data\processed_dataset\Shirt\shirt083.jpg,Shirt,pleated,0.2108,summer,0.2137,0.0178,clip
C:\Users\Lenovo\Desktop\StyleMind\stylemind-cnn-training-pipeline\data\processed_dataset\Shirt\shirt361.jpg,Shirt,striped,0.2504,summer,0.1879,0.0278,clip
C:\Users\Lenovo\Desktop\StyleMind\stylemind-cnn-training-pipeline\data\processed_dataset\Blazer\blazer266.jpg,Blazer,checkered,0.2341,fall,0.2446,0.0439,clip
C:\Users\Lenovo\Desktop\StyleMind\stylemind-cnn-training-pipeline\data\processed_dataset\Shorts\shorts141.jpg,Shorts,solid,0.1731,winter,0.1677,0.0148,clip
C:\Users\Lenovo\Desktop\StyleMind\stylemind-cnn-training-pipeline\data\processed_dataset\Skirt\skirt178.jpg,Skirt,checkered,0.2945,fall,0.2207,0.012,clip
C:\Users\Lenovo\Desktop\StyleMind\stylemind-cnn-training-pipeline\data\processed_dataset\Formal_Pant\formal_pant379.jpg,Formal_Pant,solid,0.1906,all-season,0.1565,0.0094,low_confidence_fallback
C:\Users\Lenovo\Desktop\StyleMind\stylemind-cnn-training-pipeline\data\processed_dataset\Top\top109.jpg,Top,graphic,0.2168,summer,0.2147,0.0686,clip
C:\Users\Lenovo\Desktop\StyleMind\stylemind-cnn-training-pipeline\data\processed_dataset\Shirt\shirt379.jpg,Shirt,solid,0.2521,summer,0.2071,0.023,clip
C:\Users\Lenovo\Desktop\StyleMind\stylemind-cnn-training-pipeline\data\processed_dataset\Shorts\shorts242.jpg,Shorts,solid,0.2163,summer,0.1801,0.0122,clip
C:\Users\Lenovo\Desktop\StyleMind\stylemind-cnn-training-pipeline\data\processed_dataset\Dress\dress078.jpg,Dress,floral,0.2526,all-season,0.1594,0.0028,low_confidence_fallback
C:\Users\Lenovo\Desktop\StyleMind\stylemind-cnn-training-pipeline\data\processed_dataset\Pants\pant427.jpg,Pants,solid,0.2175,all-season,0.1632,0.0006,low_confidence_fallback
C:\Users\Lenovo\Desktop\StyleMind\stylemind-cnn-training-pipeline\data\processed_dataset\Shorts\shorts406.jpg,Shorts,pleated,0.1832,summer,0.1813,0.029,clip
C:\Users\Lenovo\Desktop\StyleMind\stylemind-cnn-training-pipeline\data\processed_dataset\Formal_Pant\formal_pant326.jpg,Formal_Pant,solid,0.2135,all-season,0.177,0.005,low_confidence_fallback
C:\Users\Lenovo\Desktop\StyleMind\stylemind-cnn-training-pipeline\data\processed_dataset\Warmwear\winter319.jpg,Warmwear,embroidered,0.2216,fall,0.2335,0.0326,clip
C:\Users\Lenovo\Desktop\StyleMind\stylemind-cnn-training-pipeline\data\processed_dataset\Pants\pant078.jpg,Pants,checkered,0.2496,winter,0.1845,0.0148,clip
C:\Users\Lenovo\Desktop\StyleMind\stylemind-cnn-training-pipeline\data\processed_dataset\Pants\pant450.jpg,Pants,embroidered,0.1934,summer,0.2044,0.0616,clip
C:\Users\Lenovo\Desktop\StyleMind\stylemind-cnn-training-pipeline\data\processed_dataset\Dress\dress117.jpg,Dress,solid,0.2373,summer,0.2086,0.0251,clip
C:\Users\Lenovo\Desktop\StyleMind\stylemind-cnn-training-pipeline\data\processed_dataset\Skirt\skirt282.jpg,Skirt,pleated,0.206,fall,0.1959,0.0276,clip
C:\Users\Lenovo\Desktop\StyleMind\stylemind-cnn-training-pipeline\data\processed_dataset\Shorts\shorts076.jpg,Shorts,graphic,0.2165,all-season,0.1864,0.0097,low_confidence_fallback
C:\Users\Lenovo\Desktop\StyleMind\stylemind-cnn-training-pipeline\data\processed_dataset\Blazer\blazer104.jpg,Blazer,solid,0.2269,fall,0.2245,0.034,clip
C:\Users\Lenovo\Desktop\StyleMind\stylemind-cnn-training-pipeline\data\processed_dataset\Shirt\shirt117.jpg,Shirt,striped,0.2768,summer,0.229,0.0253,clip
C:\Users\Lenovo\Desktop\StyleMind\stylemind-cnn-training-pipeline\data\processed_dataset\Shirt\shirt317.jpg,Shirt,striped,0.2387,fall,0.1841,0.0121,clip
C:\Users\Lenovo\Desktop\StyleMind\stylemind-cnn-training-pipeline\data\processed_dataset\Skirt\skirt195.jpg,Skirt,checkered,0.2747,summer,0.1959,0.0167,clip
C:\Users\Lenovo\Desktop\StyleMind\stylemind-cnn-training-pipeline\data\processed_dataset\Pants\pant265.jpg,Pants,solid,0.2174,all-season,0.1831,0.0062,low_confidence_fallback
C:\Users\Lenovo\Desktop\StyleMind\stylemind-cnn-training-pipeline\data\processed_dataset\Dress\dress166.jpg,Dress,floral,0.2071,summer,0.1697,0.0408,clip
C:\Users\Lenovo\Desktop\StyleMind\stylemind-cnn-training-pipeline\data\processed_dataset\Dress\dress208.jpg,Dress,solid,0.1898,summer,0.1946,0.0543,clip
C:\Users\Lenovo\Desktop\StyleMind\stylemind-cnn-training-pipeline\data\processed_dataset\Warmwear\winter237.jpg,Warmwear,solid,0.2125,fall,0.1984,0.0205,clip
C:\Users\Lenovo\Desktop\StyleMind\stylemind-cnn-training-pipeline\data\processed_dataset\Warmwear\winter183.jpg,Warmwear,embroidered,0.2225,fall,0.2145,0.0133,clip
C:\Users\Lenovo\Desktop\StyleMind\stylemind-cnn-training-pipeline\data\processed_dataset\Skirt\skirt008.jpg,Skirt,solid,0.2433,summer,0.1751,0.0156,clip
C:\Users\Lenovo\Desktop\StyleMind\stylemind-cnn-training-pipeline\data\processed_dataset\Shorts\shorts139.jpg,Shorts,solid,0.1918,summer,0.1826,0.0317,clip
C:\Users\Lenovo\Desktop\StyleMind\stylemind-cnn-training-pipeline\data\processed_dataset\Top\top006.jpg,Top,pleated,0.2589,summer,0.252,0.0923,clip
C:\Users\Lenovo\Desktop\StyleMind\stylemind-cnn-training-pipeline\data\processed_dataset\Formal_Pant\formal_pant364.jpg,Formal_Pant,solid,0.2042,fall,0.2036,0.0102,clip
C:\Users\Lenovo\Desktop\StyleMind\stylemind-cnn-training-pipeline\data\processed_dataset\Shorts\shorts349.jpg,Shorts,checkered,0.2215,summer,0.2062,0.0548,clip
C:\Users\Lenovo\Desktop\StyleMind\stylemind-cnn-training-pipeline\data\processed_dataset\Blazer\blazer064.jpg,Blazer,solid,0.2181,fall,0.2099,0.0343,clip
C:\Users\Lenovo\Desktop\StyleMind\stylemind-cnn-training-pipeline\data\processed_dataset\Skirt\skirt229.jpg,Skirt,solid,0.2051,all-season,0.1827,0.0031,low_confidence_fallback
C:\Users\Lenovo\Desktop\StyleMind\stylemind-cnn-training-pipeline\data\processed_dataset\Shirt\shirt037.jpg,Shirt,solid,0.2336,summer,0.1849,0.0231,clip
C:\Users\Lenovo\Desktop\StyleMind\stylemind-cnn-training-pipeline\data\processed_dataset\Blazer\blazer250.jpg,Blazer,solid,0.2316,fall,0.2451,0.0209,clip
C:\Users\Lenovo\Desktop\StyleMind\stylemind-cnn-training-pipeline\data\processed_dataset\Top\top253.jpg,Top,striped,0.2775,summer,0.2274,0.0827,clip
C:\Users\Lenovo\Desktop\StyleMind\stylemind-cnn-training-pipeline\data\processed_dataset\Jacket\jacket062.jpg,Jacket,solid,0.2292,all-season,0.2207,0.0031,low_confidence_fallback
C:\Users\Lenovo\Desktop\StyleMind\stylemind-cnn-training-pipeline\data\processed_dataset\Jacket\jacket367.jpg,Jacket,solid,0.2663,summer,0.26,0.0364,clip
C:\Users\Lenovo\Desktop\StyleMind\stylemind-cnn-training-pipeline\data\processed_dataset\Skirt\skirt141.jpg,Skirt,checkered,0.2644,summer,0.2069,0.0533,clip
C:\Users\Lenovo\Desktop\StyleMind\stylemind-cnn-training-pipeline\data\processed_dataset\Dress\dress063.jpg,Dress,pleated,0.2336,summer,0.1995,0.039,clip
C:\Users\Lenovo\Desktop\StyleMind\stylemind-cnn-training-pipeline\data\processed_dataset\Top\top059.jpg,Top,solid,0.2618,summer,0.2263,0.0667,clip
C:\Users\Lenovo\Desktop\StyleMind\stylemind-cnn-training-pipeline\data\processed_dataset\Pants\pant207.jpg,Pants,solid,0.1881,all-season,0.1664,0.0012,low_confidence_fallback
C:\Users\Lenovo\Desktop\StyleMind\stylemind-cnn-training-pipeline\data\processed_dataset\Skirt\skirt202.jpg,Skirt,pleated,0.196,fall,0.1651,0.0109,clip
C:\Users\Lenovo\Desktop\StyleMind\stylemind-cnn-training-pipeline\data\processed_dataset\Formal_Pant\formal_pant378.jpg,Formal_Pant,pleated,0.1972,all-season,0.1535,0.0018,low_confidence_fallback
C:\Users\Lenovo\Desktop\StyleMind\stylemind-cnn-training-pipeline\data\processed_dataset\Blazer\blazer435.jpg,Blazer,floral,0.2061,fall,0.1874,0.0246,clip
C:\Users\Lenovo\Desktop\StyleMind\stylemind-cnn-training-pipeline\data\processed_dataset\Blazer\blazer299.jpg,Blazer,checkered,0.2394,fall,0.2662,0.0359,clip
C:\Users\Lenovo\Desktop\StyleMind\stylemind-cnn-training-pipeline\data\processed_dataset\Pants\pant430.jpg,Pants,solid,0.2059,all-season,0.1723,0.0037,low_confidence_fallback
C:\Users\Lenovo\Desktop\StyleMind\stylemind-cnn-training-pipeline\data\processed_dataset\Jacket\jacket083.jpg,Jacket,striped,0.2345,fall,0.222,0.013,clip
C:\Users\Lenovo\Desktop\StyleMind\stylemind-cnn-training-pipeline\data\processed_dataset\Skirt\skirt052.jpg,Skirt,solid,0.2126,all-season,0.141,0.003,low_confidence_fallback
